city_source,number,street,city,district,region,postcode,longitude,latitude,query_string,task_id,ArcGIS_lat,ArcGIS_lon,ArcGIS_error_km,Geoapify_lat,Geoapify_lon,Geoapify_error_km,GeocodeEarth_lat,GeocodeEarth_lon,GeocodeEarth_error_km,GeocodeFarm_lat,GeocodeFarm_lon,GeocodeFarm_error_km,Geocodify_lat,Geocodify_lon,Geocodify_error_km,Geokeo_lat,Geokeo_lon,Geokeo_error_km,Geolake_lat,Geolake_lon,Geolake_error_km,Gisgraphy_lat,Gisgraphy_lon,Gisgraphy_error_km,LocationIQ_lat,LocationIQ_lon,LocationIQ_error_km,Mapbox_lat,Mapbox_lon,Mapbox_error_km,MapMaker_lat,MapMaker_lon,MapMaker_error_km,MapTiler_lat,MapTiler_lon,MapTiler_error_km,OpenCage_lat,OpenCage_lon,OpenCage_error_km,Nominatim_lat,Nominatim_lon,Nominatim_error_km,Stadia_lat,Stadia_lon,Stadia_error_km,TomTom_lat,TomTom_lon,TomTom_error_km,Photon_lat,Photon_lon,Photon_error_km,GeoNames_lat,GeoNames_lon,GeoNames_error_km,Geocode.xyz_lat,Geocode.xyz_lon,Geocode.xyz_error_km
Hong Kong,167E,TING KOK,,TAI PO DISTRICT,NT,,114.21895,22.47402,"167E TING KOK, TAI PO DISTRICT, Hong Kong",989_Hon,22.4623456,114.1898582,3.261,22.46667,114.21667,0.847,,,,22.47052368,114.2201019,0.405,,,,22.4708706,114.2176993,0.372,,,,22.45920096,114.1800673,4.325,22.4705209,114.2201084,0.405,22.47402,114.218948,0.0,22.4705209,114.2201084,0.405,22.47052097,114.2201084,0.405,22.47285,114.21995,0.165,22.4705209,114.2201084,0.405,,,,22.4736908,114.2309623,1.237,22.4561175,114.1676308,5.642,22.47285,114.21995,0.165,0.0,0.0,12496.864
Hong Kong,142,ELECTRIC ROAD,,WAN CHAI DISTRICT,HK,,114.19177,22.28607,"142 ELECTRIC ROAD, WAN CHAI DISTRICT, Hong Kong",666_Hon,22.2759465,114.168207,2.675,22.28607,114.19177,0.0,22.271264,114.181979,1.925,22.28606365,114.1917819,0.001,22.286069,114.19178,0.001,,,,,,,22.2732043,114.1732483,2.382,22.2860686,114.1917803,0.001,22.286069,114.191772,0.0,22.2860686,114.1917803,0.001,22.286069,114.19178,0.001,22.2860686,114.1917803,0.001,22.2860686,114.1917803,0.001,22.28607,114.19177,0.0,22.2796766,114.1716845,2.188,22.2860686,114.1917803,0.001,,,,0.0,0.0,12497.662
Hong Kong,30,CASTLE PEAK ROAD,,YUEN LONG DISTRICT,NT,,114.03127,22.44421,"30 CASTLE PEAK ROAD, YUEN LONG DISTRICT, Hong Kong",722_Hon,22.4504534,114.0511479,2.16,22.44421,114.03127,0.0,22.444194,114.031291,0.003,22.44423368,114.0312919,0.003,22.444194,114.031291,0.003,,,,,,,,,,22.4442337,114.0312918,0.003,22.44421,114.031272,0.0,22.4442337,114.0312918,0.003,22.48763877,114.0594179,5.614,22.4442337,114.0312918,0.003,22.4442337,114.0312918,0.003,22.444194,114.031291,0.003,22.444193,114.031283,0.002,22.4442337,114.0312918,0.003,,,,0.0,0.0,12478.395
Hong Kong,227,TING KOK,,TAI PO DISTRICT,NT,,114.22269,22.47251,"227 TING KOK, TAI PO DISTRICT, Hong Kong",588_Hon,22.46661996,114.2088512,1.567,22.46667,114.21667,0.896,,,,22.47052368,114.2201019,0.345,,,,,,,,,,22.4728508,114.2199478,0.285,22.4705209,114.2201084,0.345,22.472509,114.222686,0.0,22.4705209,114.2201084,0.345,22.47052097,114.2201084,0.345,22.4705209,114.2201084,0.345,22.4705209,114.2201084,0.345,,,,22.4737731,114.2299326,0.758,22.4561175,114.1676308,5.95,22.47285,114.21995,0.284,0.0,0.0,12497.272
Hong Kong,41A,WANG TOI SHAN SAN TSUEN,,YUEN LONG DISTRICT,NT,,114.09132,22.43963,"41A WANG TOI SHAN SAN TSUEN, YUEN LONG DISTRICT, Hong Kong",261_Hon,22.44397,114.097,0.757,22.44397,114.097,0.757,,,,22.43942368,114.0913019,0.023,,,,22.44981748,113.9928728,10.196,,,,22.44396973,114.0970001,0.757,22.4394237,114.0913054,0.023,22.440759,114.09272,0.191,22.4394237,114.0913054,0.023,22.43956341,114.091927,0.063,22.4394237,114.0913054,0.023,22.4394237,114.0913054,0.023,,,,22.442734,114.089523,0.39,22.4423367,114.0867993,0.554,22.44397,114.097,0.757,0.0,0.0,12484.572
Hong Kong,168,SHA TSUI ROAD,,TSUEN WAN DISTRICT,NT,,114.11223,22.37186,"168 SHA TSUI ROAD, TSUEN WAN DISTRICT, Hong Kong",344_Hon,22.37503516,114.1074502,0.605,,,,22.381131,114.135572,2.614,22.36941367,114.1171719,0.577,22.381131,114.135572,2.614,,,,,,,22.3738226,114.1091122,0.388,22.3726971,114.1112821,0.135,22.37186,114.112228,0.0,22.3677869,114.1201887,0.936,22.37094883,114.1144342,0.248,22.3727172,114.1110721,0.152,22.3740171,114.1086724,0.437,22.381131,114.135572,2.614,22.371884,114.112226,0.003,22.3715461,114.1131589,0.102,,,,0.0,0.0,12487.972
Hong Kong,201C,MAI PO SAN TSUEN,,YUEN LONG DISTRICT,NT,,114.0585,22.48764,"201C MAI PO SAN TSUEN, YUEN LONG DISTRICT, Hong Kong",437_Hon,22.49258,114.06035,0.579,22.4902168,114.0613612,0.41,22.48764,114.0585,0.0,22.48764368,114.0584919,0.001,22.487644,114.0585,0.0,22.4922336,114.0607752,0.56,,,,22.38868315,114.0628538,10.967,22.494252,114.0686874,1.279,22.48764,114.058502,0.0,22.4876436,114.0584998,0.0,22.487644,114.0585,0.0,22.4883778,114.0447865,1.414,22.4883778,114.0447865,1.414,22.48764,114.0585,0.0,22.4363035,114.0151999,7.223,22.494252,114.0686874,1.279,22.49258,114.06035,0.579,0.0,0.0,12480.338
Hong Kong,5,FIRST ST TAI WAI VILLAGE,,SHA TIN DISTRICT,NT,,114.17902,22.37607,"5 FIRST ST TAI WAI VILLAGE, SHA TIN DISTRICT, Hong Kong",772_Hon,22.37462925,114.1739878,0.542,,,,22.388751,114.202644,2.809,22.37567367,114.1789919,0.044,22.375721,114.179101,0.04,22.2760386,114.1454573,11.604,,,,22.37527627,114.1498014,3.01,22.3756791,114.1789909,0.043,22.37607,114.179023,0.0,22.3756791,114.1789909,0.043,22.37572497,114.1787189,0.049,22.3756791,114.1789909,0.043,22.3756791,114.1789909,0.043,22.37607,114.17902,0.0,22.367543,114.183515,1.052,22.3752556,114.1792039,0.092,,,,0.0,0.0,12494.67
Hong Kong,10B,SECOND ST TAI WAI VILLAGE,,SHA TIN DISTRICT,NT,,114.17882,22.37617,"10B SECOND ST TAI WAI VILLAGE, SHA TIN DISTRICT, Hong Kong",848_Hon,22.37462925,114.1739878,0.526,,,,22.388751,114.202644,2.821,22.37602367,114.1787719,0.017,22.376027,114.178774,0.017,22.3992529,114.2065757,3.834,,,,22.37148565,114.1574337,2.263,22.3760257,114.1787738,0.017,22.376169,114.178817,0.0,22.3760257,114.1787738,0.017,22.37572497,114.1787189,0.05,22.3760257,114.1787738,0.017,22.3760257,114.1787738,0.017,22.37617,114.17882,0.0,22.36775223,114.1834643,1.048,22.3760257,114.1787738,0.017,,,,0.0,0.0,12494.648
Hong Kong,113,TAI PO ROAD,,SHAM SHUI PO DISTRICT,KLN,,114.16361,22.33257,"113 TAI PO ROAD, SHAM SHUI PO DISTRICT, Hong Kong",232_Hon,22.32980617,114.1663538,0.417,22.33257,114.16361,0.0,22.330614,114.161252,0.325,22.33259366,114.1635919,0.003,22.332632,114.163652,0.008,22.33425525,114.1686639,0.553,,,,22.41957012,114.1999108,10.334,22.3325924,114.1635959,0.003,22.332569,114.163612,0.0,22.3325924,114.1635959,0.003,22.3381549,114.1607711,0.684,22.3325924,114.1635959,0.003,22.3325924,114.1635959,0.003,22.33257,114.16361,0.0,22.341379,114.16004,1.042,22.3325924,114.1635959,0.003,,,,0.0,0.0,12493.927
Hong Kong,162,TUNG LO WAN ROAD,,WAN CHAI DISTRICT,HK,,114.19236,22.28158,"162 TUNG LO WAN ROAD, WAN CHAI DISTRICT, Hong Kong",628_Hon,22.27914565,114.1917101,0.278,22.28147,114.19215,0.025,22.271264,114.181979,1.565,22.27904365,114.1879219,0.537,22.281554,114.192285,0.008,,,,,,,22.27869969,114.1882997,0.526,22.279049,114.1879275,0.536,22.281579,114.192359,0.0,22.2810355,114.1920174,0.07,22.281624,114.192336,0.005,22.279049,114.1879275,0.536,22.2792239,114.1918709,0.266,22.281554,114.192285,0.008,22.2814708,114.1921474,0.025,22.2816298,114.1923629,0.006,,,,0.0,0.0,12497.807
Hong Kong,121,BAKER STREET,,KOWLOON CITY DISTRICT,KLN,,114.18806,22.3051,"121 BAKER STREET, KOWLOON CITY DISTRICT, Hong Kong",644_Hon,22.30595997,114.1858239,0.249,22.30483,114.18785,0.037,22.317422,114.190002,1.379,22.30517365,114.1876819,0.04,22.305122,114.187108,0.098,,,,,,,22.32728994,114.1892616,2.46,22.3051775,114.1876813,0.04,22.305156,114.187709,0.037,22.3051775,114.1876813,0.04,22.305148,114.187685,0.039,22.3051775,114.1876813,0.04,22.3051775,114.1876813,0.04,22.3051,114.18806,0.0,22.3282936,114.19149,2.593,22.3051775,114.1876813,0.04,,,,0.0,0.0,12496.927
Hong Kong,23G,CHEUNG CHAU PEAK ROAD,,ISLANDS DISTRICT,NT,,114.03285,22.20548,"23G CHEUNG CHAU PEAK ROAD, ISLANDS DISTRICT, Hong Kong",47_Hon,22.2065657,114.030925,0.232,22.20548,114.03285,0.0,22.23157,114.018829,3.231,22.20450364,114.0324519,0.116,22.204532,114.032465,0.112,22.2379654,114.1566884,13.265,,,,22.19903141,114.0209217,1.422,22.2045098,114.0324539,0.115,22.20548,114.032852,0.0,22.2045098,114.0324539,0.115,22.20490812,114.0311603,0.185,22.2045181,114.032458,0.114,22.2045181,114.032458,0.114,22.20548,114.03285,0.0,22.2063221,114.0314126,0.175,22.2021346,114.0259506,0.802,,,,0.0,0.0,12483.027
Hong Kong,12,PENG LEI ROAD,,ISLANDS DISTRICT,NT,,114.03669,22.2877,"12 PENG LEI ROAD, ISLANDS DISTRICT, Hong Kong",566_Hon,22.2891127,114.0352624,0.215,,,,22.288713,114.035925,0.137,22.28795365,114.0366019,0.03,22.289059,114.03343,0.368,,,,,,,22.28795211,114.0366014,0.029,22.2879522,114.0366013,0.029,22.287759,114.036582,0.013,22.2879522,114.0366013,0.029,22.28834676,114.0355155,0.141,22.2879522,114.0366013,0.029,22.2879522,114.0366013,0.029,22.2877,114.03669,0.0,22.289163,114.033737,0.345,22.287076,114.0372434,0.09,,,,0.0,0.0,12481.882
Hong Kong,78,LUK TEI TONG,,ISLANDS DISTRICT,NT,,113.99195,22.26288,"78 LUK TEI TONG, ISLANDS DISTRICT, Hong Kong",695_Hon,22.26274,113.99032,0.169,22.26288,113.99195,0.0,22.23157,114.018829,4.438,22.26281365,113.9913219,0.065,22.23157,114.018829,4.438,,,,,,,22.26273918,113.9903183,0.169,22.2634812,113.9929159,0.12,22.26288,113.99195,0.0,22.2634812,113.9929159,0.12,22.26281448,113.9913277,0.065,22.2634812,113.9929159,0.12,22.2634812,113.9929159,0.12,22.26288,113.99195,0.0,22.2103677,114.0287995,6.946,22.2634812,113.9929159,0.12,22.26274,113.99032,0.169,0.0,0.0,12477.8
Hong Kong,18,FUK WING STREET,,SHAM SHUI PO DISTRICT,KLN,,114.16515,22.33031,"18 FUK WING STREET, SHAM SHUI PO DISTRICT, Hong Kong",358_Hon,22.32910738,114.1661361,0.167,22.33031,114.16514,0.001,22.330614,114.161252,0.403,22.33033366,114.1651619,0.003,22.330312,114.165152,0.0,22.33425525,114.1686639,0.567,,,,22.33031776,114.1651569,0.001,22.3303316,114.1651695,0.003,22.33031,114.165153,0.0,22.3303316,114.1651695,0.003,22.330318,114.165157,0.001,22.3303316,114.1651695,0.003,22.3303316,114.1651695,0.003,22.33031,114.16515,0.0,22.33031,114.16514,0.001,22.3303316,114.1651695,0.003,,,,0.0,0.0,12494.126
Hong Kong,3,TSUI WAN STREET,,EASTERN DISTRICT,HK,,114.24049,22.26826,"3 TSUI WAN STREET, EASTERN DISTRICT, Hong Kong",709_Hon,22.26719755,114.2397035,0.143,22.26782,114.23951,0.112,22.26782,114.23951,0.112,22.26884365,114.2393719,0.132,22.267863,114.240277,0.049,,,,,,,22.26843083,114.2390343,0.151,22.2684256,114.2390246,0.152,22.26782,114.239509,0.112,22.2674286,114.2401609,0.098,22.268068,114.240194,0.037,22.2674286,114.2401609,0.098,22.2674286,114.2401609,0.098,22.26782,114.23951,0.112,22.267222,114.239761,0.137,22.2681241,114.2402855,0.026,,,,0.0,0.0,12502.946
Hong Kong,26,MAI PO SAN TSUEN,,YUEN LONG DISTRICT,NT,,114.06115,22.49361,"26 MAI PO SAN TSUEN, YUEN LONG DISTRICT, Hong Kong",169_Hon,22.49258,114.06035,0.141,22.4807708,114.0592991,1.434,22.49361,114.06115,0.0,22.49186369,114.0605119,0.204,22.49007,114.058946,0.453,22.4922336,114.0607752,0.157,,,,22.38868315,114.0628538,11.621,22.4862028,114.0639476,0.869,22.493499,114.061126,0.013,22.4918644,114.0605123,0.204,22.48978344,114.0589844,0.479,22.4807708,114.0592991,1.434,22.4807708,114.0592991,1.434,22.49361,114.06115,0.0,22.4936165,114.0611634,0.002,22.494252,114.0686874,0.779,22.49258,114.06035,0.141,0.0,0.0,12480.494
Hong Kong,67D,NGAU CHI WAN VILLAGE,,WONG TAI SIN DISTRICT,KLN,,114.20822,22.33598,"67D NGAU CHI WAN VILLAGE, WONG TAI SIN DISTRICT, Hong Kong",5_Hon,22.33544204,114.2092705,0.124,22.33598,114.20822,0.0,,,,22.33535366,114.2095719,0.156,22.335604,114.207905,0.053,22.2766779,114.1610388,8.17,,,,22.33540797,114.2180227,1.012,22.335359,114.209576,0.156,22.335979,114.208221,0.0,22.335359,114.209576,0.156,22.3354568,114.2081447,0.058,22.335359,114.209576,0.156,22.335359,114.209576,0.156,22.33598,114.20822,0.0,22.341624,114.2083488,0.625,22.3360113,114.2086005,0.039,,,,0.0,0.0,12498.391
Hong Kong,33,SAN WAN ROAD,,NORTH DISTRICT,NT,,114.14179,22.49063,"33 SAN WAN ROAD, NORTH DISTRICT, Hong Kong",697_Hon,22.48998456,114.1425637,0.107,,,,22.49063,114.14179,0.0,22.49077368,114.1408919,0.094,22.490772,114.140898,0.093,,,,,,,22.38638694,113.9639774,21.64,22.4907723,114.1408977,0.093,22.490715,114.141337,0.048,22.4907723,114.1408977,0.093,22.490772,114.140898,0.093,22.4907723,114.1408977,0.093,22.4907723,114.1408977,0.093,22.49063,114.14179,0.0,22.490021,114.14195,0.069,22.4907723,114.1408977,0.093,,,,0.0,0.0,12488.726
Hong Kong,136B,MAI PO SAN TSUEN,,YUEN LONG DISTRICT,NT,,114.06076,22.49175,"136B MAI PO SAN TSUEN, YUEN LONG DISTRICT, Hong Kong",893_Hon,22.49258,114.06035,0.101,22.4902168,114.0613612,0.181,22.49175,114.06076,0.0,22.49186369,114.0605119,0.028,22.49007,114.058946,0.264,22.4922336,114.0607752,0.054,,,,22.38868315,114.0628538,11.415,22.494252,114.0686874,0.862,22.49175,114.06076,0.0,22.4918644,114.0605123,0.028,22.48978344,114.0589844,0.284,22.4883778,114.0447865,1.686,22.4883778,114.0447865,1.686,22.49175,114.06076,0.0,22.4363035,114.0151999,7.726,22.494252,114.0686874,0.862,22.49258,114.06035,0.101,0.0,0.0,12480.489
Hong Kong,11,HO MAN TIN HILL ROAD,,KOWLOON CITY DISTRICT,KLN,,114.17622,22.3161,"11 HO MAN TIN HILL ROAD, KOWLOON CITY DISTRICT, Hong Kong",369_Hon,22.31635504,114.1771439,0.099,,,,22.317422,114.190002,1.428,22.31613366,114.1762019,0.004,22.3159738,114.1770152,0.083,22.2793278,114.1628131,4.3,,,,22.31603331,114.1767025,0.05,22.3161359,114.1762062,0.004,22.316099,114.176223,0.0,22.3161359,114.1762062,0.004,22.316123,114.176254,0.004,22.3161359,114.1762062,0.004,22.3161359,114.1762062,0.004,22.3161,114.17622,0.0,22.316131,114.1762629,0.006,22.3160713,114.1762521,0.005,,,,0.0,0.0,12495.518
San Francisco,501,DELANCEY ST,San Francisco,,CA,94107.0,-122.3907988,37.7845442,"501 DELANCEY ST, San Francisco",861_San,37.78521899,-122.390067,0.099,37.7850177,-122.3905255,0.058,37.784544,-122.390799,0.0,37.78489619,-122.390612,0.042,37.78492,-122.39033,0.059,37.78279617,-122.389692,0.217,37.784919,-122.390327,0.059,37.78491008,-122.390713,0.041,37.7848997,-122.3906111,0.043,37.784749,-122.39054,0.032,37.7848997,-122.3906111,0.043,37.784907,-122.3907,0.041,37.7848997,-122.3906111,0.043,37.7848997,-122.3906111,0.043,37.784953,-122.390787,0.045,37.784964,-122.3906555,0.048,37.7848997,-122.3906111,0.043,,,,0.0,0.0,12802.838
Hong Kong,42,GASCOIGNE ROAD,,YAU TSIM MONG DISTRICT,KLN,,114.17271,22.30893,"42 GASCOIGNE ROAD, YAU TSIM MONG DISTRICT, Hong Kong",373_Hon,22.30804795,114.172591,0.098,22.30893,114.17271,0.0,22.299112,114.172197,1.088,22.30598365,114.1782719,0.659,22.299112,114.172197,1.088,,,,,,,22.30733347,114.1737153,0.205,22.3076403,114.172825,0.143,22.308929,114.172706,0.0,22.3078694,114.1727326,0.117,22.30727984,114.174445,0.256,22.306736,114.1751516,0.35,22.306981,114.1744059,0.278,22.299112,114.172197,1.088,22.3213206,114.1725768,1.372,22.3080502,114.1716374,0.147,,,,0.0,0.0,12495.296
Hong Kong,21,POK MAN STREET,,YAU TSIM MONG DISTRICT,KLN,,114.16136,22.31931,"21 POK MAN STREET, YAU TSIM MONG DISTRICT, Hong Kong",64_Hon,22.31944267,114.1604878,0.091,22.31931,114.16136,0.0,22.299112,114.172197,2.5,22.31946366,114.1615019,0.022,22.299112,114.172197,2.5,22.2790972,114.2286665,8.242,,,,22.28371271,114.2129441,6.617,22.3194668,114.1615014,0.023,22.319473,114.161052,0.037,22.3194668,114.1615014,0.023,22.31945593,114.1608885,0.051,22.3194668,114.1615014,0.023,22.3194763,114.1604899,0.092,22.299112,114.172197,2.5,22.31931,114.16136,0.0,22.3194668,114.1615014,0.023,,,,0.0,0.0,12493.949
San Francisco,333,BEALE ST,San Francisco,,CA,94105.0,-122.391992,37.7883255,"333 BEALE ST, San Francisco",160_San,37.78909126,-122.3918317,0.086,37.78792355,-122.3916215,0.055,37.788325,-122.391992,0.0,37.78648619,-122.389962,0.271,37.788326,-122.39199,0.0,37.79178233,-122.3957549,0.507,,,,37.7917821,-122.3957545,0.507,37.788326,-122.39199,0.0,37.78833,-122.39199,0.001,37.7882462,-122.3923175,0.03,37.788326,-122.39199,0.0,37.7882462,-122.3923175,0.03,37.787917,-122.3916133,0.056,37.7883255,-122.391992,0.0,37.788682,-122.391851,0.041,37.7912566,-122.3964864,0.512,,,,0.0,0.0,12802.782
Hong Kong,1,TSING LUK STREET,,KWAI TSING DISTRICT,NT,,114.1041,22.35619,"1 TSING LUK STREET, KWAI TSING DISTRICT, Hong Kong",669_Hon,22.35547472,114.1039372,0.081,22.35453,114.10586,0.258,22.381131,114.135572,4.258,22.35501366,114.1040119,0.131,22.381131,114.135572,4.258,,,,,,,22.35289327,114.1044049,0.366,22.3533971,114.1040931,0.309,22.356541,114.103946,0.042,22.353554,114.1060052,0.352,22.356541,114.104049,0.039,22.353554,114.1060052,0.352,22.353554,114.1060052,0.352,22.381131,114.135572,4.258,22.3560368,114.1045046,0.045,22.3567943,114.103964,0.068,,,,0.0,0.0,12487.441
Hong Kong,35,SAN WAI,,YUEN LONG DISTRICT,NT,,113.99019,22.45141,"35 SAN WAI, YUEN LONG DISTRICT, Hong Kong",393_Hon,22.45185,113.9896,0.078,22.4517008,113.9907184,0.063,,,,22.45170368,113.9907119,0.063,,,,22.44981748,113.9928728,0.328,,,,22.48332977,114.0500031,7.099,22.4517008,113.9907184,0.063,22.45141,113.990188,0.0,22.4517008,113.9907184,0.063,22.45072479,113.9896518,0.094,22.4517008,113.9907184,0.063,22.4517008,113.9907184,0.063,,,,22.4502903,113.991356,0.173,22.4467155,114.0329348,4.43,22.45185,113.9896,0.078,0.0,0.0,12474.092
Hong Kong,98,HOW MING STREET,,KWUN TONG DISTRICT,KLN,,114.22093,22.313,"98 HOW MING STREET, KWUN TONG DISTRICT, Hong Kong",419_Hon,22.31264323,114.2215058,0.071,22.31264,114.22149,0.07,22.311688,114.22427,0.374,22.31264366,114.2214219,0.064,22.312768,114.221298,0.046,22.31270759,114.2230771,0.224,,,,22.31279727,114.2212537,0.04,22.3126444,114.2214258,0.064,22.312999,114.220932,0.0,22.3126444,114.2214258,0.064,22.312785,114.221276,0.043,22.3126444,114.2214258,0.064,22.3126444,114.2214258,0.064,22.313,114.22093,0.0,22.3131676,114.2211782,0.032,22.3126444,114.2214258,0.064,,,,0.0,0.0,12500.115
Hong Kong,16,LA SALLE ROAD,,KOWLOON CITY DISTRICT,KLN,,114.18282,22.32775,"16 LA SALLE ROAD, KOWLOON CITY DISTRICT, Hong Kong",182_Hon,22.32772856,114.1821767,0.066,22.32738,114.18215,0.08,22.317422,114.190002,1.362,22.33320366,114.1817919,0.613,22.327515,114.182664,0.031,22.34180813,114.181033,1.568,,,,22.31616739,114.1882092,1.398,22.3261696,114.1820215,0.193,22.327575,114.182813,0.019,22.3315691,114.1819123,0.433,22.327581,114.182826,0.019,22.3315691,114.1819123,0.433,22.3261696,114.1820215,0.193,22.32776,114.18315,0.034,22.327559,114.182065,0.081,22.3275721,114.1828258,0.02,,,,0.0,0.0,12495.968
Hong Kong,77,LAI CHO ROAD,,KWAI TSING DISTRICT,NT,,114.12802,22.35247,"77 LAI CHO ROAD, KWAI TSING DISTRICT, Hong Kong",335_Hon,22.35267779,114.1286013,0.064,22.35247,114.12802,0.0,22.366685,114.129619,1.583,22.34854366,114.1274319,0.439,22.366685,114.129619,1.583,22.28252009,114.2297109,13.03,,,,22.35164445,114.1183003,1.005,22.3518165,114.1279842,0.072,22.35247,114.128021,0.0,22.3485494,114.127436,0.438,22.35163759,114.1287678,0.12,22.3485494,114.127436,0.438,22.3537376,114.1320933,0.442,22.366685,114.129619,1.583,22.352414,114.128026,0.006,22.3497968,114.1276953,0.298,,,,0.0,0.0,12489.939
Hong Kong,728,KING'S ROAD,,EASTERN DISTRICT,HK,,114.20741,22.29137,"728 KING'S ROAD, EASTERN DISTRICT, Hong Kong",427_Hon,22.29142433,114.207986,0.06,22.29137,114.20741,0.0,22.29137,114.20741,0.0,22.28874365,114.2098819,0.387,22.2915367,114.2079502,0.059,22.29117594,114.208577,0.122,,,,22.27632004,114.1894382,2.492,22.2851761,114.2177969,1.271,22.29137,114.207412,0.0,22.2856496,114.2155593,1.052,22.28796927,114.2049836,0.452,22.2856127,114.21695,1.172,22.2848786,114.2148581,1.052,22.29137,114.20741,0.0,22.2940799,114.2034147,0.509,22.2858383,114.2158722,1.066,,,,0.0,0.0,12499.151
Hong Kong,1,YEE SHING STREET,,EASTERN DISTRICT,HK,,114.23851,22.26462,"1 YEE SHING STREET, EASTERN DISTRICT, Hong Kong",606_Hon,22.26482402,114.2390419,0.059,22.26462,114.23851,0.0,22.26482,114.23878,0.036,22.26467365,114.2389519,0.046,22.264817,114.238779,0.035,,,,,,,22.26507836,114.2395725,0.121,22.2646758,114.2389563,0.046,22.26482,114.238779,0.035,22.2646758,114.2389563,0.046,22.264818,114.238778,0.035,22.2646758,114.2389563,0.046,22.2646758,114.2389563,0.046,22.26502,114.23905,0.071,22.264849,114.238798,0.039,22.2648175,114.2387786,0.035,,,,0.0,0.0,12502.814
Hong Kong,539,NATHAN ROAD,,YAU TSIM MONG DISTRICT,KLN,,114.17031,22.31343,"539 NATHAN ROAD, YAU TSIM MONG DISTRICT, Hong Kong",609_Hon,22.31394844,114.1703612,0.058,22.31343,114.17031,0.0,22.299112,114.172197,1.597,22.32347366,114.1684519,1.129,22.299112,114.172197,1.597,,,,,,,22.32729555,114.258927,9.258,22.3235386,114.1685692,1.134,22.31343,114.17031,0.0,22.3166203,114.1698636,0.356,22.31077121,114.1706364,0.296,22.3172905,114.169843,0.43,22.3166203,114.1698636,0.356,22.299112,114.172197,1.597,22.31343,114.170325,0.002,22.3230171,114.1686806,1.075,22.30734,114.17192,0.694,0.0,0.0,12494.968
Hong Kong,20,MING ON STREET,,KOWLOON CITY DISTRICT,KLN,,114.18601,22.30643,"20 MING ON STREET, KOWLOON CITY DISTRICT, Hong Kong",108_Hon,22.30625466,114.1855391,0.052,22.30615,114.18575,0.041,22.317422,114.190002,1.285,22.30620365,114.1858419,0.03,22.306233,114.185922,0.024,22.32497199,114.1845952,2.058,,,,22.38637195,114.2076285,9.128,22.3062008,114.1858436,0.031,22.30629,114.185882,0.02,22.3062008,114.1858436,0.031,22.306271,114.185895,0.021,22.3062008,114.1858436,0.031,22.3062008,114.1858436,0.031,22.30643,114.18601,0.0,22.3282936,114.19149,2.486,22.3062008,114.1858436,0.031,,,,0.0,0.0,12496.694
Hong Kong,16,CHIK CHUEN STREET,,SHA TIN DISTRICT,NT,,114.17748,22.37624,"16 CHIK CHUEN STREET, SHA TIN DISTRICT, Hong Kong",251_Hon,22.3765149,114.1778417,0.048,22.388751,114.202644,2.939,22.388751,114.202644,2.939,22.37699367,114.1786919,0.15,22.377219,114.179076,0.197,22.41142947,114.2112727,5.224,,,,22.37695186,114.1789576,0.171,22.3766213,114.1778468,0.057,22.376239,114.177482,0.0,22.3766213,114.1778468,0.057,22.37677058,114.1782478,0.099,22.3766213,114.1778468,0.057,22.3766213,114.1778468,0.057,22.37624,114.17748,0.0,22.3705305,114.1977563,2.182,22.3770619,114.1789487,0.177,,,,0.0,0.0,12494.511
Hong Kong,257A,MA YAU TONG,,SAI KUNG DISTRICT,NT,,114.24354,22.3187,"257A MA YAU TONG, SAI KUNG DISTRICT, Hong Kong",68_Hon,22.31879517,114.2431362,0.043,22.3169645,114.2440499,0.199,,,,22.31696366,114.2440419,0.199,,,,22.31308508,114.2624958,2.05,,,,22.31924057,114.2433014,0.065,22.3169645,114.2440499,0.199,22.3187,114.243537,0.0,22.3169645,114.2440499,0.199,22.31696456,114.2440498,0.199,22.3187106,114.243553,0.002,22.3169645,114.2440499,0.199,,,,22.2856472,114.2403257,3.675,22.3187106,114.243553,0.002,,,,0.0,0.0,12502.303
Hong Kong,99,FUK LO TSUN ROAD,,KOWLOON CITY DISTRICT,KLN,,114.18747,22.33101,"99 FUK LO TSUN ROAD, KOWLOON CITY DISTRICT, Hong Kong",783_Hon,22.33064755,114.1875891,0.042,22.33101,114.18747,0.0,22.317422,114.190002,1.527,22.32982366,114.1876519,0.133,22.329067,114.187625,0.216,22.34180813,114.181033,1.367,,,,22.33058367,114.1875215,0.048,22.3298232,114.1876569,0.133,22.33101,114.187469,0.0,22.3298307,114.187657,0.132,22.32905992,114.1876229,0.217,22.3298232,114.1876569,0.133,22.3298232,114.1876569,0.133,22.33101,114.18747,0.0,22.328985,114.187594,0.225,22.3282118,114.1875896,0.31,,,,0.0,0.0,12496.379
Hong Kong,118A,LUK MEI TSUEN,,SAI KUNG DISTRICT,NT,,114.24838,22.35926,"118A LUK MEI TSUEN, SAI KUNG DISTRICT, Hong Kong",840_Hon,22.35900039,114.248105,0.04,22.35863,114.24876,0.08,,,,22.35919366,114.2497519,0.141,,,,22.28119217,114.1661976,12.101,,,,22.35672589,114.2508101,0.376,22.3591953,114.2497524,0.142,22.358996,114.248514,0.032,22.3591953,114.2497524,0.142,22.35800106,114.2499289,0.212,22.3591953,114.2497524,0.142,22.3591953,114.2497524,0.142,,,,22.358998,114.248096,0.041,22.3591953,114.2497524,0.142,,,,0.0,0.0,12502.027
Hong Kong,24A,KAM WING STREET,,WONG TAI SIN DISTRICT,KLN,,114.19554,22.33583,"24A KAM WING STREET, WONG TAI SIN DISTRICT, Hong Kong",565_Hon,22.3359543,114.1951813,0.039,22.33583,114.19554,0.0,22.342573,114.19348,0.776,22.33582366,114.1955219,0.002,22.342573,114.19348,0.776,,,,,,,22.34352206,114.1918512,0.933,22.3358267,114.1955209,0.002,22.33583,114.195541,0.0,22.3358267,114.1955209,0.002,22.335746,114.195742,0.023,22.3358267,114.1955209,0.002,22.3358267,114.1955209,0.002,22.342573,114.19348,0.776,22.344974,114.198063,1.045,22.3359772,114.1951974,0.039,,,,0.0,0.0,12497.107
Hong Kong,153,LOI TUNG,,NORTH DISTRICT,NT,,114.18397,22.52046,"153 LOI TUNG, NORTH DISTRICT, Hong Kong",596_Hon,22.5207526,114.1841741,0.039,22.52071,114.18526,0.136,,,,22.52090369,114.1829019,0.12,,,,,,,22.52071,114.18526,0.136,22.52070999,114.185257,0.135,22.5209768,114.1786657,0.549,22.52046,114.183967,0.0,22.5209768,114.1786657,0.549,22.52084682,114.1833921,0.073,22.5209768,114.1786657,0.549,22.5209768,114.1786657,0.549,,,,22.508346,114.239637,5.882,22.5209768,114.1786657,0.549,22.52071,114.18526,0.136,0.0,0.0,12492.436
Hong Kong,10,TAK MAN STREET,,KOWLOON CITY DISTRICT,KLN,,114.18744,22.306,"10 TAK MAN STREET, KOWLOON CITY DISTRICT, Hong Kong",763_Hon,22.30633074,114.187338,0.038,22.306,114.18744,0.0,22.317422,114.190002,1.292,22.30591365,114.1881219,0.071,22.305991,114.188,0.058,22.32497199,114.1845952,2.121,,,,22.3064745,114.1873541,0.053,22.3059118,114.1881271,0.071,22.305999,114.187438,0.0,22.3059118,114.1881271,0.071,22.30600188,114.1879886,0.057,22.3059118,114.1881271,0.071,22.3059118,114.1881271,0.071,22.306,114.18744,0.0,22.30626,114.187236,0.036,22.3284199,114.2000817,2.804,,,,0.0,0.0,12496.847
San Francisco,988,FULTON ST,San Francisco,,CA,94117.0,-122.4324433,37.7776987,"988 FULTON ST, San Francisco",652_San,37.77803599,-122.432512,0.038,37.77762817,-122.4327913,0.032,37.777699,-122.432443,0.0,37.77728619,-122.434882,0.22,37.778034,-122.43251,0.038,,,,37.778036,-122.432511,0.038,37.77970123,-122.4151077,1.543,37.778034,-122.43251,0.038,37.778038,-122.432511,0.038,37.7776084,-122.4329456,0.045,37.778034,-122.43251,0.038,37.7776282,-122.4327913,0.032,37.7776084,-122.4329456,0.045,37.7776987,-122.4324433,0.0,37.778055,-122.432506,0.04,37.7793627,-122.4514473,1.684,,,,0.0,0.0,12806.53
Hong Kong,44,KWAI FUNG CRESCENT,,KWAI TSING DISTRICT,NT,,114.12565,22.35525,"44 KWAI FUNG CRESCENT, KWAI TSING DISTRICT, Hong Kong",468_Hon,22.35557888,114.1255759,0.037,22.35525,114.12565,0.0,22.381131,114.135572,3.043,22.35586366,114.1246119,0.127,22.381131,114.135572,3.043,,,,,,,22.35545499,114.1246488,0.106,22.3558622,114.1246173,0.126,22.355962,114.125237,0.09,22.3558622,114.1246173,0.126,22.3554399,114.1250674,0.064,22.3558622,114.1246173,0.126,22.3558622,114.1246173,0.126,22.381131,114.135572,3.043,22.355162,114.12569,0.011,22.3558622,114.1246173,0.126,,,,0.0,0.0,12489.646
Hong Kong,1090,KING'S ROAD,,EASTERN DISTRICT,HK,,114.21406,22.28444,"1090 KING'S ROAD, EASTERN DISTRICT, Hong Kong",281_Hon,22.28455747,114.2137273,0.037,22.28444,114.21406,0.0,22.28444,114.21406,0.0,22.28444365,114.2140619,0.0,22.284452,114.214064,0.001,22.29117594,114.208577,0.936,,,,22.27632004,114.1894382,2.692,22.284441,114.2140642,0.0,22.284439,114.214057,0.0,22.284441,114.2140642,0.0,22.284451,114.214064,0.001,22.284441,114.2140642,0.0,22.284441,114.2140642,0.0,22.28442,114.21431,0.026,22.2940799,114.2034147,1.531,22.284441,114.2140642,0.0,,,,0.0,0.0,12499.957
Hong Kong,872,KING'S ROAD,,EASTERN DISTRICT,HK,,114.20908,22.28957,"872 KING'S ROAD, EASTERN DISTRICT, Hong Kong",633_Hon,22.28951058,114.2094367,0.037,22.28957,114.20908,0.0,22.28957,114.20908,0.0,22.28874365,114.2098819,0.123,22.2907803,114.2091862,0.134,,,,,,,22.27632004,114.1894382,2.5,22.2851761,114.2177969,1.022,22.289569,114.209083,0.0,22.2856496,114.2155593,0.796,22.28796927,114.2049836,0.458,22.2852524,114.217153,0.96,22.285307,114.2174573,0.984,22.28957,114.20908,0.0,22.2940799,114.2034147,0.768,22.2858383,114.2158722,0.813,,,,0.0,0.0,12499.354
Hong Kong,70,HO PUI STREET,,TSUEN WAN DISTRICT,NT,,114.11643,22.3681,"70 HO PUI STREET, TSUEN WAN DISTRICT, Hong Kong",399_Hon,22.36831357,114.1161709,0.036,22.3681,114.11643,0.0,22.37066,114.10479,1.232,22.36810366,114.1164319,0.0,22.368083,114.116418,0.002,22.37473561,114.1059012,1.31,,,,22.39629061,114.1933112,8.511,22.3681061,114.1164326,0.001,22.368099,114.116432,0.0,22.3681061,114.1164326,0.001,22.368099,114.11643,0.0,22.3681061,114.1164326,0.001,22.3681061,114.1164326,0.001,22.3681,114.11643,0.0,22.3681268,114.1164434,0.003,22.3681061,114.1164326,0.001,,,,0.0,0.0,12488.469
San Francisco,1324,FITZGERALD AVE,San Francisco,,CA,94124.0,-122.3938594,37.7225767,"1324 FITZGERALD AVE, San Francisco",429_San,37.72284204,-122.3936661,0.034,37.7223175,-122.3936771,0.033,37.722577,-122.393859,0.0,37.71924618,-122.388372,0.609,37.72279,-122.39367,0.029,37.739175,-122.4167091,2.73,37.722697,-122.393508,0.034,32.03549194,-106.6842804,1565.992,37.7162115,-122.3828998,1.197,37.722743,-122.39393,0.019,37.720984,-122.3913315,0.284,37.72279,-122.39367,0.029,37.7192445,-122.388377,0.609,37.720984,-122.3913315,0.284,37.7225767,-122.3938594,0.0,37.7229084,-122.394538,0.07,37.720984,-122.3913315,0.284,,,,0.0,0.0,12805.598
Hong Kong,35A,MA TAU WAI ROAD,,KOWLOON CITY DISTRICT,KLN,,114.188,22.30917,"35A MA TAU WAI ROAD, KOWLOON CITY DISTRICT, Hong Kong",689_Hon,22.3093012,114.1877279,0.032,22.30917,114.188,0.0,22.317422,114.190002,0.937,22.31954366,114.1875119,1.15,22.309082,114.187997,0.01,,,,,,,22.31003468,114.1879851,0.096,22.3159319,114.1877094,0.749,22.309169,114.188003,0.0,22.3075749,114.1872379,0.193,22.31537902,114.187554,0.689,22.3176124,114.1876478,0.936,22.3091186,114.1875638,0.045,22.30917,114.188,0.0,22.327473,114.190743,2.046,22.3232591,114.1868022,1.565,,,,0.0,0.0,12496.844
Hong Kong,2,FA YUEN STREET,,YAU TSIM MONG DISTRICT,KLN,,114.17197,22.316,"2 FA YUEN STREET, YAU TSIM MONG DISTRICT, Hong Kong",902_Hon,22.31572727,114.1719168,0.031,22.316,114.17197,0.0,22.299112,114.172197,1.87,22.32325366,114.1703219,0.821,22.299112,114.172197,1.87,22.29064797,114.1988182,3.941,,,,22.31663976,114.1715866,0.081,22.325699,114.1698196,1.097,22.316017,114.171789,0.019,22.3232576,114.1703263,0.821,22.315983,114.17195,0.003,22.317671,114.1714958,0.191,22.3232576,114.1703263,0.821,22.299112,114.172197,1.87,22.315962,114.171952,0.005,22.3160164,114.1719472,0.003,,,,0.0,0.0,12495.088
Hong Kong,314,CANTON ROAD,,YAU TSIM MONG DISTRICT,KLN,,114.16831,22.30354,"314 CANTON ROAD, YAU TSIM MONG DISTRICT, Hong Kong",460_Hon,22.30380709,114.1682168,0.031,22.30354,114.16831,0.0,22.299112,114.172197,0.633,22.30737365,114.1683919,0.425,22.299112,114.172197,0.633,,,,,,,22.32729555,114.258927,9.7,22.3073825,114.1683945,0.426,22.303539,114.168312,0.0,22.3073798,114.1683938,0.425,22.3092392,114.1679486,0.632,22.3070478,114.1683104,0.388,22.3070478,114.1683104,0.388,22.299112,114.172197,0.633,22.3213206,114.1725768,2.017,22.3185636,114.16705,1.669,22.29925,114.16852,0.476,0.0,0.0,12494.951
Hong Kong,10,BROOM ROAD,,WAN CHAI DISTRICT,HK,,114.18783,22.26458,"10 BROOM ROAD, WAN CHAI DISTRICT, Hong Kong",377_Hon,22.26444266,114.188074,0.029,22.26458,114.18783,0.0,22.271264,114.181979,0.955,22.26436365,114.1885219,0.075,22.2643292,114.1877426,0.029,22.2641339,114.1888651,0.118,,,,22.2732043,114.1732483,1.781,22.2644078,114.1888435,0.106,22.279356,114.16255,3.077,22.2644078,114.1888435,0.106,22.26436952,114.1881707,0.042,22.2644078,114.1888435,0.106,22.2643667,114.1885224,0.075,22.26458,114.18783,0.0,22.2796766,114.1716845,2.359,22.2779234,114.1796423,1.702,,,,0.0,0.0,12497.667
Hong Kong,981C,KING'S ROAD,,EASTERN DISTRICT,HK,,114.21101,22.28658,"981C KING'S ROAD, EASTERN DISTRICT, Hong Kong",408_Hon,22.28657565,114.2107403,0.028,22.28658,114.21101,0.0,22.28658,114.21101,0.0,22.28874365,114.2098819,0.266,22.2866,114.21102,0.002,22.2882165,114.1942451,1.737,,,,22.27632004,114.1894382,2.497,22.2851761,114.2177969,0.716,22.286579,114.211013,0.0,22.2856496,114.2155593,0.48,22.286597,114.211058,0.005,22.2856127,114.21695,0.621,22.285307,114.2174573,0.679,22.28658,114.21101,0.0,22.2940799,114.2034147,1.141,22.2858383,114.2158722,0.508,,,,0.0,0.0,12499.607
Hong Kong,74,YUK WAH STREET,,WONG TAI SIN DISTRICT,KLN,,114.20281,22.34705,"74 YUK WAH STREET, WONG TAI SIN DISTRICT, Hong Kong",340_Hon,22.34713994,114.2025707,0.027,22.34705,114.20281,0.0,22.342573,114.19348,1.081,22.34726366,114.2009419,0.194,22.342573,114.19348,1.081,22.3356675,114.1979886,1.355,,,,22.34352206,114.1918512,1.195,22.3472664,114.2009457,0.194,22.347049,114.202812,0.0,22.3472664,114.2009457,0.194,22.34718367,114.2028346,0.015,22.3472664,114.2009459,0.194,22.3472664,114.2009459,0.194,22.342573,114.19348,1.081,22.3463693,114.1977512,0.527,22.3475041,114.2028408,0.05,,,,0.0,0.0,12497.633
Hong Kong,53,SUNG KIT STREET,,KOWLOON CITY DISTRICT,KLN,,114.18891,22.31162,"53 SUNG KIT STREET, KOWLOON CITY DISTRICT, Hong Kong",524_Hon,22.31147555,114.188701,0.027,22.31162,114.18891,0.0,22.317422,114.190002,0.652,22.31171366,114.1886319,0.03,22.3114496,114.1886258,0.035,,,,,,,22.3117198,114.1886347,0.03,22.311719,114.1886359,0.03,22.31162,114.188911,0.0,22.311719,114.1886359,0.03,22.31171914,114.1886358,0.03,22.311719,114.1886359,0.03,22.311719,114.1886359,0.03,22.31162,114.18891,0.0,22.3282936,114.19149,1.865,22.311719,114.1886359,0.03,,,,0.0,0.0,12496.891
Hong Kong,186,PRINCE EDWARD ROAD WEST,,YAU TSIM MONG DISTRICT,KLN,,114.17201,22.32487,"186 PRINCE EDWARD ROAD WEST, YAU TSIM MONG DISTRICT, Hong Kong",151_Hon,22.32482816,114.1722552,0.026,,,,22.299112,114.172197,2.852,22.32486366,114.1720219,0.001,22.299112,114.172197,2.852,,,,,,,22.32378387,114.1668401,0.546,22.3248668,114.1720244,0.002,22.324869,114.172012,0.0,22.3248668,114.1720244,0.002,22.324872,114.172019,0.001,22.3248668,114.1720244,0.002,22.3248668,114.1720244,0.002,22.299112,114.172197,2.852,22.324877,114.172014,0.001,22.3247909,114.1719982,0.009,,,,0.0,0.0,12494.925
Hong Kong,3,KWONG WA STREET,,YAU TSIM MONG DISTRICT,KLN,,114.17276,22.31636,"3 KWONG WA STREET, YAU TSIM MONG DISTRICT, Hong Kong",242_Hon,22.31620441,114.1729531,0.026,22.31636,114.17276,0.0,22.299112,114.172197,1.911,22.31632366,114.1727919,0.005,22.299112,114.172197,1.911,22.3182672,114.168125,0.522,,,,22.31633462,114.1727982,0.005,22.3163296,114.1727904,0.005,22.31636,114.17276,0.0,22.3163296,114.1727904,0.005,22.316343,114.172804,0.005,22.3163296,114.1727904,0.005,22.3163296,114.1727904,0.005,22.299112,114.172197,1.911,22.2990131,114.1545358,2.686,22.3164265,114.1728838,0.015,,,,0.0,0.0,12495.162
San Francisco,737,FOLSOM ST,San Francisco,,CA,94107.0,-122.3998009,37.7829199,"737 FOLSOM ST, San Francisco",586_San,37.78268576,-122.3997469,0.026,37.78284964,-122.3999676,0.017,37.78292,-122.399801,0.0,37.78273619,-122.400332,0.051,37.78292,-122.3998,0.0,,,,37.78292,-122.399801,0.0,37.7876407,-122.3939839,0.733,37.78292,-122.3998,0.0,37.78292,-122.3998,0.0,37.7828496,-122.3999676,0.017,37.78292,-122.3998,0.0,37.7828496,-122.3999676,0.017,37.7828496,-122.3999676,0.017,37.7829199,-122.3998009,0.0,37.7827782,-122.3998676,0.017,37.7875978,-122.3940631,0.725,,,,0.0,0.0,12803.642
Hong Kong,2B,PAK SHE SIXTH LANE,,ISLANDS DISTRICT,NT,,114.02753,22.21138,"2B PAK SHE SIXTH LANE, ISLANDS DISTRICT, Hong Kong",598_Hon,22.21121252,114.0277031,0.026,22.21138,114.02753,0.0,22.21138,114.02753,0.0,22.21132364,114.0275619,0.007,22.211321,114.027563,0.007,,,,,,,22.2113218,114.0275637,0.007,22.2113218,114.0275637,0.007,22.21138,114.027526,0.0,22.2113218,114.0275637,0.007,22.21132105,114.0275641,0.007,22.2113218,114.0275637,0.007,22.2113218,114.0275637,0.007,22.21138,114.02753,0.0,22.2116361,114.0274978,0.029,22.2113218,114.0275637,0.007,,,,0.0,0.0,12482.376
Hong Kong,11,TAI HO ROAD,,TSUEN WAN DISTRICT,NT,,114.1171,22.37247,"11 TAI HO ROAD, TSUEN WAN DISTRICT, Hong Kong",299_Hon,22.37266229,114.1171985,0.024,,,,22.381131,114.135572,2.13,22.37086367,114.1137319,0.39,22.381131,114.135572,2.13,22.37095741,114.1148747,0.284,,,,22.37422322,114.1030093,1.464,22.3708616,114.1137395,0.389,22.372173,114.11602,0.116,22.3708616,114.1137395,0.389,22.37071254,114.1141079,0.364,22.3708616,114.1137395,0.389,22.3708616,114.1137395,0.389,22.381131,114.135572,2.13,22.37247,114.1171,0.0,22.348893,114.0579633,6.627,,,,0.0,0.0,12488.454
Hong Kong,6,SHUNG WAH STREET,,WONG TAI SIN DISTRICT,KLN,,114.19805,22.34624,"6 SHUNG WAH STREET, WONG TAI SIN DISTRICT, Hong Kong",653_Hon,22.34634596,114.1978469,0.024,22.34624,114.19805,0.0,22.342573,114.19348,0.622,22.34639366,114.1987719,0.076,22.342573,114.19348,0.622,,,,,,,22.34352206,114.1918512,0.706,22.346456,114.1978405,0.032,22.346239,114.198051,0.0,22.345964,114.1992769,0.13,22.3462911,114.198507,0.047,22.345964,114.1992769,0.13,22.346456,114.1978405,0.032,22.342573,114.19348,0.622,22.3463745,114.1978835,0.023,22.3459742,114.1995468,0.157,,,,0.0,0.0,12497.165
San Francisco,101,CRESCENT WAY,San Francisco,,CA,94134.0,-122.3892531,37.7110825,"101 CRESCENT WAY, San Francisco",679_San,37.71092301,-122.3894,0.022,37.7109212,-122.3895869,0.034,37.711083,-122.389253,0.0,37.71092618,-122.389582,0.034,37.711082,-122.38925,0.0,,,,37.710919,-122.389249,0.018,37.71126175,-122.390831,0.141,37.7109212,-122.3895869,0.034,37.71103,-122.38925,0.006,37.7109212,-122.3895869,0.034,37.710926,-122.389273,0.017,37.7109212,-122.3895869,0.034,37.7109212,-122.3895869,0.034,37.710904,-122.389259,0.02,37.7109026,-122.3895828,0.035,37.7109212,-122.3895869,0.034,,,,0.0,0.0,12805.685
Hong Kong,56,KWAI CHEONG ROAD,,KWAI TSING DISTRICT,NT,,114.13261,22.36348,"56 KWAI CHEONG ROAD, KWAI TSING DISTRICT, Hong Kong",320_Hon,22.36333002,114.1327416,0.021,22.36348,114.13261,0.0,22.366685,114.129619,0.47,22.36348366,114.1326119,0.0,22.366685,114.129619,0.47,22.361653,114.1318669,0.216,,,,22.3634887,114.1326116,0.001,22.3634889,114.1326115,0.001,22.363479,114.132606,0.0,22.3634889,114.1326115,0.001,22.36313146,114.1328781,0.047,22.3634889,114.1326115,0.001,22.3634889,114.1326115,0.001,22.366685,114.129619,0.47,22.3485193,114.1138863,2.542,22.3634889,114.1326115,0.001,,,,0.0,0.0,12490.198
Hong Kong,12,BEACON HILL ROAD,,KOWLOON CITY DISTRICT,KLN,,114.17333,22.34076,"12 BEACON HILL ROAD, KOWLOON CITY DISTRICT, Hong Kong",503_Hon,22.3407969,114.1731439,0.02,22.34076,114.17333,0.0,22.317422,114.190002,3.103,22.34361366,114.1759319,0.414,22.3408204,114.1731258,0.022,,,,,,,22.31616739,114.1882092,3.125,22.3403289,114.1734558,0.049,22.340759,114.173332,0.0,22.3403289,114.1734558,0.049,22.3415451,114.1746386,0.16,22.3403289,114.1734558,0.049,22.3432497,114.1755542,0.358,22.34076,114.17333,0.0,22.340769,114.173334,0.001,22.3389848,114.1765859,0.389,,,,0.0,0.0,12494.759
Hong Kong,204,PORTLAND STREET,,YAU TSIM MONG DISTRICT,KLN,,114.16928,22.31717,"204 PORTLAND STREET, YAU TSIM MONG DISTRICT, Hong Kong",459_Hon,22.31731301,114.1691605,0.02,22.31717,114.16928,0.0,22.299112,114.172197,2.022,22.31233366,114.1702019,0.544,22.299112,114.172197,2.022,,,,,,,22.37359623,114.1702406,6.249,22.3172221,114.1691148,0.018,22.317169,114.169281,0.0,22.3172221,114.1691148,0.018,22.31912551,114.168747,0.223,22.3136851,114.1698623,0.391,22.321319,114.1682901,0.471,22.299112,114.172197,2.022,22.3213206,114.1725768,0.572,22.3171567,114.1693013,0.003,,,,0.0,0.0,12494.793
Hong Kong,254,ELECTRIC ROAD,,EASTERN DISTRICT,HK,,114.19397,22.28943,"254 ELECTRIC ROAD, EASTERN DISTRICT, Hong Kong",962_Hon,22.28936416,114.1937847,0.02,22.28927,114.19382,0.024,22.28943,114.19397,0.0,22.28804365,114.1924919,0.216,22.289373,114.193908,0.009,22.28824403,114.192356,0.212,,,,22.28942299,114.1939672,0.001,22.288042,114.192498,0.216,22.28943,114.193969,0.0,22.288042,114.192498,0.216,22.289422,114.193965,0.001,22.288042,114.192498,0.216,22.2875414,114.1920398,0.289,22.28943,114.19397,0.0,22.28953,114.19405,0.014,22.2894313,114.1939737,0.0,,,,0.0,0.0,12497.823
San Francisco,351,TURK ST,San Francisco,,CA,94102.0,-122.4147843,37.7826099,"351 TURK ST, San Francisco",816_San,37.7824561,-122.4147027,0.019,37.78256799,-122.4151711,0.034,37.78261,-122.414784,0.0,37.78271619,-122.414722,0.013,37.782608,-122.41479,0.001,37.7778681,-122.4579561,3.839,37.78261,-122.414784,0.0,37.78206253,-122.4205551,0.512,37.782608,-122.41479,0.001,37.782545,-122.414781,0.007,37.7826055,-122.4148734,0.008,37.782608,-122.41479,0.001,37.782568,-122.4151711,0.034,37.7826055,-122.4148734,0.008,37.7826099,-122.4147843,0.0,37.7822724,-122.4144976,0.045,37.7811299,-122.4289252,1.256,,,,0.0,0.0,12804.883
Hong Kong,244,TUNG CHOI STREET,,YAU TSIM MONG DISTRICT,KLN,,114.16938,22.32581,"244 TUNG CHOI STREET, YAU TSIM MONG DISTRICT, Hong Kong",904_Hon,22.32565639,114.169333,0.018,22.32581,114.16938,0.0,22.299112,114.172197,2.971,22.32583366,114.1693819,0.003,22.299112,114.172197,2.971,22.3182672,114.168125,0.845,,,,22.32670296,114.1692022,0.101,22.325831,114.1693843,0.002,22.325809,114.16938,0.0,22.325831,114.1693843,0.002,22.325827,114.169387,0.002,22.325831,114.1693843,0.002,22.325831,114.1693843,0.002,22.299112,114.172197,2.971,22.29545,114.181258,3.578,22.325831,114.1693843,0.002,,,,0.0,0.0,12494.64
Hong Kong,93,SHANGHAI STREET,,YAU TSIM MONG DISTRICT,KLN,,114.16908,22.30525,"93 SHANGHAI STREET, YAU TSIM MONG DISTRICT, Hong Kong",76_Hon,22.30538034,114.1691802,0.018,22.30525,114.16908,0.0,22.299112,114.172197,0.752,22.30524365,114.1691719,0.009,,,,22.3182672,114.168125,1.445,,,,22.37359623,114.1702406,7.569,22.305247,114.169173,0.01,22.30525,114.169082,0.0,22.305247,114.169173,0.01,22.31376307,114.1689365,0.943,22.305247,114.169173,0.01,22.305247,114.169173,0.01,22.299112,114.172197,0.752,22.3213206,114.1725768,1.816,22.305247,114.169173,0.01,,,,0.0,0.0,12494.997
Hong Kong,77,BLUE POOL ROAD,,WAN CHAI DISTRICT,HK,,114.1896,22.26475,"77 BLUE POOL ROAD, WAN CHAI DISTRICT, Hong Kong",735_Hon,22.26460709,114.1896565,0.017,22.26453,114.1898,0.032,22.271264,114.181979,1.066,22.26177365,114.1905019,0.342,22.264661,114.189737,0.017,,,,,,,22.2732043,114.1732483,1.928,22.2644163,114.1889533,0.076,22.264837,114.189541,0.011,22.268439,114.1874401,0.465,22.264794,114.189608,0.005,22.261773,114.1905046,0.343,22.2645074,114.1888555,0.081,22.26475,114.1896,0.0,22.2648261,114.189569,0.009,22.2649053,114.189519,0.019,,,,0.0,0.0,12497.843
San Francisco,400,BEALE ST,San Francisco,,CA,94105.0,-122.390987,37.7870388,"400 BEALE ST, San Francisco",956_San,37.78718131,-122.3910483,0.017,37.7869613,-122.3909591,0.009,37.787039,-122.390987,0.0,37.78695619,-122.390952,0.01,37.787037,-122.39098,0.001,37.79178233,-122.3957549,0.673,37.787039,-122.390987,0.0,37.7917821,-122.3957545,0.673,37.7869613,-122.3909591,0.009,37.786973,-122.390955,0.008,37.7869577,-122.3909587,0.009,37.786931,-122.390927,0.013,37.7869613,-122.3909591,0.009,37.7869613,-122.3909591,0.009,37.7870388,-122.390987,0.0,37.786905,-122.39092,0.016,37.7869613,-122.3909591,0.009,,,,0.0,0.0,12802.752
Hong Kong,10,LUNG MEI,,TAI PO DISTRICT,NT,,114.22945,22.47265,"10 LUNG MEI, TAI PO DISTRICT, Hong Kong",526_Hon,22.47277,114.22937,0.016,22.47433,114.2312,0.259,,,,22.47259368,114.2291919,0.027,,,,,,,,,,22.47277069,114.2293701,0.016,22.47259,114.2291905,0.028,22.47265,114.229446,0.0,22.47259,114.2291905,0.028,22.47259025,114.2291903,0.028,22.47259,114.2291905,0.028,22.47259,114.2291905,0.028,,,,22.4737422,114.2311688,0.214,22.4710484,114.2275867,0.261,22.47277,114.22937,0.016,0.0,0.0,12497.955
Hong Kong,142,SHAU KEI WAN ROAD,,EASTERN DISTRICT,HK,,114.22229,22.28126,"142 SHAU KEI WAN ROAD, EASTERN DISTRICT, Hong Kong",990_Hon,22.28137204,114.2223687,0.015,22.28126,114.22229,0.0,22.28126,114.22229,0.0,22.28331365,114.2208719,0.27,22.281281,114.222301,0.003,22.2790972,114.2286665,0.699,,,,,,,22.2833967,114.2209908,0.272,22.281259,114.22229,0.0,22.2833191,114.2208777,0.271,22.281257,114.222294,0.001,22.2833191,114.2208777,0.271,22.2833191,114.2208777,0.271,22.28126,114.22229,0.0,22.281279,114.222312,0.003,22.281261,114.222291,0.0,,,,0.0,0.0,12500.852
Hong Kong,645,SHANGHAI STREET,,YAU TSIM MONG DISTRICT,KLN,,114.16782,22.31986,"645 SHANGHAI STREET, YAU TSIM MONG DISTRICT, Hong Kong",372_Hon,22.31996889,114.1678869,0.014,22.31986,114.16782,0.0,22.299112,114.172197,2.341,22.31174366,114.1696419,0.918,22.299112,114.172197,2.341,22.3182672,114.168125,0.179,,,,22.37359623,114.1702406,5.956,22.3061518,114.1694322,1.527,22.31986,114.167812,0.001,22.3154797,114.1688816,0.497,22.31376307,114.1689365,0.685,22.3154797,114.1688816,0.497,22.319819,114.1679814,0.017,22.299112,114.172197,2.341,22.3213206,114.1725768,0.516,22.3198695,114.1677944,0.003,,,,0.0,0.0,12494.594
Hong Kong,520,SHANGHAI STREET,,YAU TSIM MONG DISTRICT,KLN,,114.16871,22.31719,"520 SHANGHAI STREET, YAU TSIM MONG DISTRICT, Hong Kong",323_Hon,22.31721682,114.1685773,0.014,22.31719,114.16871,0.0,22.299112,114.172197,2.034,22.31717366,114.1686119,0.01,22.299112,114.172197,2.034,22.3182672,114.168125,0.134,,,,22.37359623,114.1702406,6.248,22.3171771,114.1686197,0.009,22.31719,114.168708,0.0,22.3171771,114.1686197,0.009,22.317177,114.16862,0.009,22.3171771,114.1686197,0.009,,,,22.299112,114.172197,2.034,22.3213206,114.1725768,0.607,22.3171771,114.1686197,0.009,,,,0.0,0.0,12494.735
Hong Kong,77,SAU MING ROAD,,KWUN TONG DISTRICT,KLN,,114.23201,22.32067,"77 SAU MING ROAD, KWUN TONG DISTRICT, Hong Kong",762_Hon,22.32071936,114.2318799,0.014,22.32067,114.23201,0.0,22.311688,114.22427,1.275,22.32085366,114.2317719,0.032,22.32085,114.23171,0.037,22.31554537,114.2336333,0.592,,,,22.31960734,114.2311321,0.148,22.3208577,114.231775,0.032,22.320669,114.232009,0.0,22.3208577,114.231775,0.032,22.32081,114.231807,0.026,22.3208577,114.231775,0.032,22.3208577,114.231775,0.032,22.32067,114.23201,0.0,22.3207724,114.2319466,0.013,22.3208577,114.231775,0.032,,,,0.0,0.0,12501.095
Hong Kong,8,MAN YING STREET,,YAU TSIM MONG DISTRICT,KLN,,114.16703,22.30721,"8 MAN YING STREET, YAU TSIM MONG DISTRICT, Hong Kong",804_Hon,22.30712331,114.1669282,0.014,,,,22.299112,114.172197,1.043,22.30715365,114.1669219,0.013,22.299112,114.172197,1.043,22.2790972,114.2286665,7.073,,,,22.28371271,114.2129441,5.4,22.3071565,114.166925,0.012,22.30721,114.16703,0.0,22.3071565,114.166925,0.012,22.307157,114.166925,0.012,22.3071565,114.166925,0.012,22.3071565,114.166925,0.012,22.299112,114.172197,1.043,22.3213206,114.1725768,1.664,22.3071565,114.166925,0.012,,,,0.0,0.0,12494.752
Hong Kong,36A,CAMERON ROAD,,YAU TSIM MONG DISTRICT,KLN,,114.17452,22.29903,"36A CAMERON ROAD, YAU TSIM MONG DISTRICT, Hong Kong",842_Hon,22.2991561,114.1745345,0.014,22.29903,114.17452,0.0,22.299112,114.172197,0.24,22.29926365,114.1747719,0.037,22.299112,114.172197,0.24,22.2623529,114.1751576,4.062,,,,22.32729555,114.258927,9.243,22.299264,114.1747736,0.037,22.29903,114.174522,0.0,22.299264,114.1747736,0.037,22.29900917,114.1737946,0.075,22.2990853,114.1745423,0.007,22.299264,114.1747736,0.037,22.299112,114.172197,0.24,22.3213206,114.1725768,2.476,22.3185636,114.16705,2.296,,,,0.0,0.0,12495.667
Hong Kong,37,WATERLOO ROAD,,YAU TSIM MONG DISTRICT,KLN,,114.17341,22.31613,"37 WATERLOO ROAD, YAU TSIM MONG DISTRICT, Hong Kong",947_Hon,22.31613241,114.1735316,0.013,22.31613,114.17341,0.0,22.299112,114.172197,1.889,22.31235366,114.1674519,0.743,22.299112,114.172197,1.889,22.33968513,114.1799886,2.695,,,,22.32729555,114.258927,8.897,22.3142348,114.1721978,0.244,22.313046,114.1712,0.41,22.3127949,114.169803,0.524,22.32770863,114.1769699,1.334,22.3128402,114.1700342,0.504,22.3167569,114.1740582,0.096,22.299112,114.172197,1.889,22.3213206,114.1725768,0.581,22.3123731,114.1707938,0.496,,,,0.0,0.0,12495.232
Hong Kong,4,FUK WA STREET,,SHAM SHUI PO DISTRICT,KLN,,114.16639,22.32859,"4 FUK WA STREET, SHAM SHUI PO DISTRICT, Hong Kong",42_Hon,22.3284821,114.1664275,0.013,,,,22.330614,114.161252,0.575,22.32951366,114.1649519,0.18,22.33123,114.162738,0.476,,,,,,,22.37460327,114.2739143,12.191,22.3318795,114.1618966,0.589,22.32859,114.166389,0.0,22.3308936,114.1631775,0.418,22.33201763,114.1617089,0.614,22.3308938,114.1631772,0.418,22.3308938,114.1631772,0.418,22.32859,114.16639,0.0,22.32859,114.16639,0.0,22.3318026,114.1622972,0.552,,,,0.0,0.0,12494.284
Hong Kong,200,MA TAU WAI ROAD,,KOWLOON CITY DISTRICT,KLN,,114.18739,22.31309,"200 MA TAU WAI ROAD, KOWLOON CITY DISTRICT, Hong Kong",960_Hon,22.31309733,114.1875187,0.013,22.31309,114.18739,0.0,22.317422,114.190002,0.55,22.31311366,114.1873319,0.007,22.313078,114.187329,0.006,22.3250121,114.1888435,1.329,,,,22.3194278,114.187762,0.703,22.3131191,114.1873351,0.007,22.313089,114.187393,0.0,22.3131191,114.1873351,0.007,22.313105,114.187343,0.005,22.3131191,114.1873351,0.007,22.3131191,114.1873351,0.007,22.31309,114.18739,0.0,22.3130964,114.1873952,0.001,22.3131191,114.1873351,0.007,,,,0.0,0.0,12496.709
Hong Kong,157,KING'S ROAD,,EASTERN DISTRICT,HK,,114.19341,22.2885,"157 KING'S ROAD, EASTERN DISTRICT, Hong Kong",302_Hon,22.28842501,114.1935103,0.013,22.2885,114.19341,0.0,22.2885,114.19341,0.0,22.28850365,114.1934119,0.0,22.288505,114.19341,0.001,22.28850515,114.1934101,0.001,,,,22.27632004,114.1894382,1.409,22.2885052,114.1934101,0.001,22.288499,114.193412,0.0,22.2885052,114.1934101,0.001,22.288505,114.19341,0.001,22.2885052,114.1934101,0.001,22.2885052,114.1934101,0.001,22.2885,114.19341,0.0,22.2940799,114.2034147,1.202,22.2885052,114.1934101,0.001,,,,0.0,0.0,12497.783
Hong Kong,929,CANTON ROAD,,YAU TSIM MONG DISTRICT,KLN,,114.1677,22.31566,"929 CANTON ROAD, YAU TSIM MONG DISTRICT, Hong Kong",381_Hon,22.31569601,114.1678085,0.012,22.31566,114.1677,0.0,22.299112,114.172197,1.89,22.30737365,114.1683919,0.92,22.299112,114.172197,1.89,22.30025923,114.167536,1.705,,,,22.32729555,114.258927,9.487,22.3073825,114.1683945,0.919,22.31566,114.167701,0.0,22.3073798,114.1683938,0.92,22.315687,114.167716,0.003,22.3070478,114.1683104,0.956,22.3070478,114.1683104,0.956,22.299112,114.172197,1.89,22.3213206,114.1725768,0.803,22.3156865,114.1677164,0.003,22.29925,114.16852,1.819,0.0,0.0,12494.661
Hong Kong,64,WO YI HOP ROAD,,KWAI TSING DISTRICT,NT,,114.13904,22.36734,"64 WO YI HOP ROAD, KWAI TSING DISTRICT, Hong Kong",491_Hon,22.36742407,114.1389695,0.012,22.36734,114.13904,0.0,22.366685,114.129619,0.973,22.37561367,114.1363719,0.957,22.366685,114.129619,0.973,,,,,,,22.36725207,114.138014,0.106,22.3652424,114.1357812,0.408,22.36734,114.139038,0.0,22.3756128,114.1363793,0.956,22.37264845,114.1368241,0.631,22.3702724,114.1380013,0.342,22.3664226,114.1375988,0.18,22.366685,114.129619,0.973,22.36734,114.139027,0.001,22.3702672,114.1378672,0.346,,,,0.0,0.0,12490.778
San Francisco,1945,HYDE ST,San Francisco,,CA,94109.0,-122.41916,37.798835,"1945 HYDE ST, San Francisco",863_San,37.79882843,-122.4192996,0.012,37.7988227,-122.419216,0.005,37.798835,-122.41916,0.0,37.79882619,-122.419212,0.005,37.798836,-122.41916,0.0,37.8035004,-122.4216801,0.563,37.798835,-122.41916,0.0,37.77882996,-122.4148938,2.252,37.7988227,-122.419216,0.005,37.798827,-122.419203,0.004,37.7988227,-122.419216,0.005,37.798835,-122.419219,0.005,37.7988227,-122.419216,0.005,37.7988227,-122.419216,0.005,37.798877,-122.419251,0.009,37.798827,-122.419267,0.009,37.7988227,-122.419216,0.005,37.80751,-122.42074,0.973,0.0,0.0,12804.584
San Francisco,2194,GREEN ST,San Francisco,,CA,94123.0,-122.4351331,37.7962943,"2194 GREEN ST, San Francisco",907_San,37.79639382,-122.4351897,0.012,37.79626594,-122.4351104,0.004,37.796294,-122.435133,0.0,37.79730619,-122.426322,0.784,37.796295,-122.435135,0.0,37.80660073,-122.4391319,1.197,37.796401,-122.435178,0.012,32.03467178,-106.6869812,1571.932,37.796295,-122.435135,0.0,37.796346,-122.435154,0.006,37.7962659,-122.4351104,0.004,37.796295,-122.435135,0.0,37.7962659,-122.4351104,0.004,37.7962659,-122.4351104,0.004,37.7962943,-122.4351331,0.0,37.7962171,-122.4352457,0.013,37.7459123,-122.4993195,7.953,,,,0.0,0.0,12805.996
San Francisco,1057,VALENCIA ST,San Francisco,,CA,94110.0,-122.4206751,37.756026,"1057 VALENCIA ST, San Francisco",73_San,37.75603056,-122.4208043,0.011,37.7560335,-122.4207674,0.008,37.756026,-122.420675,0.0,37.75603619,-122.420762,0.008,37.756027,-122.42068,0.0,,,,,,,32.03365326,-106.6912308,1568.958,37.7560335,-122.4207674,0.008,37.756028,-122.420677,0.0,37.7560335,-122.4207674,0.008,37.756028,-122.420772,0.009,37.7560335,-122.4207674,0.008,37.7560335,-122.4207674,0.008,37.756017,-122.420766,0.008,37.7560194,-122.4208178,0.013,37.7560335,-122.4207674,0.008,,,,0.0,0.0,12806.444
Hong Kong,449,KING'S ROAD,,EASTERN DISTRICT,HK,,114.20095,22.29152,"449 KING'S ROAD, EASTERN DISTRICT, Hong Kong",667_Hon,22.29142311,114.2009348,0.011,22.29152,114.20095,0.0,22.29152,114.20095,0.0,22.28874365,114.2098819,0.97,22.291859,114.202248,0.139,,,,,,,22.27632004,114.1894382,2.059,22.2851761,114.2177969,1.873,22.291519,114.20095,0.0,22.2856496,114.2155593,1.64,22.291917,114.202229,0.139,22.2856127,114.21695,1.774,22.2848786,114.2148581,1.611,22.29152,114.20095,0.0,22.2940799,114.2034147,0.381,22.2919407,114.2022234,0.139,,,,0.0,0.0,12498.492
Hong Kong,84,LAI CHI KOK ROAD,,YAU TSIM MONG DISTRICT,KLN,,114.16627,22.32438,"84 LAI CHI KOK ROAD, YAU TSIM MONG DISTRICT, Hong Kong",269_Hon,22.32428682,114.1662645,0.01,22.32438,114.16627,0.0,22.299112,114.172197,2.864,22.32436366,114.1663219,0.006,22.299112,114.172197,2.864,22.25535372,114.1396245,8.122,,,,22.33565502,114.1450282,2.519,22.3243604,114.1663271,0.006,22.32438,114.166267,0.0,22.3243604,114.1663271,0.006,22.33141787,114.1553461,1.369,22.3243604,114.1663271,0.006,22.3243604,114.1663271,0.006,22.299112,114.172197,2.864,22.324383,114.166292,0.002,22.3243604,114.1663271,0.006,,,,0.0,0.0,12494.351
Hong Kong,2,KING'S PARK HILL ROAD,,YAU TSIM MONG DISTRICT,KLN,,114.17463,22.31199,"2 KING'S PARK HILL ROAD, YAU TSIM MONG DISTRICT, Hong Kong",616_Hon,22.3120782,114.1745945,0.01,22.31199,114.17463,0.0,22.299112,114.172197,1.448,22.31201366,114.1746319,0.003,22.299112,114.172197,1.448,,,,,,,22.3120188,114.1746348,0.003,22.3120188,114.1746348,0.003,22.31199,114.174629,0.0,22.3120188,114.1746348,0.003,22.312019,114.174635,0.003,22.3120188,114.1746348,0.003,22.3120188,114.1746348,0.003,22.299112,114.172197,1.448,22.311984,114.174635,0.001,22.3120188,114.1746348,0.003,,,,0.0,0.0,12495.434
Hong Kong,94,CHUNG ON STREET,,TSUEN WAN DISTRICT,NT,,114.11678,22.36947,"94 CHUNG ON STREET, TSUEN WAN DISTRICT, Hong Kong",614_Hon,22.36947777,114.1166865,0.01,22.36947,114.11678,0.0,22.37066,114.10479,1.242,22.36949367,114.1167719,0.003,22.369493,114.11679,0.003,,,,,,,22.37048141,114.1198108,0.332,22.3694998,114.1167733,0.003,22.36947,114.116783,0.0,22.3694998,114.1167733,0.003,22.37008766,114.1169989,0.072,22.3694998,114.1167733,0.003,22.3694998,114.1167733,0.003,22.36947,114.11678,0.0,22.3694815,114.1167438,0.004,22.3694998,114.1167733,0.003,,,,0.0,0.0,12488.478
Hong Kong,52,BULKELEY STREET,,KOWLOON CITY DISTRICT,KLN,,114.18349,22.30807,"52 BULKELEY STREET, KOWLOON CITY DISTRICT, Hong Kong",757_Hon,22.30816052,114.183512,0.01,22.30807,114.18349,0.0,22.317422,114.190002,1.234,22.30799365,114.1838819,0.041,22.3064344,114.1864075,0.351,22.32497199,114.1845952,1.875,,,,22.32728994,114.1892616,2.21,22.3079918,114.1838881,0.042,22.308069,114.183486,0.0,22.3079918,114.1838881,0.042,22.30689847,114.1863162,0.319,22.3079918,114.1838881,0.042,22.3063442,114.1865509,0.369,22.30807,114.18349,0.0,22.3282936,114.19149,2.386,22.3063442,114.1865509,0.369,,,,0.0,0.0,12496.407
San Francisco,1980,WASHINGTON ST,San Francisco,,CA,94109.0,-122.4258744,37.792959,"1980 WASHINGTON ST, San Francisco",333_San,37.79299463,-122.4259747,0.01,37.7929435,-122.4260342,0.014,37.792959,-122.425874,0.0,37.79294619,-122.426032,0.014,37.792957,-122.42587,0.0,37.80085752,-122.4100237,1.648,37.792959,-122.425874,0.0,37.14267349,-113.626152,781.498,37.7929435,-122.4260342,0.014,37.792959,-122.425874,0.0,37.7929435,-122.4260342,0.014,37.792972,-122.425941,0.006,37.7929435,-122.4260342,0.014,37.7929435,-122.4260342,0.014,37.792959,-122.4258744,0.0,37.792975,-122.4258926,0.002,37.7929435,-122.4260342,0.014,14.28356,120.9003,11257.739,0.0,0.0,12805.373
San Francisco,1572,CHESTNUT ST,San Francisco,,CA,94123.0,-122.4292215,37.8019966,"1572 CHESTNUT ST, San Francisco",768_San,37.80190643,-122.4292058,0.01,37.8019086,-122.4292121,0.01,37.801997,-122.429221,0.0,37.80190619,-122.429212,0.01,37.802,-122.42922,0.0,37.7999053,-122.4425316,1.195,37.801997,-122.429222,0.0,32.03467178,-106.6869812,1571.649,37.8019086,-122.4292121,0.01,37.801999,-122.42922,0.0,37.8019086,-122.4292121,0.01,37.802,-122.42922,0.0,37.8019086,-122.4292121,0.01,37.8019086,-122.4292121,0.01,37.801911,-122.429242,0.01,37.8018899,-122.4292155,0.012,37.8019086,-122.4292121,0.01,,,,0.0,0.0,12805.28
San Francisco,1218,48TH AVE,San Francisco,,CA,94122.0,-122.5079727,37.7636519,"1218 48TH AVE, San Francisco",296_San,37.76364673,-122.5080907,0.01,37.7636664,-122.5080771,0.009,37.763652,-122.507973,0.0,37.76366619,-122.508072,0.009,37.763653,-122.50797,0.0,37.739175,-122.4167091,8.489,37.763652,-122.507973,0.0,37.76365395,-122.5080758,0.009,37.7636664,-122.5080771,0.009,37.76365,-122.50807,0.009,37.7636664,-122.5080771,0.009,37.763654,-122.508075,0.009,37.7636664,-122.5080771,0.009,37.7636664,-122.5080771,0.009,37.763657,-122.508086,0.01,37.7636557,-122.5080614,0.008,37.7636664,-122.5080771,0.009,,,,0.0,0.0,12813.294
San Francisco,1760,BUSH ST,San Francisco,,CA,94109.0,-122.4263883,37.7881409,"1760 BUSH ST, San Francisco",833_San,37.7882148,-122.4264556,0.01,37.7882075,-122.4264239,0.008,37.788141,-122.426388,0.0,37.78820619,-122.426422,0.008,37.78814,-122.42639,0.0,37.79097579,-122.4000617,2.34,37.788141,-122.426388,0.0,37.13880466,-113.6259955,781.592,37.7882075,-122.4264239,0.008,37.788162,-122.426401,0.003,37.7882075,-122.4264239,0.008,37.78818,-122.426446,0.007,37.7882075,-122.4264239,0.008,37.7882075,-122.4264239,0.008,37.7881409,-122.4263883,0.0,37.7882036,-122.4265638,0.017,37.7882075,-122.4264239,0.008,,,,0.0,0.0,12805.61
San Francisco,478,LOS PALMOS DR,San Francisco,,CA,94127.0,-122.4524925,37.7346825,"478 LOS PALMOS DR, San Francisco",777_San,37.73459522,-122.4524892,0.01,37.7345842,-122.4525139,0.011,,,,37.73458618,-122.452512,0.011,37.734684,-122.45249,0.0,37.73602993,-122.4493574,0.314,37.734683,-122.452493,0.0,37.73458804,-122.452515,0.011,37.7345842,-122.4525139,0.011,37.734681,-122.452491,0.0,37.7345842,-122.4525139,0.011,37.734587,-122.452515,0.011,37.7345842,-122.4525139,0.011,37.7345842,-122.4525139,0.011,37.734597,-122.452514,0.01,37.734599,-122.4524557,0.01,37.7345842,-122.4525139,0.011,,,,0.0,0.0,12809.92
Hong Kong,203,SHANGHAI STREET,,YAU TSIM MONG DISTRICT,KLN,,114.16982,22.30823,"203 SHANGHAI STREET, YAU TSIM MONG DISTRICT, Hong Kong",401_Hon,22.30821324,114.1699075,0.009,22.30823,114.16982,0.0,22.299112,114.172197,1.039,22.30825365,114.1698419,0.003,22.299112,114.172197,1.039,22.3182672,114.168125,1.125,,,,22.37359623,114.1702406,7.238,22.3082549,114.1698444,0.004,22.308229,114.169822,0.0,22.3082549,114.1698444,0.004,22.308254,114.169835,0.003,22.3082549,114.1698444,0.004,22.3082549,114.1698444,0.004,22.299112,114.172197,1.039,22.3213206,114.1725768,1.477,22.3082549,114.1698444,0.004,,,,0.0,0.0,12495.016
San Francisco,61,HANCOCK ST,San Francisco,,CA,94114.0,-122.4295639,37.7601684,"61 HANCOCK ST, San Francisco",727_San,37.76024502,-122.4295698,0.009,37.760245,-122.4295876,0.009,37.760168,-122.429564,0.0,37.76024619,-122.429582,0.009,37.76017,-122.429565,0.0,,,,37.760168,-122.429564,0.0,32.03490829,-106.686676,1570.162,37.760245,-122.4295876,0.009,37.76017,-122.429562,0.0,37.760245,-122.4295876,0.009,37.760239,-122.429584,0.008,37.760245,-122.4295876,0.009,37.760245,-122.4295876,0.009,37.760226,-122.429592,0.007,37.7602995,-122.4295677,0.015,37.760245,-122.4295876,0.009,,,,0.0,0.0,12807.005
San Francisco,1928,MCALLISTER ST,San Francisco,,CA,94115.0,-122.443879,37.7773799,"1928 MCALLISTER ST, San Francisco",983_San,37.77729976,-122.4438645,0.009,37.7773235,-122.4438751,0.006,37.77738,-122.443879,0.0,37.77732619,-122.443872,0.006,37.777378,-122.44388,0.0,37.7803283,-122.4208286,2.057,37.77738,-122.443879,0.0,47.12179744,-115.9075923,1167.978,37.7773235,-122.4438751,0.006,37.77738,-122.443879,0.0,37.7773235,-122.4438751,0.006,37.777302,-122.443868,0.009,37.7773235,-122.4438751,0.006,37.7773235,-122.4438751,0.006,37.777286,-122.443867,0.01,37.7772511,-122.443816,0.015,37.7773235,-122.4438751,0.006,,,,0.0,0.0,12807.481
Hong Kong,312,RECLAMATION STREET,,YAU TSIM MONG DISTRICT,KLN,,114.16865,22.31494,"312 RECLAMATION STREET, YAU TSIM MONG DISTRICT, Hong Kong",593_Hon,22.31497192,114.1685815,0.008,22.31494,114.16865,0.0,22.299112,114.172197,1.79,22.31495366,114.1686419,0.002,22.299112,114.172197,1.79,,,,,,,22.31496646,114.1686534,0.003,22.3149579,114.168643,0.002,22.314939,114.168647,0.0,22.3149579,114.168643,0.002,22.314966,114.16865,0.003,22.3149579,114.168643,0.002,22.3149579,114.168643,0.002,22.299112,114.172197,1.79,22.314949,114.168667,0.002,22.3149579,114.168643,0.002,,,,0.0,0.0,12494.771
Hong Kong,306,SHANGHAI STREET,,YAU TSIM MONG DISTRICT,KLN,,114.16986,22.3113,"306 SHANGHAI STREET, YAU TSIM MONG DISTRICT, Hong Kong",549_Hon,22.31132087,114.169783,0.008,22.3113,114.16986,0.0,22.299112,114.172197,1.371,22.31130366,114.1698619,0.0,22.299112,114.172197,1.371,,,,,,,22.37359623,114.1702406,6.898,22.3113066,114.1698634,0.001,22.3113,114.16986,0.0,22.3113066,114.1698634,0.001,22.311307,114.169856,0.001,22.3113066,114.1698634,0.001,22.3113066,114.1698634,0.001,22.299112,114.172197,1.371,22.31131,114.169872,0.002,22.3113066,114.1698634,0.001,,,,0.0,0.0,12494.962
Hong Kong,14B,TRIANGLE STREET,,WAN CHAI DISTRICT,HK,,114.17461,22.27639,"14B TRIANGLE STREET, WAN CHAI DISTRICT, Hong Kong",487_Hon,22.27638794,114.1745278,0.008,22.27639,114.17461,0.0,22.271264,114.181979,0.948,22.27637365,114.1744619,0.015,22.276378,114.17446,0.016,,,,,,,22.37334672,114.1066752,12.816,22.2763761,114.1744605,0.015,22.27639,114.174606,0.0,22.2763761,114.1744605,0.015,22.27637458,114.174462,0.015,22.2763761,114.1744605,0.015,22.2763761,114.1744605,0.015,22.27639,114.17461,0.0,22.2763847,114.1745917,0.002,22.2729501,114.1738292,0.389,,,,0.0,0.0,12496.102
San Francisco,1658,23RD AVE,San Francisco,,CA,94122.0,-122.4806129,37.7566965,"1658 23RD AVE, San Francisco",432_San,37.7566942,-122.4807063,0.008,37.75670496,-122.4808399,0.02,37.756696,-122.480613,0.0,37.76430619,-122.481492,0.848,37.756695,-122.48061,0.0,37.739175,-122.4167091,5.958,37.756697,-122.480613,0.0,37.7544918,-122.403066,6.838,37.756695,-122.48061,0.0,37.756698,-122.480611,0.0,37.756705,-122.4808399,0.02,37.756695,-122.48061,0.0,37.756705,-122.4808399,0.02,37.756705,-122.4808399,0.02,37.7566965,-122.4806129,0.0,37.7566638,-122.4806204,0.004,37.757786,-122.4810404,0.127,,,,0.0,0.0,12811.333
San Francisco,20,TIFFANY AVE,San Francisco,,CA,94110.0,-122.4207745,37.7460977,"20 TIFFANY AVE, San Francisco",413_San,37.74609398,-122.42086,0.008,37.74620933,-122.4206567,0.016,37.746098,-122.420774,0.0,37.74521618,-122.421212,0.105,37.746098,-122.42078,0.0,37.739175,-122.4167091,0.848,37.746172,-122.42072,0.01,32.03526688,-106.6850967,1569.031,37.746098,-122.42078,0.0,37.746134,-122.420746,0.005,37.7452151,-122.4212128,0.105,37.746098,-122.42078,0.0,37.7461012,-122.4208424,0.006,37.7461012,-122.4208424,0.006,37.7460977,-122.4207745,0.0,37.7460949,-122.420858,0.007,37.7461012,-122.4208424,0.006,,,,0.0,0.0,12806.855
San Francisco,280,SPEAR ST,San Francisco,,CA,94105.0,-122.3915355,37.7903248,"280 SPEAR ST, San Francisco",910_San,37.79027202,-122.391466,0.008,37.79029561,-122.3913992,0.012,37.790325,-122.391536,0.0,37.79318619,-122.394882,0.433,37.790325,-122.39153,0.0,37.7912946,-122.3935011,0.204,37.790325,-122.391536,0.0,37.72738988,-122.3593977,7.538,37.790325,-122.39153,0.0,37.790177,-122.391551,0.016,37.7902956,-122.3913992,0.012,37.790325,-122.39153,0.0,37.7902956,-122.3913992,0.012,37.7902956,-122.3913992,0.012,37.7903248,-122.3915355,0.0,37.7901158,-122.3911361,0.042,37.789462,-122.3902228,0.15,,,,0.0,0.0,12802.664
San Francisco,4601,25TH ST,San Francisco,,CA,94114.0,-122.4406355,37.7490711,"4601 25TH ST, San Francisco",651_San,37.74914449,-122.4406512,0.008,37.7491648,-122.4406752,0.011,37.749071,-122.440635,0.0,37.74916618,-122.440672,0.011,37.74907,-122.440636,0.0,,,,37.749071,-122.440636,0.0,37.78913116,-122.4855576,5.953,37.7491648,-122.4406752,0.011,37.74907,-122.440639,0.0,37.7491648,-122.4406752,0.011,37.749155,-122.440656,0.009,37.7491648,-122.4406752,0.011,37.7491648,-122.4406752,0.011,37.749147,-122.440653,0.009,37.749141,-122.4406361,0.008,37.7491648,-122.4406752,0.011,,,,0.0,0.0,12808.363
San Francisco,1263,47TH AVE,San Francisco,,CA,94122.0,-122.5075059,37.7629155,"1263 47TH AVE, San Francisco",56_San,37.76292983,-122.5074145,0.008,37.7629263,-122.5073964,0.01,37.762915,-122.507506,0.0,37.76292619,-122.507392,0.01,37.762917,-122.50751,0.0,37.739175,-122.4167091,8.424,37.762916,-122.507506,0.0,37.76292625,-122.5073965,0.01,37.7629263,-122.5073964,0.01,37.762919,-122.507509,0.0,37.7629263,-122.5073964,0.01,37.762926,-122.507397,0.01,37.7629263,-122.5073964,0.01,37.7629263,-122.5073964,0.01,37.762911,-122.507393,0.01,37.7629209,-122.5074035,0.009,37.7629263,-122.5073964,0.01,,,,0.0,0.0,12813.285
San Francisco,608,LAKEVIEW AVE,San Francisco,,CA,94112.0,-122.4564639,37.7184392,"608 LAKEVIEW AVE, San Francisco",567_San,37.71836384,-122.4564635,0.008,37.7183702,-122.4564723,0.008,37.718439,-122.456464,0.0,37.71837618,-122.456472,0.007,37.71844,-122.45647,0.001,,,,37.718439,-122.456464,0.0,32.03508152,-106.6847771,1571.041,37.7183702,-122.4564723,0.008,37.71836,-122.45647,0.009,37.7183702,-122.4564723,0.008,37.71836,-122.456472,0.009,37.7183702,-122.4564723,0.008,37.7183702,-122.4564723,0.008,37.718337,-122.456474,0.011,37.7183625,-122.4564629,0.009,37.7183702,-122.4564723,0.008,,,,0.0,0.0,12810.905
San Francisco,131,MADRID ST,San Francisco,,CA,94112.0,-122.4282428,37.7272044,"131 MADRID ST, San Francisco",603_San,37.72724329,-122.4283203,0.008,37.7272404,-122.4283267,0.008,37.727204,-122.428243,0.0,37.72724618,-122.428322,0.008,37.727203,-122.428246,0.0,,,,37.727204,-122.428243,0.0,32.03490829,-106.686676,1568.855,37.7272404,-122.4283267,0.008,37.727202,-122.428241,0.0,37.7272404,-122.4283267,0.008,37.727234,-122.428306,0.006,37.7272404,-122.4283267,0.008,37.7272404,-122.4283267,0.008,37.727234,-122.428303,0.006,37.727204,-122.428243,0.0,37.7272404,-122.4283267,0.008,,,,0.0,0.0,12808.233
San Francisco,963,KEY AVE,San Francisco,,CA,94124.0,-122.395482,37.7183144,"963 KEY AVE, San Francisco",541_San,37.7183801,-122.3954413,0.008,37.7183732,-122.395452,0.007,37.718314,-122.395482,0.0,37.71837618,-122.395452,0.007,37.718315,-122.395485,0.0,,,,37.718314,-122.395482,0.0,32.03539814,-106.6844904,1565.96,37.7183732,-122.395452,0.007,37.718314,-122.395482,0.0,37.7183732,-122.395452,0.007,37.718373,-122.395452,0.007,37.7183732,-122.395452,0.007,37.7183732,-122.395452,0.007,37.718386,-122.39545,0.008,37.7183751,-122.3954244,0.008,37.7183732,-122.395452,0.007,,,,0.0,0.0,12805.904
San Francisco,1500,15TH AVE,San Francisco,,CA,94122.0,-122.4722256,37.7597914,"1500 15TH AVE, San Francisco",739_San,37.75985799,-122.4722477,0.008,37.759791,-122.472226,0.0,37.759791,-122.472226,0.0,37.75981619,-122.472262,0.004,37.759792,-122.47223,0.0,37.739175,-122.4167091,5.401,37.759791,-122.472226,0.0,37.75878905,-122.4717001,0.121,37.7598165,-122.4722676,0.005,37.759791,-122.472228,0.0,37.7598165,-122.4722676,0.005,37.759792,-122.47223,0.0,37.7598165,-122.4722676,0.005,37.7598165,-122.4722676,0.005,37.759852,-122.47225,0.007,37.759791,-122.472226,0.0,37.7598165,-122.4722676,0.005,,,,0.0,0.0,12810.519
Hong Kong,7B,HI SHI ROAD,,ISLANDS DISTRICT,NT,,114.02975,22.20533,"7B HI SHI ROAD, ISLANDS DISTRICT, Hong Kong",929_Hon,22.20535072,114.0296872,0.007,,,,22.23157,114.018829,3.116,22.20528364,114.0297019,0.007,22.205282,114.029702,0.007,22.24424949,114.1572393,13.832,,,,22.43574795,114.0202314,25.534,22.2052824,114.029702,0.007,22.205329,114.029747,0.0,22.2052824,114.029702,0.007,22.20528097,114.0297019,0.007,22.2052824,114.029702,0.007,22.2052824,114.029702,0.007,22.20533,114.02975,0.0,22.2054474,114.0296853,0.015,22.2052824,114.029702,0.007,,,,0.0,0.0,12482.714
Hong Kong,102,WOOSUNG STREET,,YAU TSIM MONG DISTRICT,KLN,,114.17042,22.30586,"102 WOOSUNG STREET, YAU TSIM MONG DISTRICT, Hong Kong",493_Hon,22.30586495,114.1703495,0.007,22.30586,114.17042,0.0,22.299112,114.172197,0.769,22.30585365,114.1704219,0.001,22.299112,114.172197,0.769,,,,,,,22.30585675,114.1704214,0.0,22.3058568,114.1704214,0.0,22.30586,114.170417,0.0,22.3058568,114.1704214,0.0,22.305864,114.170378,0.004,22.3058568,114.1704214,0.0,22.3058568,114.1704214,0.0,22.299112,114.172197,0.769,22.3213206,114.1725768,1.726,22.3058568,114.1704214,0.0,,,,0.0,0.0,12495.122
San Francisco,11,BRIGHT ST,San Francisco,,CA,94132.0,-122.4638724,37.7109748,"11 BRIGHT ST, San Francisco",767_San,37.71093621,-122.4638068,0.007,37.7109315,-122.4638195,0.007,37.710932,-122.463819,0.007,37.71093618,-122.463812,0.007,37.710932,-122.463819,0.007,37.72147783,-122.4637864,1.166,37.710975,-122.463872,0.0,37.7109315,-122.4638195,0.007,37.7109315,-122.4638195,0.007,37.710966,-122.463799,0.007,37.7109315,-122.4638195,0.007,37.710932,-122.46382,0.007,37.7109315,-122.4638195,0.007,37.7109315,-122.4638195,0.007,37.710932,-122.463819,0.007,37.710975,-122.463872,0.0,37.7109315,-122.4638195,0.007,,,,0.0,0.0,12811.815
San Francisco,1451,SACRAMENTO ST,San Francisco,,CA,94109.0,-122.4167676,37.7917647,"1451 SACRAMENTO ST, San Francisco",305_San,37.7918287,-122.4167781,0.007,37.7918496,-122.416805,0.01,37.791765,-122.416768,0.0,37.79184619,-122.416802,0.01,37.791763,-122.41677,0.0,37.7885743,-122.4439266,2.418,37.791765,-122.416768,0.0,37.7914238,-122.4230042,0.551,37.7918496,-122.416805,0.01,37.791763,-122.416769,0.0,37.7918496,-122.416805,0.01,37.791842,-122.416803,0.009,37.7918496,-122.416805,0.01,37.7918496,-122.416805,0.01,37.791814,-122.416789,0.006,37.7917757,-122.416771,0.001,37.7918496,-122.416805,0.01,,,,0.0,0.0,12804.674
San Francisco,1822,33RD AVE,San Francisco,,CA,94122.0,-122.4911111,37.7531066,"1822 33RD AVE, San Francisco",969_San,37.75310326,-122.4911907,0.007,37.7531043,-122.4911986,0.008,37.753107,-122.491111,0.0,37.75310619,-122.491192,0.007,37.753105,-122.49111,0.0,37.739175,-122.4167091,6.737,37.753107,-122.491111,0.0,37.75310438,-122.4911986,0.008,37.7531043,-122.4911986,0.008,37.753108,-122.49111,0.0,37.7531043,-122.4911986,0.008,37.753104,-122.491199,0.008,37.7531043,-122.4911986,0.008,37.7531043,-122.4911986,0.008,37.753104,-122.491199,0.008,37.753107,-122.491111,0.0,37.7531043,-122.4911986,0.008,,,,0.0,0.0,12812.34
San Francisco,1227,SAN BRUNO AVE,San Francisco,,CA,94110.0,-122.4040907,37.7535373,"1227 SAN BRUNO AVE, San Francisco",168_San,37.75354394,-122.404171,0.007,37.75355,-122.4041679,0.007,37.753537,-122.404091,0.0,37.75355619,-122.404162,0.007,37.753536,-122.40409,0.0,,,,,,,32.03483809,-106.6858918,1567.869,37.75355,-122.4041679,0.007,37.753539,-122.40409,0.0,37.75355,-122.4041679,0.007,37.753536,-122.40409,0.0,37.75355,-122.4041679,0.007,37.75355,-122.4041679,0.007,37.753532,-122.40417,0.007,37.753537,-122.404091,0.0,37.75355,-122.4041679,0.007,,,,0.0,0.0,12805.184
San Francisco,369,PRINCETON ST,San Francisco,,CA,94134.0,-122.4146677,37.7251458,"369 PRINCETON ST, San Francisco",39_San,37.72513579,-122.4147501,0.007,37.7251353,-122.4147457,0.007,37.725146,-122.414668,0.0,37.72513618,-122.414742,0.007,37.725147,-122.414665,0.0,37.72978405,-122.4164926,0.539,37.725146,-122.414668,0.0,32.03468884,-106.6867775,1567.653,37.7251353,-122.4147457,0.007,37.725148,-122.414669,0.0,37.7251353,-122.4147457,0.007,37.725135,-122.414746,0.007,37.7251353,-122.4147457,0.007,37.7251353,-122.4147457,0.007,37.725133,-122.414727,0.005,37.7250944,-122.4147755,0.011,37.7251353,-122.4147457,0.007,,,,0.0,0.0,12807.202
San Francisco,1307,GILMAN AVE,San Francisco,,CA,94124.0,-122.3941118,37.7213175,"1307 GILMAN AVE, San Francisco",467_San,37.72137579,-122.3940763,0.007,37.7213744,-122.3940755,0.007,37.721317,-122.394112,0.0,37.72137618,-122.394072,0.007,37.721317,-122.39411,0.0,,,,37.721318,-122.394112,0.0,32.03552055,-106.684185,1565.974,37.7213744,-122.3940755,0.007,37.72132,-122.39411,0.0,37.7213744,-122.3940755,0.007,37.721374,-122.394076,0.007,37.7213744,-122.3940755,0.007,37.7213744,-122.3940755,0.007,37.721374,-122.394075,0.007,37.721379,-122.394061,0.008,37.7213744,-122.3940755,0.007,,,,0.0,0.0,12805.67
San Francisco,1182,HOLLISTER AVE,San Francisco,,CA,94124.0,-122.3937842,37.7207936,"1182 HOLLISTER AVE, San Francisco",462_San,37.72074358,-122.3938317,0.007,37.720771,-122.3938437,0.006,37.720794,-122.393784,0.0,37.72077618,-122.393842,0.005,37.720795,-122.39378,0.0,,,,37.720794,-122.393784,0.0,32.03493355,-106.6856529,1565.836,37.720771,-122.3938437,0.006,37.720794,-122.393784,0.0,37.720771,-122.3938437,0.006,37.720764,-122.393847,0.006,37.720771,-122.3938437,0.006,37.720771,-122.3938437,0.006,37.720779,-122.393847,0.006,37.7207249,-122.3938407,0.009,37.720771,-122.3938437,0.006,,,,0.0,0.0,12805.664
San Francisco,2170,48TH AVE,San Francisco,,CA,94116.0,-122.5067408,37.745979,"2170 48TH AVE, San Francisco",856_San,37.74597906,-122.5068211,0.007,37.7459763,-122.5067979,0.005,37.745979,-122.506741,0.0,37.74597618,-122.506792,0.005,37.74598,-122.506744,0.0,,,,37.745979,-122.506741,0.0,37.74597627,-122.5067979,0.005,37.7459763,-122.5067979,0.005,37.74598,-122.50674,0.0,37.7459763,-122.5067979,0.005,37.745976,-122.506798,0.005,37.7459763,-122.5067979,0.005,37.7459763,-122.5067979,0.005,37.745975,-122.50683,0.008,37.745979,-122.506741,0.0,37.7459763,-122.5067979,0.005,,,,0.0,0.0,12813.911
San Francisco,1480,WILLARD ST,San Francisco,,CA,94117.0,-122.4537668,37.762856,"1480 WILLARD ST, San Francisco",696_San,37.76287002,-122.4538402,0.007,37.7628713,-122.4538054,0.004,37.762856,-122.453767,0.0,37.76287619,-122.453802,0.004,37.762856,-122.453766,0.0,,,,,,,37.7748631,-122.4566565,1.357,37.7628713,-122.4538054,0.004,37.762858,-122.453768,0.0,37.7628713,-122.4538054,0.004,37.762861,-122.453811,0.004,37.7628713,-122.4538054,0.004,37.7628713,-122.4538054,0.004,37.762863,-122.453784,0.002,37.7628536,-122.4538249,0.005,37.7628713,-122.4538054,0.004,,,,0.0,0.0,12808.881
San Francisco,140,FOREST VIEW DR,San Francisco,,CA,94132.0,-122.4833273,37.7317837,"140 FOREST VIEW DR, San Francisco",944_San,37.73178909,-122.4834033,0.007,37.7317997,-122.4833624,0.004,37.731784,-122.483327,0.0,37.73179618,-122.483362,0.003,37.731785,-122.48333,0.0,37.7342082,-122.4838839,0.274,37.731784,-122.483327,0.0,37.73178778,-122.4833609,0.003,37.7317997,-122.4833624,0.004,37.731782,-122.483328,0.0,37.7317997,-122.4833624,0.004,37.731788,-122.483359,0.003,37.7317997,-122.4833624,0.004,37.7317997,-122.4833624,0.004,37.73179,-122.483372,0.004,37.7317828,-122.4834265,0.009,37.7317997,-122.4833624,0.004,,,,0.0,0.0,12812.567
San Francisco,15,MONTCLAIR TER,San Francisco,,CA,94109.0,-122.4190408,37.8023186,"15 MONTCLAIR TER, San Francisco",639_San,37.80232561,-122.4191221,0.007,37.80232094,-122.4190289,0.001,37.802319,-122.419041,0.0,37.80245619,-122.418962,0.017,37.80232,-122.419044,0.0,,,,37.802319,-122.419041,0.0,37.80231857,-122.4190445,0.0,37.80232,-122.419044,0.0,37.802317,-122.419063,0.002,37.8023209,-122.4190289,0.001,37.80232,-122.419044,0.0,37.8023209,-122.4190289,0.001,37.8023209,-122.4190289,0.001,37.8023186,-122.4190408,0.0,37.8022668,-122.4191197,0.009,37.8024538,-122.4189648,0.016,,,,0.0,0.0,12804.433
Hong Kong,46,TIN HAU TEMPLE ROAD,,WAN CHAI DISTRICT,HK,,114.19359,22.28396,"46 TIN HAU TEMPLE ROAD, WAN CHAI DISTRICT, Hong Kong",40_Hon,22.28401655,114.1935931,0.006,22.28396,114.19359,0.0,22.271264,114.181979,1.846,22.28557365,114.1936719,0.179,22.2847513,114.1933856,0.09,22.28600895,114.1953404,0.29,,,,22.28452269,114.193185,0.075,22.2855775,114.1936779,0.179,22.28396,114.193588,0.0,22.2879601,114.1987842,0.695,22.28661907,114.1978891,0.532,22.2824172,114.1927269,0.193,22.2859566,114.1947368,0.251,22.28396,114.19359,0.0,22.28396,114.19359,0.0,22.2822219,114.192702,0.213,,,,0.0,0.0,12497.887
Hong Kong,84,HUNG TO ROAD,,KWUN TONG DISTRICT,KLN,,114.22415,22.30796,"84 HUNG TO ROAD, KWUN TONG DISTRICT, Hong Kong",202_Hon,22.30797635,114.2242037,0.006,22.30796,114.22415,0.0,22.311688,114.22427,0.413,22.30798365,114.2242119,0.007,22.307966,114.224192,0.004,22.323788,114.2036816,2.742,,,,22.3148097,114.2197865,0.882,22.3079847,114.2242187,0.008,22.30796,114.224151,0.0,22.3079847,114.2242187,0.008,22.307966,114.224193,0.004,22.3079847,114.2242187,0.008,22.3079847,114.2242187,0.008,22.307966,114.224192,0.004,22.3080056,114.2242065,0.008,22.3079847,114.2242187,0.008,,,,0.0,0.0,12500.538
San Francisco,629,WEBSTER ST,San Francisco,,CA,94117.0,-122.4300218,37.7765216,"629 WEBSTER ST, San Francisco",259_San,37.77652699,-122.429955,0.006,37.77640933,-122.4297273,0.029,37.776522,-122.430022,0.0,37.77655619,-122.429942,0.008,37.77652,-122.43002,0.0,37.7713924,-122.4286167,0.583,,,,32.03443569,-106.6875213,1570.751,37.7765516,-122.4299447,0.008,37.776521,-122.430021,0.0,37.7765516,-122.4299447,0.008,37.77652,-122.43002,0.0,37.7765516,-122.4299447,0.008,37.7765516,-122.4299447,0.008,37.776556,-122.42997,0.006,37.7765276,-122.4299539,0.006,37.7765516,-122.4299447,0.008,,,,0.0,0.0,12806.379
San Francisco,338,FELTON ST,San Francisco,,CA,94134.0,-122.4082903,37.7293029,"338 FELTON ST, San Francisco",492_San,37.72934551,-122.408333,0.006,37.72923082,-122.4080091,0.026,37.729303,-122.40829,0.0,37.72630618,-122.418902,0.993,37.7293,-122.40829,0.0,,,,37.729303,-122.40829,0.0,37.72930145,-122.408287,0.0,37.7293,-122.40829,0.0,37.729301,-122.40829,0.0,37.7292308,-122.4080091,0.026,37.7293,-122.40829,0.0,37.7292308,-122.4080091,0.026,37.7292308,-122.4080091,0.026,37.7293029,-122.4082903,0.0,37.7293276,-122.4082986,0.003,37.7256688,-122.4213752,1.222,,,,0.0,0.0,12806.511
San Francisco,1,DANIEL BURNHAM CT,San Francisco,,CA,94109.0,-122.4224908,37.7867552,"1 DANIEL BURNHAM CT, San Francisco",996_San,37.78674001,-122.42243,0.006,37.7867651,-122.4222341,0.023,37.786755,-122.422491,0.0,37.78676619,-122.422232,0.023,37.786755,-122.42249,0.0,37.7869314,-122.4219392,0.052,37.786755,-122.422491,0.0,37.78676065,-122.4225032,0.001,37.7867651,-122.4222341,0.023,37.786743,-122.422166,0.029,37.7867651,-122.4222341,0.023,37.786759,-122.422505,0.001,37.7867651,-122.4222341,0.023,37.7867651,-122.4222341,0.023,37.786749,-122.422488,0.001,37.786755,-122.422491,0.0,37.7867651,-122.4222341,0.023,,,,0.0,0.0,12805.347
San Francisco,1334,33RD AVE,San Francisco,,CA,94122.0,-122.4917511,37.7622242,"1334 33RD AVE, San Francisco",284_San,37.76222097,-122.4918198,0.006,37.7622344,-122.4918375,0.008,37.762224,-122.491751,0.0,37.76223619,-122.491832,0.007,37.762222,-122.49175,0.0,37.739175,-122.4167091,7.091,37.762224,-122.491751,0.0,37.76222428,-122.4918358,0.007,37.7622344,-122.4918375,0.008,37.762222,-122.49175,0.0,37.7622344,-122.4918375,0.008,37.762226,-122.491836,0.007,37.7622344,-122.4918375,0.008,37.7622344,-122.4918375,0.008,37.762227,-122.491865,0.01,37.762224,-122.491751,0.0,37.7622344,-122.4918375,0.008,,,,0.0,0.0,12812.022
San Francisco,309,SARGENT ST,San Francisco,,CA,94132.0,-122.4658978,37.7159004,"309 SARGENT ST, San Francisco",52_San,37.71595215,-122.4658984,0.006,37.7159629,-122.4659217,0.007,37.7159,-122.465898,0.0,37.71596618,-122.465922,0.008,37.7159,-122.4659,0.0,37.7163231,-122.4629684,0.263,37.7159,-122.465898,0.0,37.71593143,-122.4659214,0.004,37.7159629,-122.4659217,0.007,37.7159,-122.465899,0.0,37.7159629,-122.4659217,0.007,37.715932,-122.465922,0.004,37.7159629,-122.4659217,0.007,37.7159629,-122.4659217,0.007,37.715927,-122.46593,0.004,37.7159,-122.465898,0.0,37.7159629,-122.4659217,0.007,,,,0.0,0.0,12811.782
San Francisco,4156,25TH ST,San Francisco,,CA,94114.0,-122.4330251,37.7499954,"4156 25TH ST, San Francisco",535_San,37.74994299,-122.4330244,0.006,37.7499418,-122.4330281,0.006,37.749995,-122.433025,0.0,37.74994618,-122.433022,0.005,37.749996,-122.43302,0.0,,,,37.749995,-122.433025,0.0,37.789505,-122.4860916,6.41,37.7499418,-122.4330281,0.006,37.749998,-122.433027,0.0,37.7499418,-122.4330281,0.006,37.749996,-122.43302,0.0,37.7499418,-122.4330281,0.006,37.7499418,-122.4330281,0.006,37.749928,-122.433028,0.007,37.749995,-122.433025,0.0,37.7499418,-122.4330281,0.006,,,,0.0,0.0,12807.702
San Francisco,1737,FELTON ST,San Francisco,,CA,94134.0,-122.4218939,37.725319,"1737 FELTON ST, San Francisco",844_San,37.72535979,-122.4219304,0.006,37.7253554,-122.4219418,0.006,37.725319,-122.421894,0.0,37.72535618,-122.421942,0.006,37.72532,-122.42189,0.0,37.7256688,-122.4213752,0.06,,,,37.7253554,-122.4219419,0.006,37.7253554,-122.4219418,0.006,37.72532,-122.421892,0.0,37.7253554,-122.4219418,0.006,37.725356,-122.421942,0.006,37.7253554,-122.4219418,0.006,37.7253554,-122.4219418,0.006,37.725355,-122.421942,0.006,37.725385,-122.4219418,0.008,37.7253554,-122.4219418,0.006,,,,0.0,0.0,12807.789
San Francisco,1344,QUESADA AVE,San Francisco,,CA,94124.0,-122.3846362,37.7297802,"1344 QUESADA AVE, San Francisco",501_San,37.72973586,-122.384681,0.006,37.7297576,-122.3846787,0.005,37.72978,-122.384636,0.0,37.72975618,-122.384672,0.004,37.72978,-122.384636,0.0,,,,37.72978,-122.384636,0.0,32.03545761,-106.6843948,1565.477,37.7297576,-122.3846787,0.005,37.72978,-122.384638,0.0,37.7297576,-122.3846787,0.005,37.729753,-122.384681,0.005,37.7297576,-122.3846787,0.005,37.7297576,-122.3846787,0.005,37.729772,-122.384686,0.004,37.72978,-122.384636,0.0,37.7297576,-122.3846787,0.005,,,,0.0,0.0,12804.55
San Francisco,1900,GOUGH ST,San Francisco,,CA,94109.0,-122.4255996,37.791173,"1900 GOUGH ST, San Francisco",527_San,37.7911711,-122.4256672,0.006,37.7911471,-122.4256255,0.004,37.791173,-122.4256,0.0,37.79114619,-122.425622,0.004,37.791172,-122.4256,0.0,,,,37.791173,-122.4256,0.0,37.79088974,-122.4256897,0.032,37.7911471,-122.4256255,0.004,37.791172,-122.4256,0.0,37.7911471,-122.4256255,0.004,37.791176,-122.425631,0.003,37.7911471,-122.4256255,0.004,37.7911471,-122.4256255,0.004,37.791264,-122.425617,0.01,37.791172,-122.4256114,0.001,37.7911471,-122.4256255,0.004,,,,0.0,0.0,12805.422
San Francisco,1686,23RD AVE,San Francisco,,CA,94122.0,-122.480644,37.7562138,"1686 23RD AVE, San Francisco",384_San,37.75621303,-122.4807069,0.006,37.7562101,-122.4806797,0.003,37.756214,-122.480644,0.0,37.75621619,-122.480672,0.002,37.756214,-122.480644,0.0,37.739175,-122.4167091,5.944,37.756214,-122.480644,0.0,37.7544918,-122.403066,6.839,37.7562101,-122.4806797,0.003,37.756212,-122.480642,0.0,37.7562101,-122.4806797,0.003,37.75621,-122.48068,0.003,37.7562101,-122.4806797,0.003,37.7562101,-122.4806797,0.003,37.75621,-122.48068,0.003,37.756214,-122.480644,0.0,37.7562101,-122.4806797,0.003,,,,0.0,0.0,12811.355
San Francisco,522,NAPLES ST,San Francisco,,CA,94112.0,-122.4317551,37.7205819,"522 NAPLES ST, San Francisco",806_San,37.72055453,-122.4316945,0.006,37.7205861,-122.4317588,0.001,37.720582,-122.431755,0.0,37.72058618,-122.431752,0.001,37.72058,-122.431755,0.0,37.72605549,-122.42752,0.713,37.720582,-122.431755,0.0,37.72056701,-122.4317405,0.002,37.7205861,-122.4317588,0.001,37.720581,-122.431757,0.0,37.7205861,-122.4317588,0.001,37.720569,-122.431744,0.002,37.7205861,-122.4317588,0.001,37.7205861,-122.4317588,0.001,37.720563,-122.431727,0.003,37.720582,-122.431755,0.0,37.7205861,-122.4317588,0.001,,,,0.0,0.0,12808.79
San Francisco,2028,DIVISADERO ST,San Francisco,,CA,94115.0,-122.4402003,37.7885716,"2028 DIVISADERO ST, San Francisco",958_San,37.78856504,-122.4402514,0.005,37.78835845,-122.4406512,0.046,37.788572,-122.4402,0.0,37.78432619,-122.439652,0.474,37.78857,-122.4402,0.0,37.7944834,-122.4422868,0.681,37.788572,-122.4402,0.0,37.78315175,-122.4396624,0.603,37.78857,-122.4402,0.0,37.788571,-122.4402,0.0,37.7883584,-122.4406512,0.046,37.78857,-122.4402,0.0,37.7883584,-122.4406512,0.046,37.7883584,-122.4406512,0.046,37.7885716,-122.4402003,0.0,37.788572,-122.4402,0.0,37.8010384,-122.4431807,1.408,,,,0.0,0.0,12806.725
San Francisco,2965,PACIFIC AVE,San Francisco,,CA,94115.0,-122.4440618,37.7918897,"2965 PACIFIC AVE, San Francisco",99_San,37.79193683,-122.4440653,0.005,37.79208533,-122.4440197,0.022,37.79189,-122.444062,0.0,37.79485619,-122.422972,1.887,37.79189,-122.44406,0.0,37.7927171,-122.4356445,0.747,,,,32.03536606,-106.6846924,1572.666,37.79189,-122.44406,0.0,37.79189,-122.444061,0.0,37.7920853,-122.4440197,0.022,37.79189,-122.44406,0.0,37.7920853,-122.4440197,0.022,37.7920853,-122.4440197,0.022,37.7918897,-122.4440618,0.0,37.79189,-122.444062,0.0,37.6458357,-122.493042,16.776,37.80048,-122.19163,22.253,0.0,0.0,12806.907
San Francisco,181,RANDALL ST,San Francisco,,CA,94131.0,-122.4272795,37.7394847,"181 RANDALL ST, San Francisco",642_San,37.73944219,-122.4272903,0.005,37.7395514,-122.42736,0.01,37.739485,-122.427279,0.0,37.73955618,-122.427362,0.011,37.739483,-122.42728,0.0,,,,37.739485,-122.42728,0.0,37.73955544,-122.427329,0.009,37.7395514,-122.42736,0.01,37.739482,-122.42728,0.0,37.7395514,-122.42736,0.01,37.739559,-122.427333,0.009,37.7395514,-122.42736,0.01,37.7395514,-122.42736,0.01,37.739534,-122.427335,0.007,37.7395358,-122.427315,0.006,37.7395514,-122.42736,0.01,,,,0.0,0.0,12807.656
San Francisco,500,BLANKEN AVE,San Francisco,,CA,94134.0,-122.3971863,37.7109467,"500 BLANKEN AVE, San Francisco",741_San,37.71099279,-122.3971867,0.005,37.711003,-122.3971824,0.006,37.710947,-122.397186,0.0,37.71100618,-122.397182,0.007,37.710945,-122.39719,0.0,37.739175,-122.4167091,3.575,37.710947,-122.397186,0.0,32.03515864,-106.6842819,1565.865,37.711003,-122.3971824,0.006,37.710949,-122.397188,0.0,37.711003,-122.3971824,0.006,37.710992,-122.397187,0.005,37.711003,-122.3971824,0.006,37.711003,-122.3971824,0.006,37.710987,-122.397182,0.004,37.711015,-122.397166,0.008,37.711003,-122.3971824,0.006,,,,0.0,0.0,12806.342
San Francisco,1655,34TH AVE,San Francisco,,CA,94122.0,-122.4930619,37.7562155,"1655 34TH AVE, San Francisco",51_San,37.75622133,-122.4930003,0.005,37.7562158,-122.493002,0.005,37.756216,-122.493062,0.0,37.75621619,-122.493002,0.005,37.756214,-122.493065,0.0,37.739175,-122.4167091,6.99,37.756216,-122.493062,0.0,37.7562158,-122.493002,0.005,37.7562158,-122.493002,0.005,37.756218,-122.493061,0.0,37.7562158,-122.493002,0.005,37.756216,-122.493002,0.005,37.7562158,-122.493002,0.005,37.7562158,-122.493002,0.005,37.75621,-122.492983,0.007,37.7562217,-122.4929586,0.009,37.7562158,-122.493002,0.005,,,,0.0,0.0,12812.373
San Francisco,915,BURNETT AVE,San Francisco,,CA,94131.0,-122.4447791,37.7483609,"915 BURNETT AVE, San Francisco",192_San,37.74835395,-122.4448393,0.005,37.7483282,-122.4447911,0.004,37.748361,-122.444779,0.0,37.74832618,-122.444792,0.004,37.74836,-122.44478,0.0,37.739175,-122.4167091,2.676,37.748361,-122.444779,0.0,32.03549996,-106.6842356,1571.172,37.7483282,-122.4447911,0.004,37.74836,-122.44478,0.0,37.7483282,-122.4447911,0.004,,,,37.7483282,-122.4447911,0.004,37.7483282,-122.4447911,0.004,37.748335,-122.444775,0.003,37.7483429,-122.4447973,0.003,37.7483282,-122.4447911,0.004,,,,0.0,0.0,12808.732
San Francisco,1450,CALIFORNIA ST,San Francisco,,CA,94109.0,-122.4182701,37.7911819,"1450 CALIFORNIA ST, San Francisco",322_San,37.79113623,-122.4182626,0.005,37.791151,-122.4182514,0.004,37.791182,-122.41827,0.0,37.79115619,-122.418252,0.003,37.791183,-122.41827,0.0,37.7524987,-122.420878,4.3,37.791182,-122.41827,0.0,37.78478665,-122.464779,4.158,37.791151,-122.4182514,0.004,37.791181,-122.41827,0.0,37.791151,-122.4182514,0.004,37.791132,-122.418255,0.006,37.791151,-122.4182514,0.004,37.791151,-122.4182514,0.004,37.791109,-122.418259,0.008,37.7911363,-122.4182662,0.005,37.7597073,-122.5002553,8.023,37.74251,-123.0591,56.721,0.0,0.0,12804.821
San Francisco,697,BRUNSWICK ST,San Francisco,,CA,94112.0,-122.4474435,37.7089415,"697 BRUNSWICK ST, San Francisco",797_San,37.70898185,-122.4474681,0.005,37.7089649,-122.4474808,0.004,37.708942,-122.447444,0.0,37.70896618,-122.447482,0.004,37.708942,-122.44744,0.0,37.70952126,-122.4470482,0.073,37.708942,-122.447444,0.0,37.70897902,-122.4474873,0.006,37.7089649,-122.4474808,0.004,37.708941,-122.447442,0.0,37.7089649,-122.4474808,0.004,37.708979,-122.447488,0.006,37.7089649,-122.4474808,0.004,37.7089649,-122.4474808,0.004,37.709001,-122.447505,0.009,37.7089805,-122.4474649,0.005,37.7089649,-122.4474808,0.004,,,,0.0,0.0,12810.549
San Francisco,1808,46TH AVE,San Francisco,,CA,94122.0,-122.5050799,37.7526969,"1808 46TH AVE, San Francisco",550_San,37.75269418,-122.5051374,0.005,37.7526952,-122.5051248,0.004,37.752697,-122.50508,0.0,37.75269619,-122.505122,0.004,37.752697,-122.50508,0.0,,,,37.752697,-122.50508,0.0,37.75269479,-122.5051242,0.004,37.7526952,-122.5051248,0.004,37.752699,-122.50508,0.0,37.7526952,-122.5051248,0.004,37.752693,-122.505126,0.004,37.7526952,-122.5051248,0.004,37.7526952,-122.5051248,0.004,37.7527,-122.505086,0.001,37.7526984,-122.5051749,0.008,37.7526952,-122.5051248,0.004,,,,0.0,0.0,12813.502
San Francisco,135,LINCOLN WAY,San Francisco,,CA,94122.0,-122.4595504,37.7659667,"135 LINCOLN WAY, San Francisco",537_San,37.76600842,-122.4595541,0.005,37.7659987,-122.4595766,0.004,37.765967,-122.45955,0.0,37.76599619,-122.459572,0.004,37.76597,-122.45955,0.0,,,,37.765967,-122.45955,0.0,,,,37.7659987,-122.4595766,0.004,37.765969,-122.45955,0.0,37.7659987,-122.4595766,0.004,37.765995,-122.45957,0.004,37.7659987,-122.4595766,0.004,37.7659987,-122.4595766,0.004,37.765973,-122.459567,0.002,37.7659961,-122.4595541,0.003,37.7659987,-122.4595766,0.004,,,,0.0,0.0,12809.229
San Francisco,1511,GOLDEN GATE AVE,San Francisco,,CA,94115.0,-122.4358007,37.7787867,"1511 GOLDEN GATE AVE, San Francisco",287_San,37.77882904,-122.4358134,0.005,37.7788088,-122.4358241,0.003,37.778787,-122.435801,0.0,37.77880619,-122.435822,0.003,37.778786,-122.4358,0.0,37.76899057,-122.4817523,4.192,37.778787,-122.435801,0.0,37.8250724,-122.4790475,6.395,37.7788088,-122.4358241,0.003,37.778789,-122.4358,0.0,37.7788088,-122.4358241,0.003,37.778827,-122.435824,0.005,37.7788088,-122.4358241,0.003,37.7788088,-122.4358241,0.003,37.778843,-122.435827,0.007,37.7789576,-122.4358436,0.019,37.7788088,-122.4358241,0.003,,,,0.0,0.0,12806.761
San Francisco,58,CUMBERLAND ST,San Francisco,,CA,94110.0,-122.4249269,37.7593299,"58 CUMBERLAND ST, San Francisco",909_San,37.75928781,-122.4249261,0.005,37.75933,-122.424927,0.0,37.75933,-122.424927,0.0,37.75926619,-122.424932,0.007,37.75933,-122.42493,0.0,37.7591752,-122.42365,0.114,37.75933,-122.424927,0.0,32.03490829,-106.686676,1569.745,37.7592695,-122.424937,0.007,37.75933,-122.424928,0.0,37.7592695,-122.424937,0.007,37.75933,-122.42493,0.0,37.7592695,-122.424937,0.007,37.7592695,-122.424937,0.007,37.759287,-122.424945,0.005,37.75933,-122.424927,0.0,37.7592695,-122.424937,0.007,,,,0.0,0.0,12806.659
San Francisco,2418,GREENWICH ST,San Francisco,,CA,94123.0,-122.4395763,37.7987148,"2418 GREENWICH ST, San Francisco",81_San,37.79866746,-122.4395834,0.005,,,,37.798715,-122.439576,0.0,37.79868619,-122.439582,0.003,37.798714,-122.439575,0.0,37.80345233,-122.403873,3.188,37.798715,-122.439576,0.0,37.80270386,-122.4045105,3.12,37.7986813,-122.4395846,0.004,37.798713,-122.439578,0.0,37.7986813,-122.4395846,0.004,37.798714,-122.439575,0.0,37.7986813,-122.4395846,0.004,37.7986813,-122.4395846,0.004,37.798631,-122.439574,0.009,37.798715,-122.439576,0.0,37.7986813,-122.4395846,0.004,,,,0.0,0.0,12806.262
San Francisco,1530,GOUGH ST,San Francisco,,CA,94109.0,-122.4249899,37.7879186,"1530 GOUGH ST, San Francisco",145_San,37.78791184,-122.4250415,0.005,37.7879001,-122.4250229,0.004,,,,37.78790619,-122.425022,0.003,37.787918,-122.42499,0.0,37.785286,-122.4246999,0.293,,,,37.78792271,-122.4250274,0.003,37.7879001,-122.4250229,0.004,37.78792,-122.42499,0.0,37.7879001,-122.4250229,0.004,37.787923,-122.425028,0.003,37.7879001,-122.4250229,0.004,37.7879001,-122.4250229,0.004,37.7879186,-122.4249899,0.0,37.787919,-122.42499,0.0,37.7879001,-122.4250229,0.004,,,,0.0,0.0,12805.505
Hong Kong,187,FUK WA STREET,,SHAM SHUI PO DISTRICT,KLN,,114.16087,22.33245,"187 FUK WA STREET, SHAM SHUI PO DISTRICT, Hong Kong",914_Hon,22.332418,114.1608679,0.004,22.33245,114.16087,0.0,22.330614,114.161252,0.207,22.33245366,114.1608719,0.0,22.332444,114.160866,0.001,22.33305607,114.1598829,0.122,,,,22.37460327,114.2739143,12.545,22.3324595,114.1608764,0.001,22.33245,114.160873,0.0,22.3324595,114.1608764,0.001,22.332507,114.160915,0.008,22.3324595,114.1608764,0.001,22.3324595,114.1608764,0.001,22.332444,114.160866,0.001,22.332455,114.160887,0.002,22.3324595,114.1608764,0.001,,,,0.0,0.0,12493.651
San Francisco,2957,PACIFIC AVE,San Francisco,,CA,94115.0,-122.4439644,37.791902,"2957 PACIFIC AVE, San Francisco",355_San,37.79193943,-122.4439475,0.004,37.79209929,-122.44391,0.022,37.791902,-122.443964,0.0,37.79485619,-122.422972,1.878,37.7919,-122.44396,0.0,37.7927171,-122.4356445,0.738,37.791902,-122.443964,0.0,32.03536606,-106.6846924,1572.659,37.7919,-122.44396,0.0,37.791901,-122.443962,0.0,37.7920993,-122.44391,0.022,37.7919,-122.44396,0.0,37.7920993,-122.44391,0.022,37.7920993,-122.44391,0.022,37.791902,-122.4439644,0.0,37.7918965,-122.4439938,0.003,37.6458357,-122.493042,16.78,37.80048,-122.19163,22.245,0.0,0.0,12806.898
San Francisco,333,GREENWICH ST,San Francisco,,CA,94133.0,-122.4053095,37.8027167,"333 GREENWICH ST, San Francisco",517_San,37.802687,-122.405289,0.004,37.80277389,-122.4051535,0.015,37.802717,-122.40531,0.0,37.80221619,-122.410232,0.437,37.802715,-122.40531,0.0,,,,37.802717,-122.40531,0.0,37.8027153,-122.4053116,0.0,37.8027739,-122.4051535,0.015,37.802702,-122.405293,0.002,37.8027739,-122.4051535,0.015,37.802715,-122.40531,0.0,37.8027739,-122.4051535,0.015,37.8027739,-122.4051535,0.015,37.8027167,-122.4053095,0.0,37.802682,-122.405276,0.005,37.7857343,-122.4104369,1.938,,,,0.0,0.0,12803.291
San Francisco,448,HOLLADAY AVE,San Francisco,,CA,94110.0,-122.4076778,37.7424367,"448 HOLLADAY AVE, San Francisco",876_San,37.742416,-122.4076374,0.004,37.7423834,-122.4076048,0.009,37.742437,-122.407678,0.0,37.74238618,-122.407602,0.009,37.742435,-122.40768,0.0,37.739175,-122.4167091,0.874,37.742437,-122.407678,0.0,32.03510666,-106.684906,1567.832,37.7423834,-122.4076048,0.009,37.742439,-122.407679,0.0,37.7423834,-122.4076048,0.009,37.742397,-122.407604,0.008,37.7423834,-122.4076048,0.009,37.7423834,-122.4076048,0.009,37.742409,-122.407605,0.007,37.7424143,-122.4075987,0.007,37.7423834,-122.4076048,0.009,,,,0.0,0.0,12805.928
San Francisco,162,PUTNAM ST,San Francisco,,CA,94110.0,-122.4111425,37.7374027,"162 PUTNAM ST, San Francisco",849_San,37.73739989,-122.4110991,0.004,37.7374047,-122.4110849,0.005,37.737403,-122.411142,0.0,37.73740618,-122.411082,0.005,37.737404,-122.41114,0.0,37.73854195,-122.4106847,0.133,37.737403,-122.411143,0.0,37.73739359,-122.4110863,0.005,37.7374047,-122.4110849,0.005,37.737402,-122.411141,0.0,37.7374047,-122.4110849,0.005,37.737394,-122.411087,0.005,37.7374047,-122.4110849,0.005,37.7374047,-122.4110849,0.005,37.73739,-122.411069,0.007,37.7373825,-122.4110713,0.007,37.7374047,-122.4110849,0.005,,,,0.0,0.0,12806.417
San Francisco,246,DORLAND ST,San Francisco,,CA,94114.0,-122.4294933,37.7622565,"246 DORLAND ST, San Francisco",766_San,37.76222344,-122.429496,0.004,37.7622255,-122.4295119,0.004,37.762256,-122.429493,0.0,37.76222619,-122.429512,0.004,37.762257,-122.4295,0.001,37.76192192,-122.4292321,0.044,37.762257,-122.429493,0.0,37.76222855,-122.4295126,0.004,37.7622255,-122.4295119,0.004,37.762259,-122.429491,0.0,37.7622255,-122.4295119,0.004,37.762228,-122.429513,0.004,37.7622255,-122.4295119,0.004,37.7622255,-122.4295119,0.004,37.762239,-122.42951,0.002,37.7622392,-122.4294507,0.004,37.7622255,-122.4295119,0.004,,,,0.0,0.0,12806.915
San Francisco,400,AVALON AVE,San Francisco,,CA,94112.0,-122.4292553,37.7260527,"400 AVALON AVE, San Francisco",356_San,37.72608709,-122.4292473,0.004,37.7260808,-122.4292435,0.003,37.726053,-122.429255,0.0,37.72608618,-122.429242,0.004,37.72605,-122.42925,0.001,37.739175,-122.4167091,1.829,37.726053,-122.429255,0.0,32.0351944,-106.6846237,1569.054,37.7260808,-122.4292435,0.003,37.726052,-122.429257,0.0,37.7260808,-122.4292435,0.003,37.726081,-122.429244,0.003,37.7260808,-122.4292435,0.003,37.7260808,-122.4292435,0.003,37.726081,-122.429243,0.003,37.7260772,-122.4292368,0.003,37.7260808,-122.4292435,0.003,,,,0.0,0.0,12808.363
San Francisco,550,STOCKTON ST,San Francisco,,CA,94108.0,-122.4070891,37.7911458,"550 STOCKTON ST, San Francisco",984_San,37.79116557,-122.4071294,0.004,37.791132,-122.4071086,0.002,37.791146,-122.407089,0.0,37.79113619,-122.407102,0.002,37.791145,-122.40709,0.0,37.78912414,-122.4072404,0.225,37.791146,-122.407089,0.0,37.79542374,-122.4078927,0.48,37.791132,-122.4071086,0.002,37.791148,-122.407089,0.0,37.791132,-122.4071086,0.002,37.791159,-122.407114,0.003,37.791132,-122.4071086,0.002,37.791132,-122.4071086,0.002,37.79116,-122.407094,0.002,37.791146,-122.407089,0.0,37.791132,-122.4071086,0.002,,,,0.0,0.0,12803.906
San Francisco,636,47TH AVE,San Francisco,,CA,94121.0,-122.5078282,37.7764293,"636 47TH AVE, San Francisco",815_San,37.77642972,-122.5078753,0.004,37.7764221,-122.5078484,0.002,37.776429,-122.507828,0.0,37.77642619,-122.507842,0.001,37.77643,-122.50783,0.0,37.739175,-122.4167091,9.032,37.776429,-122.507828,0.0,37.77642654,-122.507847,0.002,37.7764221,-122.5078484,0.002,37.77643,-122.507829,0.0,37.7764221,-122.5078484,0.002,37.776426,-122.50785,0.002,37.7764221,-122.5078484,0.002,37.7764221,-122.5078484,0.002,37.776432,-122.507862,0.003,37.776429,-122.5078493,0.002,37.7764221,-122.5078484,0.002,,,,0.0,0.0,12812.762
San Francisco,2425,WAWONA ST,San Francisco,,CA,94116.0,-122.4929676,37.7366391,"2425 WAWONA ST, San Francisco",608_San,37.73667721,-122.4929706,0.004,37.7366474,-122.4929718,0.001,37.736639,-122.492968,0.0,37.73664618,-122.492972,0.001,37.73664,-122.492966,0.0,,,,37.736639,-122.492968,0.0,37.73666389,-122.4929718,0.003,37.7366474,-122.4929718,0.001,37.73664,-122.492969,0.0,37.7366474,-122.4929718,0.001,37.736664,-122.492972,0.003,37.7366474,-122.4929718,0.001,37.7366474,-122.4929718,0.001,37.7367,-122.492971,0.007,37.736645,-122.492968,0.001,37.7366474,-122.4929718,0.001,,,,0.0,0.0,12813.161
San Francisco,342,HOLLOWAY AVE,San Francisco,,CA,94112.0,-122.456916,37.722066,"342 HOLLOWAY AVE, San Francisco",172_San,37.7220336,-122.4569356,0.004,37.722066,-122.456916,0.0,37.722066,-122.456916,0.0,37.72202618,-122.456922,0.004,37.722065,-122.45692,0.0,37.739175,-122.4167091,4.021,,,,32.03560747,-106.684227,1571.228,37.722026,-122.4569237,0.004,37.722067,-122.456916,0.0,37.722026,-122.4569237,0.004,37.722065,-122.45692,0.0,37.722026,-122.4569237,0.004,37.722026,-122.4569237,0.004,37.722051,-122.456922,0.002,37.722063,-122.456912,0.0,37.722026,-122.4569237,0.004,,,,0.0,0.0,12810.795
Hong Kong,197A,QUEEN'S ROAD CENTRAL,,CENTRAL & WESTERN DISTRICT,HK,,114.15257,22.28507,"197A QUEEN'S ROAD CENTRAL, CENTRAL & WESTERN DISTRICT, Hong Kong",136_Hon,22.28507997,114.1526099,0.004,22.28507,114.15257,0.0,22.28507,114.15257,0.0,22.28365365,114.1549219,0.289,22.2848153,114.152452,0.031,22.28461362,114.1547279,0.228,,,,22.28559694,114.1528659,0.066,22.2836583,114.1549289,0.289,22.28507,114.152572,0.0,22.2836583,114.1549289,0.289,22.28312263,114.1545652,0.298,22.2859416,114.1494914,0.332,22.2836583,114.1549289,0.289,22.28507,114.15257,0.0,22.2847435,114.1520188,0.067,22.2836583,114.1549289,0.289,,,,0.0,0.0,12493.7
San Francisco,279,CLINTON PARK,San Francisco,,CA,94103.0,-122.4261733,37.7688616,"279 CLINTON PARK, San Francisco",391_San,37.76889452,-122.4261618,0.004,37.768862,-122.426173,0.0,37.768862,-122.426173,0.0,37.76885619,-122.426192,0.002,37.76886,-122.42617,0.0,37.76923903,-122.4252166,0.094,37.768862,-122.426173,0.0,37.76885986,-122.4261703,0.0,37.7688541,-122.4261919,0.002,37.768861,-122.426171,0.0,37.7688541,-122.4261919,0.002,37.76886,-122.42617,0.0,37.7688541,-122.4261919,0.002,37.7688541,-122.4261919,0.002,37.768865,-122.426192,0.002,37.768862,-122.426173,0.0,37.7688541,-122.4261919,0.002,37.79437,-122.25302,15.514,0.0,0.0,12806.375
Hong Kong,11,THOMSON ROAD,,WAN CHAI DISTRICT,HK,,114.17079,22.27721,"11 THOMSON ROAD, WAN CHAI DISTRICT, Hong Kong",873_Hon,22.27723145,114.1708014,0.003,22.27721,114.17079,0.0,22.271264,114.181979,1.328,22.27716365,114.1708519,0.008,22.277163,114.170852,0.008,22.27721194,114.1740688,0.338,,,,22.2732043,114.1732483,0.511,22.2771628,114.1708515,0.008,22.279356,114.16255,0.882,22.2771628,114.1708515,0.008,22.277163,114.170851,0.008,22.2771628,114.1708515,0.008,,,,22.27721,114.17079,0.0,22.277214,114.170806,0.002,22.2772347,114.170802,0.003,,,,0.0,0.0,12495.699
San Francisco,930,HURON AVE,San Francisco,,CA,94112.0,-122.4525729,37.7100185,"930 HURON AVE, San Francisco",809_San,37.71000163,-122.4525512,0.003,37.7099859,-122.4525358,0.005,37.710018,-122.452573,0.0,37.70998618,-122.452532,0.005,37.71002,-122.452576,0.0,,,,37.710019,-122.452573,0.0,32.03546814,-106.6843153,1570.432,37.7099859,-122.4525358,0.005,37.71002,-122.452571,0.0,37.7099859,-122.4525358,0.005,37.709981,-122.45253,0.006,37.7099859,-122.4525358,0.005,37.7099859,-122.4525358,0.005,37.709968,-122.452506,0.008,37.7099912,-122.4525366,0.004,37.7099859,-122.4525358,0.005,,,,0.0,0.0,12810.927
San Francisco,415,23RD AVE,San Francisco,,CA,94121.0,-122.4828272,37.7797671,"415 23RD AVE, San Francisco",788_San,37.77976626,-122.4828562,0.003,37.7797761,-122.4827681,0.005,37.779767,-122.482827,0.0,37.77977619,-122.482762,0.006,37.779773,-122.482769,0.005,37.739175,-122.4167091,7.365,37.779767,-122.482827,0.0,37.7544918,-122.403066,7.567,37.7797761,-122.4827681,0.005,37.779769,-122.482828,0.0,37.7797761,-122.4827681,0.005,37.779777,-122.482763,0.006,37.7797761,-122.4827681,0.005,37.7797761,-122.4827681,0.005,37.779773,-122.482769,0.005,37.7797697,-122.4827427,0.007,37.7797761,-122.4827681,0.005,,,,0.0,0.0,12810.577
San Francisco,809,KIRKHAM ST,San Francisco,,CA,94122.0,-122.4695278,37.7599801,"809 KIRKHAM ST, San Francisco",611_San,37.75999528,-122.4695497,0.003,37.7600222,-122.4695563,0.005,37.75998,-122.469528,0.0,37.75998619,-122.469572,0.004,37.75998,-122.46953,0.0,,,,37.75998,-122.469528,0.0,37.7600222,-122.4695563,0.005,37.7599883,-122.469571,0.004,37.75998,-122.469529,0.0,37.7599883,-122.469571,0.004,37.760022,-122.469556,0.005,37.7599883,-122.469571,0.004,37.7599883,-122.469571,0.004,37.760022,-122.469556,0.005,37.75998,-122.469528,0.0,37.7599883,-122.469571,0.004,,,,0.0,0.0,12810.291
San Francisco,709,CRESCENT AVE,San Francisco,,CA,94110.0,-122.4145171,37.7349566,"709 CRESCENT AVE, San Francisco",692_San,37.73492991,-122.4145327,0.003,37.7349187,-122.4145224,0.004,37.734957,-122.414517,0.0,37.73491618,-122.414522,0.005,37.734955,-122.41452,0.0,,,,37.734957,-122.414517,0.0,32.0353508,-106.6841202,1568.182,37.7349187,-122.4145224,0.004,37.73492,-122.41453,0.004,37.7349187,-122.4145224,0.004,37.734918,-122.41453,0.004,37.7349187,-122.4145224,0.004,37.7349187,-122.4145224,0.004,37.734931,-122.414517,0.003,37.734957,-122.414517,0.0,37.7349187,-122.4145224,0.004,,,,0.0,0.0,12806.793
San Francisco,1515,INNES AVE,San Francisco,,CA,94124.0,-122.3874595,37.7383705,"1515 INNES AVE, San Francisco",684_San,37.73839671,-122.3874626,0.003,37.7384043,-122.3874602,0.004,37.738371,-122.38746,0.0,37.73840618,-122.387462,0.004,37.73837,-122.38746,0.0,,,,37.738371,-122.38746,0.0,32.03536606,-106.6846924,1566.004,37.7384043,-122.3874602,0.004,37.738371,-122.387459,0.0,37.7384043,-122.3874602,0.004,37.738404,-122.387463,0.004,37.7384043,-122.3874602,0.004,37.7384043,-122.3874602,0.004,,,,37.73837,-122.387459,0.0,37.7384043,-122.3874602,0.004,,,,0.0,0.0,12804.434
San Francisco,1140,CLAY ST,San Francisco,,CA,94108.0,-122.4119855,37.7938018,"1140 CLAY ST, San Francisco",921_San,37.79377548,-122.4119828,0.003,37.7937711,-122.4119728,0.004,37.793802,-122.411986,0.0,37.79377619,-122.411972,0.003,,,,37.794437,-122.4043325,0.678,37.793802,-122.411985,0.0,37.08855057,-113.5228882,790.219,37.7937711,-122.4119728,0.004,37.793801,-122.411987,0.0,37.7937711,-122.4119728,0.004,37.793773,-122.411975,0.003,37.7937711,-122.4119728,0.004,37.7937711,-122.4119728,0.004,37.79373,-122.411947,0.009,37.7937377,-122.4119725,0.007,37.7937711,-122.4119728,0.004,,,,0.0,0.0,12804.2
San Francisco,154,10TH ST,San Francisco,,CA,94103.0,-122.4152706,37.7744522,"154 10TH ST, San Francisco",101_San,37.77447347,-122.4152552,0.003,37.774484,-122.4152643,0.004,37.774452,-122.415271,0.0,37.77448619,-122.415262,0.004,37.774452,-122.41527,0.0,,,,37.774452,-122.415271,0.0,37.76939797,-122.4085463,0.816,37.774484,-122.4152643,0.004,37.774451,-122.41527,0.0,37.774484,-122.4152643,0.004,37.774486,-122.415262,0.004,37.774484,-122.4152643,0.004,37.774484,-122.4152643,0.004,37.774512,-122.415246,0.007,37.774452,-122.415271,0.0,37.774484,-122.4152643,0.004,,,,0.0,0.0,12805.254
San Francisco,381,TURK ST,San Francisco,,CA,94102.0,-122.4152634,37.7824067,"381 TURK ST, San Francisco",680_San,37.78243783,-122.4152691,0.003,37.782433,-122.4152903,0.004,37.782407,-122.415263,0.0,37.78243619,-122.415292,0.004,37.782406,-122.41526,0.0,,,,37.782407,-122.415263,0.0,37.78206253,-122.4205551,0.468,37.782433,-122.4152903,0.004,37.782409,-122.415261,0.0,37.782433,-122.4152903,0.004,37.782439,-122.415291,0.004,37.782433,-122.4152903,0.004,37.782433,-122.4152903,0.004,37.782444,-122.415284,0.005,37.7824753,-122.4153262,0.009,37.782433,-122.4152903,0.004,,,,0.0,0.0,12804.931
San Francisco,350,MOUNT VERNON AVE,San Francisco,,CA,94112.0,-122.4473323,37.7182049,"350 MOUNT VERNON AVE, San Francisco",236_San,37.71818342,-122.4473462,0.003,37.7181791,-122.4473599,0.004,37.718205,-122.447332,0.0,37.71817618,-122.447352,0.004,37.718204,-122.447334,0.0,37.7193493,-122.4509707,0.345,37.718205,-122.447332,0.0,37.71818044,-122.4473603,0.004,37.7181791,-122.4473599,0.004,37.718203,-122.447331,0.0,37.7181791,-122.4473599,0.004,37.718182,-122.447359,0.003,37.7181791,-122.4473599,0.004,37.7181791,-122.4473599,0.004,37.718153,-122.447371,0.007,37.718205,-122.447332,0.0,37.7181791,-122.4473599,0.004,,,,0.0,0.0,12810.165
San Francisco,1770,33RD AVE,San Francisco,,CA,94122.0,-122.4911861,37.7541529,"1770 33RD AVE, San Francisco",624_San,37.75415125,-122.4912237,0.003,37.7541356,-122.4912316,0.004,37.754153,-122.491186,0.0,37.75413619,-122.491232,0.004,37.754154,-122.49119,0.0,,,,37.754153,-122.491186,0.0,37.75415046,-122.4912286,0.004,37.7541356,-122.4912316,0.004,37.75415,-122.49119,0.0,37.7541356,-122.4912316,0.004,37.754149,-122.491235,0.004,37.7541356,-122.4912316,0.004,37.7541356,-122.4912316,0.004,37.754151,-122.491208,0.002,37.7541452,-122.4913202,0.012,37.7541356,-122.4912316,0.004,,,,0.0,0.0,12812.303
San Francisco,14,WETMORE ST,San Francisco,,CA,94108.0,-122.4101669,37.793474,"14 WETMORE ST, San Francisco",913_San,37.7934462,-122.4101835,0.003,37.7934665,-122.410203,0.003,37.793474,-122.410167,0.0,37.79397619,-122.410422,0.06,37.793472,-122.410164,0.0,37.7941972,-122.4107365,0.095,37.793474,-122.410167,0.0,37.79347229,-122.4101639,0.0,37.793472,-122.410164,0.0,37.79347,-122.41017,0.001,37.7934665,-122.410203,0.003,37.793472,-122.410164,0.0,37.7934665,-122.410203,0.003,37.7934665,-122.410203,0.003,37.793474,-122.4101669,0.0,37.793474,-122.410167,0.0,37.7939746,-122.4104221,0.06,,,,0.0,0.0,12804.064
San Francisco,1406,MONTGOMERY ST,San Francisco,,CA,94133.0,-122.4044386,37.8021731,"1406 MONTGOMERY ST, San Francisco",473_San,37.80217197,-122.4044681,0.003,37.8021808,-122.4044633,0.002,37.802173,-122.404439,0.0,37.80218619,-122.404462,0.003,37.802174,-122.40444,0.0,,,,37.802173,-122.404439,0.0,32.03467178,-106.6869812,1569.596,37.8021808,-122.4044633,0.002,37.802172,-122.404439,0.0,37.8021808,-122.4044633,0.002,37.802181,-122.404463,0.002,37.8021808,-122.4044633,0.002,37.8021808,-122.4044633,0.002,37.802188,-122.404458,0.002,37.8021608,-122.4044648,0.003,37.8021808,-122.4044633,0.002,,,,0.0,0.0,12803.241
San Francisco,2000,GOLDEN GATE AVE,San Francisco,,CA,94115.0,-122.4437265,37.7782991,"2000 GOLDEN GATE AVE, San Francisco",434_San,37.77827529,-122.443739,0.003,37.7782798,-122.4437286,0.002,37.778299,-122.443726,0.0,37.77827619,-122.443722,0.003,37.778297,-122.443726,0.0,37.76899057,-122.4817523,3.506,37.778299,-122.443727,0.0,37.8250724,-122.4790475,6.052,37.7782798,-122.4437286,0.002,37.7783,-122.443728,0.0,37.7782798,-122.4437286,0.002,37.778271,-122.443728,0.003,37.7782798,-122.4437286,0.002,37.7782798,-122.4437286,0.002,37.778252,-122.443715,0.005,37.7782328,-122.443703,0.008,37.7782798,-122.4437286,0.002,,,,0.0,0.0,12807.431
San Francisco,882,37TH AVE,San Francisco,,CA,94121.0,-122.4968142,37.7723499,"882 37TH AVE, San Francisco",691_San,37.7723505,-122.4968427,0.003,37.7723487,-122.4968388,0.002,37.77235,-122.496814,0.0,37.77234619,-122.496832,0.002,37.77235,-122.49681,0.0,,,,37.77235,-122.496814,0.0,37.77234669,-122.4968413,0.002,37.7723487,-122.4968388,0.002,37.77235,-122.496812,0.0,37.7723487,-122.4968388,0.002,37.772348,-122.496845,0.003,37.7723487,-122.4968388,0.002,37.7723487,-122.4968388,0.002,37.772342,-122.496846,0.003,37.7723491,-122.4968449,0.003,37.7723487,-122.4968388,0.002,,,,0.0,0.0,12812.025
San Francisco,1801,TARAVAL ST,San Francisco,,CA,94116.0,-122.4855431,37.742437,"1801 TARAVAL ST, San Francisco",483_San,37.74243691,-122.4855746,0.003,37.7424575,-122.4855355,0.002,37.742437,-122.485543,0.0,37.74245618,-122.485532,0.002,37.742435,-122.48554,0.0,,,,37.742437,-122.485543,0.0,,,,37.7424575,-122.4855355,0.002,37.742439,-122.485541,0.0,37.7424575,-122.4855355,0.002,37.742445,-122.485534,0.001,37.7424575,-122.4855355,0.002,37.7424575,-122.4855355,0.002,37.742409,-122.485544,0.003,37.742437,-122.485543,0.0,37.7424575,-122.4855355,0.002,,,,0.0,0.0,12812.317
San Francisco,290,RUTLEDGE ST,San Francisco,,CA,94110.0,-122.4087529,37.7452036,"290 RUTLEDGE ST, San Francisco",383_San,37.74522876,-122.4087585,0.003,37.7451954,-122.4087534,0.001,37.745204,-122.408753,0.0,37.74519618,-122.408752,0.001,37.745205,-122.40875,0.0,37.74511152,-122.4060125,0.242,37.745204,-122.408753,0.0,37.74519348,-122.4057312,0.266,37.7451954,-122.4087534,0.001,37.745202,-122.408751,0.0,37.7451954,-122.4087534,0.001,37.74519,-122.408758,0.002,37.7451954,-122.4087534,0.001,37.7451954,-122.4087534,0.001,37.745187,-122.408766,0.002,37.745225,-122.40874,0.003,37.7451954,-122.4087534,0.001,,,,0.0,0.0,12805.904
San Francisco,2207,CABRILLO ST,San Francisco,,CA,94121.0,-122.4824803,37.7743765,"2207 CABRILLO ST, San Francisco",839_San,37.77437729,-122.4825167,0.003,37.7743886,-122.4824792,0.001,37.774377,-122.48248,0.0,37.77438619,-122.482472,0.001,37.774376,-122.48248,0.0,37.77297375,-122.4987728,1.444,37.774377,-122.48248,0.0,37.77438857,-122.4824834,0.001,37.7743886,-122.4824792,0.001,37.774379,-122.48248,0.0,37.7743886,-122.4824792,0.001,37.774389,-122.482478,0.001,37.7743886,-122.4824792,0.001,37.7743886,-122.4824792,0.001,37.774404,-122.482466,0.003,37.7743811,-122.4823893,0.008,37.7743886,-122.4824792,0.001,,,,0.0,0.0,12810.768
San Francisco,455,LINDEN ST,San Francisco,,CA,94102.0,-122.4254193,37.7759743,"455 LINDEN ST, San Francisco",793_San,37.77599323,-122.4254506,0.003,37.775974,-122.425419,0.0,37.775974,-122.425419,0.0,37.77598619,-122.425422,0.001,37.775974,-122.42542,0.0,37.6424546,-122.4140856,14.853,37.775974,-122.425419,0.0,32.03439753,-106.6873653,1570.363,37.7759875,-122.4254241,0.002,37.775972,-122.425419,0.0,37.7759875,-122.4254241,0.002,37.775974,-122.42542,0.0,37.7759875,-122.4254241,0.002,37.7759875,-122.4254241,0.002,37.775987,-122.425424,0.001,37.775974,-122.425419,0.0,37.7759875,-122.4254241,0.002,,,,0.0,0.0,12806.024
San Francisco,1450,CHESTNUT ST,San Francisco,,CA,94123.0,-122.4272347,37.8022495,"1450 CHESTNUT ST, San Francisco",504_San,37.8022498,-122.4272683,0.003,37.80225,-122.427235,0.0,37.80225,-122.427235,0.0,37.80222619,-122.427212,0.003,37.80225,-122.42724,0.0,,,,37.80225,-122.427235,0.0,37.08433535,-113.5565017,788.722,37.8022286,-122.4272185,0.003,37.80225,-122.427232,0.0,37.8022286,-122.4272185,0.003,37.80225,-122.42724,0.0,37.8022286,-122.4272185,0.003,37.8022286,-122.4272185,0.003,37.802155,-122.427251,0.011,37.802302,-122.4272586,0.006,37.8022286,-122.4272185,0.003,,,,0.0,0.0,12805.107
San Francisco,2118,NORIEGA ST,San Francisco,,CA,94122.0,-122.4865794,37.7540546,"2118 NORIEGA ST, San Francisco",203_San,37.75402879,-122.4865939,0.003,37.7540059,-122.4866007,0.006,,,,37.75400619,-122.486602,0.006,37.754055,-122.48658,0.0,37.7531447,-122.504877,1.616,,,,37.7540059,-122.4866007,0.006,37.7540059,-122.4866007,0.006,37.754053,-122.486579,0.0,37.7540059,-122.4866007,0.006,37.754006,-122.486601,0.006,37.7540059,-122.4866007,0.006,37.7540059,-122.4866007,0.006,37.754006,-122.486601,0.006,37.7540003,-122.4865826,0.006,37.7540059,-122.4866007,0.006,,,,0.0,0.0,12811.93
Hong Kong,10,KIANG SU STREET,,KOWLOON CITY DISTRICT,KLN,,114.18677,22.31642,"10 KIANG SU STREET, KOWLOON CITY DISTRICT, Hong Kong",22_Hon,22.31644819,114.186781,0.003,22.31642,114.18677,0.0,,,,22.31641366,114.1868119,0.004,22.316453,114.186816,0.006,22.32497199,114.1845952,0.973,,,,22.31644394,114.1864951,0.028,22.3164139,114.1868152,0.005,22.316419,114.186767,0.0,22.3164139,114.1868152,0.005,22.31632179,114.1869701,0.023,22.3164139,114.1868152,0.005,22.3164139,114.1868152,0.005,22.31642,114.18677,0.0,22.3164287,114.1867645,0.001,22.3164139,114.1868152,0.005,,,,0.0,0.0,12496.583
Hong Kong,426,HENNESSY ROAD,,WAN CHAI DISTRICT,HK,,114.18089,22.27903,"426 HENNESSY ROAD, WAN CHAI DISTRICT, Hong Kong",662_Hon,22.27902027,114.1809041,0.002,22.27903,114.18089,0.0,22.271264,114.181979,0.867,22.27820365,114.1774219,0.369,22.279536,114.181321,0.072,,,,,,,22.2732043,114.1732483,1.018,22.2800396,114.1828412,0.23,22.279029,114.180892,0.0,22.2782036,114.1774222,0.369,22.27836641,114.1760521,0.504,22.2787534,114.1793085,0.166,22.2800396,114.1828412,0.23,22.27903,114.18089,0.0,22.27903,114.18089,0.0,22.2775843,114.1728604,0.843,,,,0.0,0.0,12496.69
San Francisco,170,KING ST,San Francisco,,CA,94107.0,-122.3914536,37.778756,"170 KING ST, San Francisco",802_San,37.77877607,-122.391463,0.002,37.7790026,-122.3921341,0.066,37.778756,-122.391454,0.0,37.77870619,-122.391452,0.006,37.778755,-122.39146,0.001,37.7763649,-122.3949386,0.406,37.778756,-122.391454,0.0,32.03490829,-106.686676,1567.67,37.7787007,-122.391459,0.006,37.778774,-122.391494,0.004,37.7787007,-122.391459,0.006,37.77878,-122.391332,0.011,37.7787007,-122.391459,0.006,37.7787007,-122.391459,0.006,37.778756,-122.3914536,0.0,37.778982,-122.391752,0.036,37.7787007,-122.391459,0.006,37.78775,-122.40866,1.815,0.0,0.0,12803.126
San Francisco,158,CARNELIAN WAY,San Francisco,,CA,94131.0,-122.4408587,37.7475977,"158 CARNELIAN WAY, San Francisco",729_San,37.74759908,-122.4408771,0.002,37.74768407,-122.4404665,0.036,37.747598,-122.440859,0.0,37.74787618,-122.441812,0.09,37.747597,-122.44086,0.0,,,,37.747598,-122.440859,0.0,,,,37.747597,-122.44086,0.0,37.747599,-122.440859,0.0,37.7476841,-122.4404665,0.036,37.747597,-122.44086,0.0,37.7476841,-122.4404665,0.036,37.7476841,-122.4404665,0.036,37.7475977,-122.4408587,0.0,37.747598,-122.440859,0.0,37.7478457,-122.4400955,0.073,,,,0.0,0.0,12808.442
San Francisco,950,STOCKTON ST,San Francisco,,CA,94108.0,-122.4078006,37.7947168,"950 STOCKTON ST, San Francisco",41_San,37.79471874,-122.40778,0.002,37.79452,-122.4078898,0.023,37.794717,-122.407801,0.0,37.78873619,-122.406842,0.669,37.794716,-122.4078,0.0,37.78912414,-122.4072404,0.623,37.794717,-122.407801,0.0,37.79439926,-122.4078522,0.036,37.794716,-122.4078,0.0,37.794719,-122.4078,0.0,37.79452,-122.4078898,0.023,37.794716,-122.4078,0.0,37.79452,-122.4078898,0.023,37.79452,-122.4078898,0.023,37.7947168,-122.4078006,0.0,37.794716,-122.407802,0.0,37.79242,-122.4097691,0.308,,,,0.0,0.0,12803.819
San Francisco,1262,HOLLISTER AVE,San Francisco,,CA,94124.0,-122.3951492,37.7215747,"1262 HOLLISTER AVE, San Francisco",592_San,37.72157126,-122.3951731,0.002,37.7214007,-122.3952108,0.02,37.721575,-122.395149,0.0,37.72019618,-122.393222,0.229,37.721573,-122.39515,0.0,,,,37.721575,-122.395149,0.0,32.03476384,-106.6860776,1565.951,37.721573,-122.39515,0.0,37.721571,-122.395151,0.0,37.7214007,-122.3952108,0.02,37.721573,-122.39515,0.0,37.7214007,-122.3952108,0.02,37.7214007,-122.3952108,0.02,37.7215747,-122.3951492,0.0,37.7215556,-122.3951276,0.003,37.7185233,-122.390277,0.547,,,,0.0,0.0,12805.745
San Francisco,1900,JACKSON ST,San Francisco,,CA,94109.0,-122.4265527,37.7936916,"1900 JACKSON ST, San Francisco",688_San,37.79368542,-122.4265745,0.002,37.793579,-122.426505,0.013,37.793692,-122.426553,0.0,37.79368619,-122.426552,0.001,37.79369,-122.42655,0.0,,,,37.793692,-122.426553,0.0,37.12527488,-113.5434261,789.11,37.7936886,-122.4265558,0.0,37.793691,-122.426551,0.0,37.7936886,-122.4265558,0.0,37.79368,-122.426553,0.001,37.7936886,-122.4265558,0.0,37.7936886,-122.4265558,0.0,37.793661,-122.426518,0.005,37.793692,-122.426553,0.0,37.7936886,-122.4265558,0.0,,,,0.0,0.0,12805.398
San Francisco,2524,19TH ST,San Francisco,,CA,94110.0,-122.4076464,37.7608541,"2524 19TH ST, San Francisco",345_San,37.76086327,-122.4076277,0.002,37.7607958,-122.4076451,0.006,37.760854,-122.407646,0.0,37.76079619,-122.407642,0.006,37.760853,-122.407646,0.0,,,,37.760854,-122.407646,0.0,37.76156805,-122.3867267,1.845,37.7607958,-122.4076451,0.006,37.76085,-122.40765,0.001,37.7607958,-122.4076451,0.006,37.76078,-122.407644,0.008,37.7607958,-122.4076451,0.006,37.7607958,-122.4076451,0.006,37.760787,-122.407654,0.007,37.7608045,-122.4076359,0.006,37.7607958,-122.4076451,0.006,,,,0.0,0.0,12805.18
San Francisco,3436,19TH ST,San Francisco,,CA,94110.0,-122.4202048,37.7603802,"3436 19TH ST, San Francisco",813_San,37.76035939,-122.4201993,0.002,37.7603372,-122.420224,0.005,37.76038,-122.420205,0.0,37.76033619,-122.420222,0.005,37.76038,-122.420204,0.0,,,,37.76038,-122.420205,0.0,37.76156805,-122.3867267,2.953,37.7603372,-122.420224,0.005,37.76038,-122.420202,0.0,37.7603372,-122.420224,0.005,37.76038,-122.420204,0.0,37.7603372,-122.420224,0.005,37.7603372,-122.420224,0.005,37.760361,-122.420228,0.003,37.76038,-122.420205,0.0,37.7603372,-122.420224,0.005,,,,0.0,0.0,12806.229
San Francisco,27,CABRILLO ST,San Francisco,,CA,94118.0,-122.4590414,37.7753378,"27 CABRILLO ST, San Francisco",635_San,37.77533023,-122.4590672,0.002,37.7753782,-122.4590286,0.005,37.775338,-122.459041,0.0,37.77537619,-122.459022,0.005,37.775337,-122.45904,0.0,,,,37.775338,-122.459041,0.0,37.77537747,-122.4590569,0.005,37.7753782,-122.4590286,0.005,37.775339,-122.45904,0.0,37.7753782,-122.4590286,0.005,37.77538,-122.459056,0.005,37.7753782,-122.4590286,0.005,37.7753782,-122.4590286,0.005,37.775375,-122.459057,0.004,37.775334,-122.459041,0.0,37.7753782,-122.4590286,0.005,,,,0.0,0.0,12808.807
San Francisco,500,36TH AVE,San Francisco,,CA,94121.0,-122.496323,37.7792536,"500 36TH AVE, San Francisco",70_San,37.7792742,-122.4963148,0.002,37.7792932,-122.4963403,0.005,37.779254,-122.496323,0.0,37.77929619,-122.496342,0.005,37.779255,-122.49632,0.0,37.739175,-122.4167091,8.307,37.779254,-122.496323,0.0,37.77927383,-122.4963299,0.002,37.7792932,-122.4963403,0.005,37.779252,-122.496321,0.0,37.7792932,-122.4963403,0.005,37.779271,-122.496331,0.002,37.7792932,-122.4963403,0.005,37.7792932,-122.4963403,0.005,37.779283,-122.496319,0.003,37.7792731,-122.4963265,0.002,37.7792932,-122.4963403,0.005,,,,0.0,0.0,12811.704
San Francisco,626,CLARENDON AVE,San Francisco,,CA,94131.0,-122.4579828,37.7525182,"626 CLARENDON AVE, San Francisco",397_San,37.75252085,-122.4580081,0.002,37.75249,-122.4580138,0.004,37.752518,-122.457983,0.0,37.75249619,-122.458012,0.004,37.752518,-122.457985,0.0,37.739175,-122.4167091,3.928,37.752518,-122.457983,0.0,32.03506866,-106.6848597,1572.393,37.75249,-122.4580138,0.004,37.752519,-122.457981,0.0,37.75249,-122.4580138,0.004,37.75249,-122.458013,0.004,37.75249,-122.4580138,0.004,37.75249,-122.4580138,0.004,37.752468,-122.458022,0.007,37.7525055,-122.4579971,0.002,37.75249,-122.4580138,0.004,,,,0.0,0.0,12809.647
San Francisco,2380,CALIFORNIA ST,San Francisco,,CA,94115.0,-122.4335009,37.7891838,"2380 CALIFORNIA ST, San Francisco",744_San,37.78917017,-122.4334955,0.002,37.7891456,-122.4334976,0.004,37.789184,-122.433501,0.0,37.78914619,-122.433492,0.004,37.789185,-122.4335,0.0,37.7524987,-122.420878,4.221,37.789184,-122.433501,0.0,37.12132645,-113.5333481,790.646,37.7891456,-122.4334976,0.004,37.789182,-122.4335,0.0,37.7891456,-122.4334976,0.004,37.789154,-122.4335,0.003,37.7891456,-122.4334976,0.004,37.7891456,-122.4334976,0.004,37.789164,-122.433492,0.002,37.7891574,-122.4334938,0.003,37.7891456,-122.4334976,0.004,37.74251,-123.0591,55.365,0.0,0.0,12806.151
San Francisco,1816,MCALLISTER ST,San Francisco,,CA,94115.0,-122.4422639,37.7775157,"1816 MCALLISTER ST, San Francisco",963_San,37.77749892,-122.4422822,0.002,37.7774861,-122.4422647,0.003,37.777516,-122.442264,0.0,37.77748619,-122.442262,0.003,37.777515,-122.44226,0.0,37.7803283,-122.4208286,1.914,37.777516,-122.442264,0.0,37.77748935,-122.4422646,0.003,37.7774861,-122.4422647,0.003,37.777518,-122.442262,0.0,37.7774861,-122.4422647,0.003,37.777515,-122.44226,0.0,37.7774861,-122.4422647,0.003,37.7774861,-122.4422647,0.003,37.777529,-122.442262,0.001,37.777516,-122.442264,0.0,37.7774861,-122.4422647,0.003,,,,0.0,0.0,12807.343
San Francisco,952,SUTTER ST,San Francisco,,CA,94109.0,-122.4161632,37.7885463,"952 SUTTER ST, San Francisco",507_San,37.78853273,-122.4161617,0.002,37.7885375,-122.4161924,0.003,37.788546,-122.416163,0.0,37.78853619,-122.416192,0.003,37.788548,-122.41616,0.0,,,,37.788546,-122.416163,0.0,37.78855981,-122.4161937,0.003,37.7885375,-122.4161924,0.003,37.788549,-122.416161,0.0,37.7885375,-122.4161924,0.003,37.788547,-122.416193,0.003,37.7885375,-122.4161924,0.003,37.7885375,-122.4161924,0.003,37.788576,-122.416199,0.005,37.7885477,-122.4161812,0.002,37.7885375,-122.4161924,0.003,,,,0.0,0.0,12804.755
San Francisco,814,CORBETT AVE,San Francisco,,CA,94131.0,-122.4434786,37.7537385,"814 CORBETT AVE, San Francisco",164_San,37.75375198,-122.4435013,0.002,37.7537376,-122.4434635,0.001,37.753738,-122.443479,0.0,37.75373619,-122.443462,0.001,37.75374,-122.44348,0.0,37.739175,-122.4167091,2.86,,,,32.03512192,-106.6854706,1571.176,37.7537376,-122.4434635,0.001,37.753731,-122.44343,0.004,37.7537376,-122.4434635,0.001,37.753743,-122.44345,0.003,37.7537376,-122.4434635,0.001,37.7537376,-122.4434635,0.001,37.7537385,-122.4434786,0.0,37.7537396,-122.4434484,0.003,37.7537376,-122.4434635,0.001,,,,0.0,0.0,12808.407
San Francisco,3575,FILLMORE ST,San Francisco,,CA,94123.0,-122.437055,37.8025012,"3575 FILLMORE ST, San Francisco",974_San,37.80251567,-122.4370611,0.002,37.8025117,-122.4370453,0.001,37.802501,-122.437055,0.0,37.80251619,-122.437042,0.002,37.8025,-122.43706,0.0,37.77195662,-122.4321037,3.418,37.802501,-122.437055,0.0,37.7850874,-122.433082,1.964,37.8025117,-122.4370453,0.001,37.802501,-122.437057,0.0,37.8025117,-122.4370453,0.001,37.802506,-122.437041,0.001,37.8025117,-122.4370453,0.001,37.8025117,-122.4370453,0.001,37.802502,-122.437004,0.004,37.8025088,-122.4370277,0.003,37.8025117,-122.4370453,0.001,37.78796,-122.43367,1.641,0.0,0.0,12805.902
San Francisco,1431,VAN DYKE AVE,San Francisco,,CA,94124.0,-122.3893158,37.7271011,"1431 VAN DYKE AVE, San Francisco",488_San,37.72710771,-122.3893417,0.002,37.7271074,-122.3893283,0.001,37.727101,-122.389316,0.0,37.72710618,-122.389322,0.001,37.7271,-122.38931,0.001,,,,37.727101,-122.389316,0.0,37.72710565,-122.3893298,0.001,37.7271074,-122.3893283,0.001,37.727101,-122.389318,0.0,37.7271074,-122.3893283,0.001,37.727106,-122.38933,0.001,37.7271074,-122.3893283,0.001,37.7271074,-122.3893283,0.001,37.727089,-122.389359,0.004,37.7271128,-122.3893277,0.002,37.7271074,-122.3893283,0.001,,,,0.0,0.0,12805.042
San Francisco,495,44TH AVE,San Francisco,,CA,94121.0,-122.5053426,37.7793753,"495 44TH AVE, San Francisco",665_San,37.7793737,-122.5053697,0.002,37.779377,-122.5053405,0.0,37.779375,-122.505343,0.0,37.77937619,-122.505342,0.0,37.779368,-122.505344,0.001,,,,37.779375,-122.505343,0.0,37.7793754,-122.5053483,0.0,37.779377,-122.5053405,0.0,37.779378,-122.505341,0.0,37.779377,-122.5053405,0.0,37.779375,-122.50535,0.001,37.779377,-122.5053405,0.0,37.779377,-122.5053405,0.0,37.779368,-122.505344,0.001,37.779375,-122.505343,0.0,37.779377,-122.5053405,0.0,,,,0.0,0.0,12812.439
Hong Kong,7A,YUEN LING TSAI,,ISLANDS DISTRICT,NT,,114.03847,22.28164,"7A YUEN LING TSAI, ISLANDS DISTRICT, Hong Kong",346_Hon,22.28165118,114.0384786,0.002,22.28116,114.03911,0.085,,,,22.28176365,114.0383819,0.016,,,,22.23712568,114.1713372,14.555,,,,22.44445765,114.1764346,22.956,22.2817653,114.0383816,0.017,22.281639,114.038467,0.0,22.2817653,114.0383816,0.017,22.2817653,114.0383813,0.017,22.2817653,114.0383816,0.017,22.2817653,114.0383816,0.017,,,,22.3065813,114.1027285,7.175,22.2817653,114.0383816,0.017,,,,0.0,0.0,12482.176
San Francisco,1048,DIVISADERO ST,San Francisco,,CA,94115.0,-122.4384353,37.7794249,"1048 DIVISADERO ST, San Francisco",23_San,37.77942118,-122.4384569,0.002,37.7791584,-122.4387961,0.043,,,,37.77942619,-122.438472,0.003,37.779427,-122.43844,0.0,37.7944834,-122.4422868,1.705,,,,37.77647754,-122.4379453,0.33,37.7794274,-122.4384732,0.003,37.779423,-122.438437,0.0,37.7794274,-122.4384732,0.003,37.779427,-122.43844,0.0,37.7794274,-122.4384732,0.003,37.7794274,-122.4384732,0.003,37.779433,-122.438482,0.004,37.779425,-122.438435,0.0,37.7794274,-122.4384732,0.003,,,,0.0,0.0,12806.952
Hong Kong,30,CANNON STREET,,WAN CHAI DISTRICT,HK,,114.18365,22.28182,"30 CANNON STREET, WAN CHAI DISTRICT, Hong Kong",32_Hon,22.28183307,114.1836559,0.002,22.28182,114.18365,0.0,,,,22.28179365,114.1836119,0.005,22.281791,114.183615,0.005,22.28101,114.1835802,0.09,,,,22.37334672,114.1066752,12.869,22.2817914,114.1836151,0.005,22.27925,114.17325,1.109,22.2817914,114.1836151,0.005,22.281792,114.183615,0.005,22.2817914,114.1836151,0.005,22.2817914,114.1836151,0.005,22.28182,114.18365,0.0,22.2796766,114.1716845,1.256,22.2817914,114.1836151,0.005,,,,0.0,0.0,12496.918
Hong Kong,18A,LUK TEI TONG,,ISLANDS DISTRICT,NT,,113.99158,22.26258,"18A LUK TEI TONG, ISLANDS DISTRICT, Hong Kong",547_Hon,22.26258721,113.991586,0.001,22.26258,113.99158,0.0,22.23157,114.018829,4.436,22.26281365,113.9913219,0.037,22.23157,114.018829,4.436,,,,,,,22.26273918,113.9903183,0.131,22.2634812,113.9929159,0.17,22.26258,113.991577,0.0,22.2634812,113.9929159,0.17,22.26281448,113.9913277,0.037,22.2634812,113.9929159,0.17,22.2634812,113.9929159,0.17,22.26258,113.99158,0.0,22.2103677,114.0287995,6.939,22.2634812,113.9929159,0.17,22.26274,113.99032,0.131,0.0,0.0,12477.768
Hong Kong,79,CHIK FU STREET,,SHA TIN DISTRICT,NT,,114.17844,22.3744,"79 CHIK FU STREET, SHA TIN DISTRICT, Hong Kong",994_Hon,22.37439878,114.1784529,0.001,22.388751,114.202644,2.956,22.388751,114.202644,2.956,22.37525367,114.1782419,0.097,22.374983,114.178368,0.065,22.41142947,114.2112727,5.315,,,,22.3744193,114.1784546,0.003,22.3752503,114.1782449,0.096,22.374641,114.178497,0.027,22.3752503,114.1782449,0.096,22.37537937,114.1782137,0.111,22.3752503,114.1782449,0.096,22.3752503,114.1782449,0.096,22.3744,114.17844,0.0,22.3744,114.17844,0.0,22.3752503,114.1782449,0.096,,,,0.0,0.0,12494.643
Hong Kong,60,MUK MIN HA TSUEN,,TSUEN WAN DISTRICT,NT,,114.11772,22.37659,"60 MUK MIN HA TSUEN, TSUEN WAN DISTRICT, Hong Kong",171_Hon,22.37659015,114.1177291,0.001,22.37659,114.11772,0.0,22.381131,114.135572,1.906,22.37658367,114.1177219,0.001,22.381131,114.135572,1.906,22.31417655,114.0431731,10.331,,,,22.38332939,114.1166687,0.754,22.3764424,114.1183347,0.065,22.37659,114.117721,0.0,22.3765826,114.1177226,0.001,22.376583,114.117722,0.001,22.3764424,114.1183347,0.065,22.3764424,114.1183347,0.065,22.381131,114.135572,1.906,22.3746298,114.115097,0.347,22.3763256,114.11688,0.091,22.38333,114.11667,0.754,0.0,0.0,12488.44
Hong Kong,69,MUK MIN HA TSUEN,,TSUEN WAN DISTRICT,NT,,114.11807,22.37668,"69 MUK MIN HA TSUEN, TSUEN WAN DISTRICT, Hong Kong",389_Hon,22.37668566,114.1180773,0.001,22.37668,114.11807,0.0,22.381131,114.135572,1.869,22.37669367,114.1179419,0.013,22.381131,114.135572,1.869,22.31417655,114.0431731,10.365,,,,22.38332939,114.1166687,0.75,22.3764424,114.1183347,0.038,22.37668,114.118072,0.0,22.3766987,114.1179433,0.013,22.376699,114.117943,0.013,22.3764424,114.1183347,0.038,22.3764424,114.1183347,0.038,22.381131,114.135572,1.869,22.3746298,114.115097,0.381,22.3763256,114.11688,0.129,22.38333,114.11667,0.75,0.0,0.0,12488.473
Hong Kong,27,NGAN MOK STREET,,WAN CHAI DISTRICT,HK,,114.1921,22.28407,"27 NGAN MOK STREET, WAN CHAI DISTRICT, Hong Kong",543_Hon,22.28407896,114.1921043,0.001,22.28407,114.1921,0.0,22.271264,114.181979,1.76,22.28405365,114.1921719,0.008,22.284088,114.192144,0.005,,,,,,,22.284051,114.192177,0.008,22.284051,114.192177,0.008,22.284069,114.1921,0.0,22.284051,114.192177,0.008,22.284051,114.192177,0.008,22.284051,114.192177,0.008,22.284051,114.192177,0.008,22.28407,114.1921,0.0,22.28407,114.1921,0.0,22.2840866,114.1921122,0.002,,,,0.0,0.0,12497.734
Hong Kong,875,LAI CHI KOK ROAD,,SHAM SHUI PO DISTRICT,KLN,,114.14654,22.3345,"875 LAI CHI KOK ROAD, SHAM SHUI PO DISTRICT, Hong Kong",449_Hon,22.33450675,114.1465464,0.001,22.3345,114.14654,0.0,22.330614,114.161252,1.576,22.33608366,114.1441119,0.305,22.33423,114.146328,0.037,,,,,,,22.33565502,114.1450282,0.202,22.3350201,114.1470573,0.078,22.334499,114.146537,0.0,22.3350086,114.146113,0.071,22.33141787,114.1553461,0.969,22.336082,114.1441118,0.305,22.3350086,114.146113,0.071,22.3345,114.14654,0.0,22.328272,114.160822,1.625,22.3307054,114.156184,1.079,,,,0.0,0.0,12492.158
Hong Kong,53,CARPENTER ROAD,,KOWLOON CITY DISTRICT,KLN,,114.19123,22.33041,"53 CARPENTER ROAD, KOWLOON CITY DISTRICT, Hong Kong",396_Hon,22.33041864,114.1912334,0.001,22.33041,114.19123,0.0,22.317422,114.190002,1.444,22.33042366,114.1912519,0.003,22.330453,114.191266,0.006,22.34180813,114.181033,1.642,,,,22.31880085,114.1889529,1.307,22.3304271,114.1912579,0.003,22.33041,114.19123,0.0,22.3304271,114.1912579,0.003,22.330453,114.191258,0.006,22.3304271,114.1912579,0.003,22.3304271,114.1912579,0.003,22.33041,114.19123,0.0,22.330423,114.191234,0.001,22.3304271,114.1912579,0.003,,,,0.0,0.0,12496.772
Hong Kong,57,CARPENTER ROAD,,KOWLOON CITY DISTRICT,KLN,,114.1908,22.33043,"57 CARPENTER ROAD, KOWLOON CITY DISTRICT, Hong Kong",604_Hon,22.33043805,114.1908051,0.001,22.33043,114.1908,0.0,22.317422,114.190002,1.443,22.33063366,114.1886419,0.223,22.3305487,114.1910286,0.027,,,,,,,22.31880085,114.1889529,1.302,22.3306806,114.1873894,0.352,22.330429,114.190803,0.0,22.3305816,114.1901106,0.073,22.33059122,114.1898002,0.105,22.3306928,114.1879631,0.294,22.3305816,114.1901106,0.073,22.33043,114.1908,0.0,22.330442,114.190806,0.001,22.3309886,114.1881733,0.278,,,,0.0,0.0,12496.728
Hong Kong,76,HENNESSY ROAD,,WAN CHAI DISTRICT,HK,,114.17119,22.27735,"76 HENNESSY ROAD, WAN CHAI DISTRICT, Hong Kong",785_Hon,22.27735977,114.1711951,0.001,22.27735,114.17119,0.0,22.271264,114.181979,1.3,22.27820365,114.1774219,0.649,22.277356,114.171196,0.001,22.28001977,114.1832341,1.276,,,,22.2732043,114.1732483,0.506,22.2800396,114.1828412,1.237,22.277349,114.171188,0.0,22.2782036,114.1774222,0.649,22.27836641,114.1760521,0.514,22.2782036,114.1774222,0.649,22.2787534,114.1793085,0.851,22.27735,114.17119,0.0,22.277362,114.171202,0.002,22.2773178,114.1711919,0.004,,,,0.0,0.0,12495.737
Hong Kong,5,SWATOW STREET,,WAN CHAI DISTRICT,HK,,114.17147,22.27553,"5 SWATOW STREET, WAN CHAI DISTRICT, Hong Kong",573_Hon,22.27553851,114.1714727,0.001,22.27553,114.17147,0.0,22.271264,114.181979,1.182,22.27583365,114.1717119,0.042,22.2755567,114.171608,0.015,,,,,,,22.37334672,114.1066752,12.724,22.2755641,114.1714827,0.004,22.275529,114.17147,0.0,22.2758355,114.171718,0.042,22.275564,114.171483,0.004,22.2755641,114.1714827,0.004,22.2755641,114.1714827,0.004,22.27553,114.17147,0.0,22.275527,114.171478,0.001,22.2755641,114.1714827,0.004,,,,0.0,0.0,12495.799
Hong Kong,188,QUEEN'S ROAD EAST,,WAN CHAI DISTRICT,HK,,114.17182,22.27518,"188 QUEEN'S ROAD EAST, WAN CHAI DISTRICT, Hong Kong",934_Hon,22.27519204,114.1718196,0.001,22.27518,114.17182,0.0,22.271264,114.181979,1.133,22.27520365,114.1718019,0.003,22.275215,114.171873,0.007,22.27431668,114.1732716,0.178,,,,22.2732043,114.1732483,0.264,22.2752019,114.1718086,0.003,22.27518,114.171821,0.0,22.2752019,114.1718086,0.003,22.2753832,114.1737278,0.198,22.2752019,114.1718086,0.003,22.2752019,114.1718086,0.003,22.27518,114.17182,0.0,22.27519,114.171812,0.001,22.2752019,114.1718086,0.003,,,,0.0,0.0,12495.841
Hong Kong,6,LUNG ON STREET,,WAN CHAI DISTRICT,HK,,114.17406,22.27316,"6 LUNG ON STREET, WAN CHAI DISTRICT, Hong Kong",925_Hon,22.27316517,114.1740618,0.001,22.27316,114.17406,0.0,22.271264,114.181979,0.843,22.27316365,114.1740619,0.0,22.27316,114.174063,0.0,22.28092333,114.1683711,1.041,,,,22.50162904,114.1287633,25.726,22.2731604,114.1740632,0.0,22.27316,114.174057,0.0,22.2731604,114.1740632,0.0,22.27309878,114.17397,0.011,22.2731604,114.1740632,0.0,22.2731604,114.1740632,0.0,22.27316,114.17406,0.0,22.27316,114.17406,0.0,22.2731604,114.1740632,0.0,,,,0.0,0.0,12496.107
Hong Kong,273,SHUN NING ROAD,,SHAM SHUI PO DISTRICT,KLN,,114.15848,22.33731,"273 SHUN NING ROAD, SHAM SHUI PO DISTRICT, Hong Kong",319_Hon,22.33731565,114.1584756,0.001,22.33731,114.15848,0.0,22.330614,114.161252,0.795,22.33730366,114.1584319,0.005,22.337302,114.158432,0.005,22.3376738,114.1465191,1.233,,,,22.337302,114.158432,0.005,22.337302,114.158432,0.005,22.33731,114.158477,0.0,22.337302,114.158432,0.005,22.337302,114.158432,0.005,22.337302,114.158432,0.005,22.337302,114.158432,0.005,22.337302,114.158432,0.005,22.342913,114.157395,0.63,22.337302,114.158432,0.005,,,,0.0,0.0,12493.317
Hong Kong,83,SHUN NING ROAD,,SHAM SHUI PO DISTRICT,KLN,,114.15959,22.33644,"83 SHUN NING ROAD, SHAM SHUI PO DISTRICT, Hong Kong",343_Hon,22.33644553,114.15958,0.001,,,,22.330614,114.161252,0.667,22.33643366,114.1595819,0.001,22.336437,114.159585,0.001,22.3376738,114.1465191,1.353,,,,22.33709291,114.1596398,0.072,22.3364395,114.1595873,0.0,22.336439,114.159591,0.0,22.3364395,114.1595873,0.0,22.33644,114.159587,0.0,22.3364395,114.1595873,0.0,22.3364395,114.1595873,0.0,22.336437,114.159585,0.001,22.3364399,114.1595859,0.0,22.3364395,114.1595873,0.0,,,,0.0,0.0,12493.446
Hong Kong,159,KI LUNG STREET,,SHAM SHUI PO DISTRICT,KLN,,114.16388,22.32717,"159 KI LUNG STREET, SHAM SHUI PO DISTRICT, Hong Kong",949_Hon,22.32717439,114.1638861,0.001,22.32717,114.16388,0.0,22.330614,114.161252,0.468,22.32720366,114.1638819,0.004,22.327185,114.163869,0.002,22.33425525,114.1686639,0.927,,,,22.32719434,114.1638707,0.003,22.327202,114.1638847,0.004,22.327169,114.163879,0.0,22.327202,114.1638847,0.004,22.327198,114.163873,0.003,22.327202,114.1638847,0.004,22.327202,114.1638847,0.004,22.32717,114.16388,0.0,22.327173,114.163896,0.002,22.327202,114.1638847,0.004,,,,0.0,0.0,12494.056
Hong Kong,128,KAU PUI LUNG ROAD,,KOWLOON CITY DISTRICT,KLN,,114.186,22.31808,"128 KAU PUI LUNG ROAD, KOWLOON CITY DISTRICT, Hong Kong",627_Hon,22.31808233,114.1860045,0.001,22.31808,114.186,0.0,22.317422,114.190002,0.419,22.31791366,114.1864219,0.047,22.3179457,114.186423,0.046,,,,,,,22.31743151,114.1860757,0.072,22.3179106,114.1864227,0.047,22.31808,114.185997,0.0,22.3179106,114.1864227,0.047,22.3177539,114.186416,0.056,22.3179106,114.1864227,0.047,22.3158961,114.1864228,0.246,22.31808,114.186,0.0,22.317835,114.186239,0.037,22.3155662,114.1858957,0.279,,,,0.0,0.0,12496.473
Hong Kong,9,WAI YAN STREET,,TAI PO DISTRICT,NT,,114.16538,22.44895,"9 WAI YAN STREET, TAI PO DISTRICT, Hong Kong",204_Hon,22.4489556,114.1653867,0.001,,,,22.45007,114.16877,0.37,22.44854368,114.1659419,0.073,22.4486438,114.1657289,0.049,22.3356675,114.1979886,12.986,,,,22.37193713,114.1740239,8.574,22.448544,114.1659473,0.074,22.448949,114.165382,0.0,22.448544,114.1659473,0.074,22.44862061,114.1657715,0.054,22.448544,114.1659473,0.074,22.448544,114.1659473,0.074,22.44895,114.16538,0.0,22.448955,114.165392,0.001,22.4482731,114.1661951,0.113,,,,0.0,0.0,12491.908
Hong Kong,230,TAI NAN STREET,,SHAM SHUI PO DISTRICT,KLN,,114.16264,22.32787,"230 TAI NAN STREET, SHAM SHUI PO DISTRICT, Hong Kong",482_Hon,22.32787356,114.1626495,0.001,22.32787,114.16264,0.0,22.330614,114.161252,0.336,22.32785366,114.1626419,0.002,22.327866,114.162664,0.003,,,,,,,22.41957012,114.1999108,10.856,22.3278597,114.1626413,0.001,22.327869,114.162643,0.0,22.3278597,114.1626413,0.001,22.327862,114.162643,0.001,22.3278597,114.1626413,0.001,22.3278597,114.1626413,0.001,22.32787,114.16264,0.0,22.327873,114.16266,0.002,22.3278597,114.1626413,0.001,,,,0.0,0.0,12493.917
Hong Kong,179,NAM CHEONG STREET,,SHAM SHUI PO DISTRICT,KLN,,114.16419,22.3306,"179 NAM CHEONG STREET, SHAM SHUI PO DISTRICT, Hong Kong",674_Hon,22.33060368,114.1641999,0.001,22.3306,114.16419,0.0,22.330614,114.161252,0.303,22.33059366,114.1642019,0.001,22.330615,114.164185,0.002,,,,,,,22.3398736,114.1651896,1.032,22.3305957,114.1642086,0.002,22.3306,114.164192,0.0,22.3305957,114.1642086,0.002,22.330604,114.1642,0.001,22.3305957,114.1642086,0.002,22.3305957,114.1642086,0.002,22.330615,114.164185,0.002,22.341632,114.164024,1.222,22.3305957,114.1642086,0.002,,,,0.0,0.0,12494.023
Hong Kong,48A,KWEILIN STREET,,SHAM SHUI PO DISTRICT,KLN,,114.1631,22.33222,"48A KWEILIN STREET, SHAM SHUI PO DISTRICT, Hong Kong",846_Hon,22.33222725,114.1630981,0.001,22.33222,114.1631,0.0,22.330614,114.161252,0.261,22.33085366,114.1616319,0.214,22.33222,114.163111,0.001,22.33425525,114.1686639,0.616,,,,22.31877084,113.9982325,17.051,22.3308584,114.1616318,0.214,22.33222,114.163101,0.0,22.3320171,114.1627427,0.043,22.332178,114.163046,0.007,22.3321784,114.1630462,0.007,22.3286968,114.1597624,0.52,22.33222,114.1631,0.0,22.33222,114.1631,0.0,22.3297961,114.1615433,0.313,,,,0.0,0.0,12493.882
Hong Kong,20,NGAU PEI SHA NEW VILLAGE,,SHA TIN DISTRICT,NT,,114.20883,22.37893,"20 NGAU PEI SHA NEW VILLAGE, SHA TIN DISTRICT, Hong Kong",198_Hon,22.37893934,114.2088346,0.001,22.379966,114.207869,0.152,22.37893,114.20883,0.0,22.37893367,114.2088319,0.0,22.37894,114.208835,0.001,22.350627,114.1849161,3.986,,,,22.38097962,114.205297,0.429,22.3789398,114.2088346,0.001,22.378929,114.208831,0.0,22.3789398,114.2088346,0.001,22.37894,114.208835,0.001,22.3789398,114.2088346,0.001,22.3789398,114.2088346,0.001,22.37893,114.20883,0.0,22.3811522,114.206837,0.32,22.3789398,114.2088346,0.001,,,,0.0,0.0,12497.641
Hong Kong,14,NGAU PEI SHA NEW VILLAGE,,SHA TIN DISTRICT,NT,,114.2084,22.37891,"14 NGAU PEI SHA NEW VILLAGE, SHA TIN DISTRICT, Hong Kong",463_Hon,22.37891336,114.2084096,0.001,22.379966,114.207869,0.129,22.37891,114.2084,0.0,22.37891367,114.2084019,0.0,22.378913,114.20841,0.001,,,,,,,22.38097962,114.205297,0.393,22.3789133,114.2084098,0.001,22.37891,114.208396,0.0,22.3789133,114.2084098,0.001,22.378913,114.20841,0.001,22.3789133,114.2084098,0.001,22.3789133,114.2084098,0.001,22.37891,114.2084,0.0,22.3811522,114.206837,0.296,22.3789133,114.2084098,0.001,,,,0.0,0.0,12497.598
Hong Kong,66,SHAM TSENG VILLAGE,,TSUEN WAN DISTRICT,NT,,114.05895,22.36746,"66 SHAM TSENG VILLAGE, TSUEN WAN DISTRICT, Hong Kong",496_Hon,22.36746976,114.0589529,0.001,22.36675,114.05847,0.093,22.36746,114.05895,0.0,22.36746366,114.0589619,0.001,22.366883,114.059226,0.07,,,,,,,22.36758309,114.0585914,0.039,22.367467,114.0589615,0.001,22.36746,114.058952,0.0,22.367467,114.0589615,0.001,22.367467,114.058961,0.001,22.367467,114.0589615,0.001,22.367467,114.0589615,0.001,22.36746,114.05895,0.0,22.3600975,114.1102042,5.342,22.367467,114.0589615,0.001,,,,0.0,0.0,12482.647
Hong Kong,16,LEUNG TIN VILLAGE,,TUEN MUN DISTRICT,NT,,113.97961,22.39977,"16 LEUNG TIN VILLAGE, TUEN MUN DISTRICT, Hong Kong",445_Hon,22.39977261,113.97962,0.001,22.4003856,113.9800715,0.083,22.39977,113.97961,0.0,22.39976367,113.9795719,0.004,22.399767,113.979571,0.004,,,,,,,22.3998122,113.9795937,0.005,22.4003856,113.9800715,0.083,22.39977,113.979606,0.0,22.3997669,113.9795709,0.004,22.40730903,113.9668163,1.56,22.39161,113.96792,1.505,22.4003856,113.9800715,0.083,22.39977,113.97961,0.0,22.40425651,113.9696046,1.144,22.4003856,113.9800715,0.083,,,,0.0,0.0,12473.988
San Francisco,424,JONES ST,San Francisco,,CA,94102.0,-122.4125964,37.7852998,"424 JONES ST, San Francisco",453_San,37.78530469,-122.4125971,0.001,37.7851,-122.4127245,0.025,37.7853,-122.412596,0.0,37.80766619,-122.417392,2.518,37.7853,-122.4126,0.0,,,,37.7853,-122.412596,0.0,38.41871262,-121.455307,109.512,37.7853,-122.4126,0.0,37.785301,-122.412646,0.004,37.7851,-122.4127245,0.025,37.7853,-122.4126,0.0,37.7851,-122.4127245,0.025,37.7851,-122.4127245,0.025,37.7852998,-122.4125964,0.0,37.7853,-122.412596,0.0,37.8073311,-122.417377,2.481,,,,0.0,0.0,12804.595
San Francisco,880,SHOTWELL ST,San Francisco,,CA,94110.0,-122.4155076,37.7542068,"880 SHOTWELL ST, San Francisco",738_San,37.75421265,-122.4155137,0.001,37.75439969,-122.4154589,0.022,37.754207,-122.415508,0.0,37.76140619,-122.416042,0.8,37.754208,-122.415504,0.0,37.7556376,-122.4154953,0.159,37.754207,-122.415508,0.0,37.7482325,-122.4149402,0.665,37.754208,-122.415504,0.0,37.754209,-122.415509,0.0,37.7543997,-122.4154589,0.022,37.754208,-122.415504,0.0,37.7543997,-122.4154589,0.022,37.7543997,-122.4154589,0.022,37.7542068,-122.4155076,0.0,37.754207,-122.415508,0.0,37.7587423,-122.4156655,0.504,,,,0.0,0.0,12806.094
San Francisco,299,WEBSTER ST,San Francisco,,CA,94117.0,-122.4292536,37.773084,"299 WEBSTER ST, San Francisco",316_San,37.77308635,-122.4292455,0.001,37.773113,-122.429068,0.017,37.773084,-122.429254,0.0,37.77372619,-122.429102,0.073,37.773083,-122.42925,0.0,37.7713924,-122.4286167,0.196,37.773084,-122.429254,0.0,32.03490829,-106.686676,1570.607,37.773083,-122.42925,0.0,37.773082,-122.429252,0.0,37.773113,-122.429068,0.017,37.773083,-122.42925,0.0,37.773113,-122.429068,0.017,37.773113,-122.429068,0.017,37.773084,-122.4292536,0.0,37.773084,-122.429254,0.0,37.7768272,-122.4297278,0.418,,,,0.0,0.0,12806.456
San Francisco,1233,MASONIC AVE,San Francisco,,CA,94117.0,-122.4455954,37.7696736,"1233 MASONIC AVE, San Francisco",557_San,37.76968053,-122.4455875,0.001,37.7697379,-122.4454545,0.014,37.769674,-122.445595,0.0,37.76969619,-122.445582,0.003,37.769672,-122.445595,0.0,,,,37.769674,-122.445595,0.0,32.03482536,-106.6859236,1571.909,37.7696996,-122.4455864,0.003,37.769672,-122.445597,0.0,37.7696996,-122.4455864,0.003,37.769738,-122.445455,0.014,37.7696996,-122.4455864,0.003,37.7696996,-122.4455864,0.003,37.769697,-122.445547,0.005,37.769674,-122.445595,0.0,37.7696996,-122.4455864,0.003,,,,0.0,0.0,12807.934
San Francisco,212,CAMBRIDGE ST,San Francisco,,CA,94134.0,-122.4195924,37.7286321,"212 CAMBRIDGE ST, San Francisco",661_San,37.72863355,-122.4195862,0.001,37.7286977,-122.419564,0.008,37.728632,-122.419592,0.0,37.72869618,-122.419562,0.008,37.728634,-122.41959,0.0,,,,37.728632,-122.419592,0.0,32.03490829,-106.686676,1568.186,37.7286977,-122.419564,0.008,37.728631,-122.419591,0.0,37.7286977,-122.419564,0.008,37.728671,-122.419612,0.005,37.7286977,-122.419564,0.008,37.7286977,-122.419564,0.008,37.72866,-122.419612,0.004,37.7286372,-122.4196196,0.002,37.7286977,-122.419564,0.008,14.28106,120.90095,11261.739,0.0,0.0,12807.465
San Francisco,330,ALEMANY BLVD,San Francisco,,CA,94110.0,-122.4126724,37.7341729,"330 ALEMANY BLVD, San Francisco",702_San,37.73417018,-122.4126884,0.001,37.7341353,-122.4126906,0.004,37.734173,-122.412672,0.0,37.73413618,-122.412692,0.004,37.734173,-122.412674,0.0,,,,37.734173,-122.412672,0.0,37.7336243,-122.4124512,0.064,37.7341353,-122.4126906,0.004,37.734172,-122.412671,0.0,37.7341353,-122.4126906,0.004,37.734159,-122.41269,0.002,37.7341353,-122.4126906,0.004,37.7341353,-122.4126906,0.004,37.734143,-122.412698,0.004,37.7340241,-122.4126667,0.017,37.7341353,-122.4126906,0.004,,,,0.0,0.0,12806.673
San Francisco,1888,GOLDEN GATE AVE,San Francisco,,CA,94115.0,-122.4416561,37.778563,"1888 GOLDEN GATE AVE, San Francisco",528_San,37.77855537,-122.4416581,0.001,37.7785569,-122.4416891,0.003,37.778563,-122.441656,0.0,37.77855619,-122.441682,0.002,37.778564,-122.44166,0.0,,,,37.778563,-122.441656,0.0,37.8250724,-122.4790475,6.123,37.7785569,-122.4416891,0.003,37.778562,-122.441658,0.0,37.7785569,-122.4416891,0.003,37.778554,-122.44167,0.002,37.7785569,-122.4416891,0.003,37.7785569,-122.4416891,0.003,37.778522,-122.441692,0.006,37.778563,-122.441656,0.0,37.7785569,-122.4416891,0.003,,,,0.0,0.0,12807.251
San Francisco,346,ALEMANY BLVD,San Francisco,,CA,94110.0,-122.4130085,37.7338738,"346 ALEMANY BLVD, San Francisco",230_San,37.73386801,-122.4129972,0.001,37.7338742,-122.4129794,0.003,37.733874,-122.413009,0.0,37.73387618,-122.412972,0.003,37.733875,-122.41301,0.0,37.62108598,-122.3831865,12.792,37.733874,-122.413009,0.0,37.7336243,-122.4124512,0.056,37.7338742,-122.4129794,0.003,37.733872,-122.413009,0.0,37.7338742,-122.4129794,0.003,37.733859,-122.412995,0.002,37.7338742,-122.4129794,0.003,37.7338742,-122.4129794,0.003,37.733851,-122.413004,0.003,37.7339106,-122.4130152,0.004,37.7338742,-122.4129794,0.003,,,,0.0,0.0,12806.713
San Francisco,2200,LARKIN ST,San Francisco,,CA,94109.0,-122.4203866,37.7982654,"2200 LARKIN ST, San Francisco",690_San,37.79827187,-122.4203885,0.001,37.7982772,-122.4204143,0.003,37.798265,-122.420387,0.0,37.79827619,-122.420412,0.003,37.798264,-122.42039,0.0,,,,37.798265,-122.420387,0.0,37.79826048,-122.4204137,0.002,37.7982772,-122.4204143,0.003,37.798268,-122.420388,0.0,37.7982772,-122.4204143,0.003,37.798261,-122.420413,0.002,37.7982772,-122.4204143,0.003,37.7982772,-122.4204143,0.003,37.798263,-122.420427,0.004,37.798265,-122.420387,0.0,37.7982772,-122.4204143,0.003,,,,0.0,0.0,12804.707
San Francisco,380,EDDY ST,San Francisco,,CA,94102.0,-122.413943,37.7840539,"380 EDDY ST, San Francisco",293_San,37.78405319,-122.413954,0.001,37.7840807,-122.4139597,0.003,37.784054,-122.413943,0.0,37.78408619,-122.413952,0.004,37.784054,-122.41394,0.0,37.7806076,-122.4388662,2.229,37.784054,-122.413943,0.0,37.7840538,-122.4139404,0.0,37.7840807,-122.4139597,0.003,37.784051,-122.413941,0.0,37.7840807,-122.4139597,0.003,37.784053,-122.413953,0.001,37.7840807,-122.4139597,0.003,37.7840807,-122.4139597,0.003,37.784146,-122.413894,0.011,37.784054,-122.4139856,0.004,37.7840807,-122.4139597,0.003,,,,0.0,0.0,12804.755
San Francisco,3755,FILLMORE ST,San Francisco,,CA,94123.0,-122.4376165,37.8052709,"3755 FILLMORE ST, San Francisco",959_San,37.80527386,-122.4376073,0.001,37.8052873,-122.4375984,0.002,37.805271,-122.437617,0.0,37.80528619,-122.437592,0.003,37.80527,-122.437614,0.0,37.77195662,-122.4321037,3.729,37.805271,-122.437617,0.0,37.7850874,-122.433082,2.276,37.8052873,-122.4375984,0.002,37.805271,-122.437618,0.0,37.8052873,-122.4375984,0.002,37.805278,-122.437594,0.002,37.8052873,-122.4375984,0.002,37.8052873,-122.4375984,0.002,37.805269,-122.437655,0.003,37.8052792,-122.4376,0.002,37.8052873,-122.4375984,0.002,37.78796,-122.43367,1.953,0.0,0.0,12805.835
San Francisco,52,ALLISON ST,San Francisco,,CA,94112.0,-122.4424529,37.713848,"52 ALLISON ST, San Francisco",510_San,37.71385789,-122.4424638,0.001,37.7138587,-122.4424387,0.002,37.713848,-122.442453,0.0,37.71385618,-122.442432,0.002,37.71385,-122.44245,0.0,,,,37.713848,-122.442453,0.0,37.71385976,-122.4424381,0.002,37.7138587,-122.4424387,0.002,37.713849,-122.442451,0.0,37.7138587,-122.4424387,0.002,37.71386,-122.442436,0.002,37.7138587,-122.4424387,0.002,37.7138587,-122.4424387,0.002,37.713849,-122.442462,0.001,37.7138591,-122.4424531,0.001,37.7138587,-122.4424387,0.002,,,,0.0,0.0,12809.941
San Francisco,1852,FELL ST,San Francisco,,CA,94117.0,-122.4484231,37.7729738,"1852 FELL ST, San Francisco",213_San,37.77296422,-122.4484232,0.001,37.7729795,-122.448419,0.001,37.772974,-122.448423,0.0,37.77297619,-122.448412,0.001,37.772972,-122.448425,0.0,37.7740721,-122.4376238,0.959,37.772974,-122.448423,0.0,37.7729587,-122.4484211,0.002,37.7729795,-122.448419,0.001,37.772972,-122.448421,0.0,37.7729795,-122.448419,0.001,37.772962,-122.448422,0.001,37.7729795,-122.448419,0.001,37.7729795,-122.448419,0.001,37.772908,-122.44841,0.007,37.7729715,-122.4484289,0.001,37.7729795,-122.448419,0.001,,,,0.0,0.0,12808.032
Hong Kong,366,HO CHUNG NEW VILLAGE,,SAI KUNG DISTRICT,NT,,114.2469,22.35368,"366 HO CHUNG NEW VILLAGE, SAI KUNG DISTRICT, Hong Kong",366_Hon,22.35368366,114.2469061,0.001,22.35368,114.2469,0.0,22.35368,114.2469,0.0,22.35405366,114.2479819,0.119,22.353173,114.247527,0.086,22.31308508,114.2624958,4.774,,,,22.39196045,114.3537927,11.797,22.3540525,114.2479826,0.119,22.353679,114.246902,0.0,22.3540525,114.2479826,0.119,22.35371461,114.2478664,0.1,22.3540525,114.2479826,0.119,22.3540525,114.2479826,0.119,22.35368,114.2469,0.0,22.3556037,114.2427026,0.482,22.3540525,114.2479826,0.119,,,,0.0,0.0,12501.982
Hong Kong,52,SAN HUI VILLAGE,,TUEN MUN DISTRICT,NT,,113.97906,22.40088,"52 SAN HUI VILLAGE, TUEN MUN DISTRICT, Hong Kong",699_Hon,22.40088438,113.979065,0.001,22.40088,113.97906,0.0,22.40088,113.97906,0.0,22.40085367,113.9790819,0.004,22.400851,113.979084,0.004,,,,,,,22.31642035,113.960268,9.551,22.396688,113.9751687,0.613,22.40088,113.979057,0.0,22.400851,113.9790837,0.004,22.400851,113.979083,0.004,22.396688,113.9751687,0.613,22.396688,113.9751687,0.613,22.40088,113.97906,0.0,22.4008843,113.979065,0.001,22.3948714,113.9730054,0.912,,,,0.0,0.0,12473.911
Hong Kong,78,KAM SHEK NEW VILLAGE,,TAI PO DISTRICT,NT,,114.15905,22.44876,"78 KAM SHEK NEW VILLAGE, TAI PO DISTRICT, Hong Kong",264_Hon,22.44876638,114.1590568,0.001,22.44876,114.15905,0.0,22.44876,114.15905,0.0,22.44904368,114.1583219,0.081,22.449341,114.158609,0.079,22.3992529,114.2065757,7.348,,,,22.37513705,114.1744153,8.305,22.4490464,114.1583232,0.081,22.448759,114.159049,0.0,22.4490464,114.1583232,0.081,22.44904657,114.158323,0.081,22.4490464,114.1583232,0.081,22.4490464,114.1583232,0.081,22.44876,114.15905,0.0,22.3743871,114.1738604,8.376,22.4490464,114.1583232,0.081,,,,0.0,0.0,12491.269
Hong Kong,110A,TONG TAU PO TSUEN,,YUEN LONG DISTRICT,NT,,114.03754,22.42636,"110A TONG TAU PO TSUEN, YUEN LONG DISTRICT, Hong Kong",569_Hon,22.42636579,114.0375433,0.001,22.42636,114.03754,0.0,22.42636,114.03754,0.0,22.42653367,114.0367219,0.086,22.42574,114.037925,0.079,,,,,,,22.44880348,114.0469198,2.666,22.4265303,114.0367261,0.086,22.426359,114.037536,0.0,22.4265303,114.0367261,0.086,22.42653061,114.0367261,0.086,22.4265303,114.0367261,0.086,22.4265303,114.0367261,0.086,22.42636,114.03754,0.0,22.4462085,113.9869475,5.653,22.42587,114.037863,0.064,,,,0.0,0.0,12479.367
Hong Kong,7,HOI PA RESITE VILLAGE,,TSUEN WAN DISTRICT,NT,,114.12629,22.37807,"7 HOI PA RESITE VILLAGE, TSUEN WAN DISTRICT, Hong Kong",227_Hon,22.37807282,114.1262976,0.001,22.37807,114.12629,0.0,22.37807,114.12629,0.0,22.37808367,114.1262919,0.002,22.378083,114.126293,0.001,22.31417655,114.0431731,11.107,,,,22.37422322,114.1030093,2.435,22.3752419,114.1239813,0.393,22.37807,114.126289,0.0,22.3780832,114.1262928,0.001,22.378083,114.126293,0.001,22.3752419,114.1239813,0.393,22.3752419,114.1239813,0.393,22.37807,114.12629,0.0,22.3726474,114.1142788,1.375,22.378658,114.1273421,0.126,,,,0.0,0.0,12489.281
Hong Kong,97,WAI TAU TSUEN CHE TEI,,TAI PO DISTRICT,NT,,114.14402,22.46713,"97 WAI TAU TSUEN CHE TEI, TAI PO DISTRICT, Hong Kong",538_Hon,22.46713289,114.1440291,0.001,22.46713,114.14402,0.0,22.46713,114.14402,0.0,22.46573368,114.1443319,0.158,,,,,,,22.4627,114.14577,0.523,22.45238791,114.1563116,2.065,22.4657339,114.1443343,0.158,22.46713,114.14402,0.0,22.4657339,114.1443343,0.158,22.46573416,114.1443343,0.158,22.4657339,114.1443343,0.158,22.4657339,114.1443343,0.158,22.46713,114.14402,0.0,22.452639,114.1570174,2.089,22.4657339,114.1443343,0.158,,,,0.0,0.0,12489.397
Hong Kong,207,TSEUNG KWAN O VILLAGE,,SAI KUNG DISTRICT,NT,,114.25029,22.32693,"207 TSEUNG KWAN O VILLAGE, SAI KUNG DISTRICT, Hong Kong",310_Hon,22.32693119,114.2502955,0.001,22.32693,114.25029,0.0,22.32693,114.25029,0.0,22.32693366,114.2503219,0.003,22.32704,114.250748,0.049,22.31372253,114.261528,1.865,,,,22.31829033,114.2440382,1.153,22.3280627,114.250415,0.126,22.326929,114.250289,0.0,22.3280627,114.250415,0.126,22.326934,114.250322,0.003,22.3280627,114.250415,0.126,22.3280627,114.250415,0.126,22.32693,114.25029,0.0,22.3049269,114.2654763,2.896,22.324892,114.2599537,1.021,,,,0.0,0.0,12502.833
Hong Kong,202,CHE KENG TUK,,SAI KUNG DISTRICT,NT,,114.26967,22.36697,"202 CHE KENG TUK, SAI KUNG DISTRICT, Hong Kong",226_Hon,22.36697556,114.2696789,0.001,22.36697,114.26967,0.0,22.36697,114.26967,0.0,22.37161367,114.2651519,0.694,22.369371,114.268473,0.293,,,,,,,22.37181091,114.2664337,0.631,22.3716153,114.2651573,0.693,22.36697,114.269668,0.0,22.3716153,114.2651573,0.693,22.37161543,114.2651571,0.693,22.3716153,114.2651573,0.693,22.3716153,114.2651573,0.693,22.36697,114.26967,0.0,22.3713676,114.2650098,0.684,22.3716153,114.2651573,0.693,22.37181,114.26643,0.631,0.0,0.0,12504.041
Hong Kong,123,CONNAUGHT ROAD WEST,,CENTRAL & WESTERN DISTRICT,HK,,114.14405,22.28828,"123 CONNAUGHT ROAD WEST, CENTRAL & WESTERN DISTRICT, Hong Kong",69_Hon,22.28828076,114.1440563,0.001,22.28828,114.14405,0.0,22.28828,114.14405,0.0,22.28833365,114.1440719,0.006,22.288275,114.144073,0.002,22.28800726,114.1398394,0.435,,,,22.2883306,114.1483119,0.439,22.2883311,114.1440747,0.006,22.28828,114.14405,0.0,22.2883311,114.1440747,0.006,22.288288,114.144073,0.003,22.2883311,114.1440747,0.006,22.2883311,114.1440747,0.006,22.28828,114.14405,0.0,22.28828,114.144062,0.001,22.2883311,114.1440747,0.006,,,,0.0,0.0,12492.775
Hong Kong,212,PING YEUNG,,NORTH DISTRICT,NT,,114.16316,22.53621,"212 PING YEUNG, NORTH DISTRICT, Hong Kong",96_Hon,22.53621444,114.1631661,0.001,22.53621,114.16316,0.0,22.53621,114.16316,0.0,22.53511369,114.1628019,0.127,22.539273,114.161084,0.401,22.4934463,114.1234522,6.254,,,,22.53540039,114.1639099,0.118,22.5351176,114.1628095,0.126,22.536209,114.163162,0.0,22.5351176,114.1628095,0.126,22.53495782,114.1625644,0.152,22.5351176,114.1628095,0.126,22.5351176,114.1628095,0.126,22.53621,114.16316,0.0,22.4947063,114.1381171,5.269,22.5351176,114.1628095,0.126,22.5354,114.16391,0.118,0.0,0.0,12490.027
Hong Kong,250,PING YEUNG,,NORTH DISTRICT,NT,,114.16451,22.53552,"250 PING YEUNG, NORTH DISTRICT, Hong Kong",430_Hon,22.535527,114.1645123,0.001,22.53552,114.16451,0.0,22.53552,114.16451,0.0,22.53511369,114.1628019,0.181,22.539273,114.161084,0.545,22.4934463,114.1234522,6.289,,,,22.53540039,114.1639099,0.063,22.5351176,114.1628095,0.181,22.53552,114.164512,0.0,22.5351176,114.1628095,0.181,22.53495782,114.1625644,0.21,22.5351176,114.1628095,0.181,22.5351176,114.1628095,0.181,22.53552,114.16451,0.0,22.4947063,114.1381171,5.273,22.5351176,114.1628095,0.181,22.5354,114.16391,0.063,0.0,0.0,12490.177
San Francisco,2526,SUTTER ST,San Francisco,,CA,94115.0,-122.4421309,37.785209,"2526 SUTTER ST, San Francisco",444_San,37.78520453,-122.4421292,0.001,37.785209,-122.442131,0.0,37.785209,-122.442131,0.0,37.78519619,-122.442142,0.002,37.78521,-122.44213,0.0,,,,37.785209,-122.442131,0.0,37.78518535,-122.4421372,0.003,37.785191,-122.4421413,0.002,37.78521,-122.44213,0.0,37.785191,-122.4421413,0.002,37.78521,-122.44213,0.0,37.785191,-122.4421413,0.002,37.785191,-122.4421413,0.002,37.785163,-122.442135,0.005,37.785209,-122.442131,0.0,37.785191,-122.4421413,0.002,,,,0.0,0.0,12807.02
San Francisco,141,WILLARD ST,San Francisco,,CA,94118.0,-122.4570326,37.7767813,"141 WILLARD ST, San Francisco",703_San,37.77678998,-122.4570321,0.001,37.776781,-122.457033,0.0,37.776781,-122.457033,0.0,37.77678619,-122.456992,0.004,37.776783,-122.45703,0.0,,,,,,,37.77678911,-122.4569996,0.003,37.7767862,-122.4569988,0.003,37.776781,-122.457031,0.0,37.7767862,-122.4569988,0.003,37.776783,-122.45703,0.0,37.7767862,-122.4569988,0.003,37.7767862,-122.4569988,0.003,37.7767813,-122.4570326,0.0,37.776781,-122.457033,0.0,37.7767862,-122.4569988,0.003,,,,0.0,0.0,12808.584
Hong Kong,42,SAN FAT STREET,,NORTH DISTRICT,NT,,114.12707,22.50326,"42 SAN FAT STREET, NORTH DISTRICT, Hong Kong",98_Hon,22.50326174,114.1270826,0.001,22.50326,114.12707,0.0,22.50326,114.12707,0.0,22.50326369,114.1270719,0.0,22.503257,114.127128,0.006,22.50513106,114.1279439,0.226,,,,22.5032636,114.1270755,0.001,22.5032636,114.1270755,0.001,22.503259,114.127067,0.0,22.5032636,114.1270755,0.001,22.503257,114.127128,0.006,22.5032636,114.1270755,0.001,22.5032636,114.1270755,0.001,22.50326,114.12707,0.0,22.503799,114.127144,0.06,22.5032636,114.1270755,0.001,,,,0.0,0.0,12486.994
Hong Kong,69,SAN UK TSAI,,NORTH DISTRICT,NT,,114.17977,22.51043,"69 SAN UK TSAI, NORTH DISTRICT, Hong Kong",723_Hon,22.51043485,114.1797766,0.001,22.51667,114.16667,1.515,,,,22.51043369,114.1797719,0.0,,,,,,,22.51667,114.16667,1.515,22.51667023,114.1666718,1.514,22.5104351,114.1797766,0.001,22.510429,114.179771,0.0,22.5104351,114.1797766,0.001,22.510435,114.179776,0.001,22.5104351,114.1797766,0.001,22.5104351,114.1797766,0.001,,,,22.5158359,114.2310302,5.308,22.5104351,114.1797766,0.001,22.51667,114.16667,1.515,0.0,0.0,12492.2
Hong Kong,31,HA WONG YI AU,,TAI PO DISTRICT,NT,,114.17537,22.44186,"31 HA WONG YI AU, TAI PO DISTRICT, Hong Kong",128_Hon,22.44186099,114.1753791,0.001,22.43333,114.16667,1.302,,,,22.44128368,114.1770319,0.183,,,,22.34291082,114.1936443,11.118,,,,22.43333054,114.1666718,1.301,22.4412807,114.1770363,0.183,22.44186,114.175369,0.0,22.4412807,114.1770363,0.183,22.44128073,114.1770361,0.183,22.4424224,114.1743384,0.123,22.4412807,114.1770363,0.183,,,,22.4418573,114.1753768,0.001,22.4436251,114.1766907,0.238,22.43333,114.16667,1.302,0.0,0.0,12493.055
Hong Kong,97,TAI CHUNG HAU,,SAI KUNG DISTRICT,NT,,114.25642,22.37409,"97 TAI CHUNG HAU, SAI KUNG DISTRICT, Hong Kong",471_Hon,22.37409997,114.2564265,0.001,22.372302,114.259991,0.418,,,,22.36962367,114.2572219,0.501,,,,,,,,,,22.37264915,114.2586707,0.281,22.3696297,114.2572245,0.501,22.37409,114.256416,0.0,22.3696297,114.2572245,0.501,22.37226409,114.2587804,0.316,22.3696297,114.2572245,0.501,22.3696297,114.2572245,0.501,,,,22.3725695,114.258833,0.3,22.3696297,114.2572245,0.501,,,,0.0,0.0,12502.562
Hong Kong,4B,TSENG LAN SHUE,,SAI KUNG DISTRICT,NT,,114.23669,22.33462,"4B TSENG LAN SHUE, SAI KUNG DISTRICT, Hong Kong",436_Hon,22.33462045,114.2366967,0.001,22.33333,114.23333,0.374,,,,22.33604366,114.2381919,0.221,,,,22.2806526,114.1557263,10.262,,,,22.33333015,114.2333298,0.374,22.3383347,114.2490858,1.342,22.334619,114.236686,0.0,22.3383347,114.2490858,1.342,22.334624,114.236717,0.003,22.3358354,114.2483235,1.206,22.3385061,114.2485928,1.3,,,,22.2946864,114.2578763,4.931,22.334192,114.2373893,0.086,,,,0.0,0.0,12501.307
Hong Kong,48,TAI CHUNG HAU,,SAI KUNG DISTRICT,NT,,114.26049,22.37286,"48 TAI CHUNG HAU, SAI KUNG DISTRICT, Hong Kong",46_Hon,22.37285614,114.2604957,0.001,22.372302,114.259991,0.08,,,,22.36962367,114.2572219,0.492,,,,22.39046792,114.2968779,4.224,,,,22.37264915,114.2586707,0.189,22.3696297,114.2572245,0.491,22.372859,114.26049,0.0,22.3696297,114.2572245,0.491,22.37226409,114.2587804,0.188,22.3696297,114.2572245,0.491,22.3696297,114.2572245,0.491,,,,22.3725695,114.258833,0.174,22.3696297,114.2572245,0.491,,,,0.0,0.0,12502.998
Hong Kong,6,ESSEX CRESCENT,,KOWLOON CITY DISTRICT,KLN,,114.17764,22.32884,"6 ESSEX CRESCENT, KOWLOON CITY DISTRICT, Hong Kong",4_Hon,22.32884804,114.17764,0.001,22.32884,114.17764,0.0,,,,22.32883366,114.1776219,0.002,22.328812,114.177606,0.005,22.3289105,114.1774937,0.017,,,,22.32728994,114.1892616,1.21,22.3288328,114.1776223,0.002,22.32884,114.177642,0.0,22.3288328,114.1776223,0.002,22.328798,114.177592,0.007,22.3288328,114.1776223,0.002,22.3288328,114.1776223,0.002,22.32884,114.17764,0.0,22.328845,114.177655,0.002,22.3288318,114.1776094,0.003,,,,0.0,0.0,12495.422
Hong Kong,132,QUEEN'S ROAD EAST,,WAN CHAI DISTRICT,HK,,114.17059,22.27592,"132 QUEEN'S ROAD EAST, WAN CHAI DISTRICT, Hong Kong",938_Hon,22.27591905,114.1705939,0.0,22.27592,114.17059,0.0,22.271264,114.181979,1.282,22.27592365,114.1705919,0.0,22.275923,114.170596,0.001,22.27592313,114.1705958,0.001,,,,22.2732043,114.1732483,0.407,22.2759222,114.1705953,0.001,22.27592,114.170593,0.0,22.2759222,114.1705953,0.001,22.275923,114.170596,0.001,22.2759222,114.1705953,0.001,22.2759222,114.1705953,0.001,22.27592,114.17059,0.0,22.275938,114.170578,0.002,22.2759222,114.1705953,0.001,,,,0.0,0.0,12495.703
Hong Kong,40,CHEUNG FAT STREET,,SHAM SHUI PO DISTRICT,KLN,,114.15823,22.34038,"40 CHEUNG FAT STREET, SHAM SHUI PO DISTRICT, Hong Kong",360_Hon,22.34038322,114.1582312,0.0,22.34038,114.15823,0.0,22.330614,114.161252,1.125,22.34034366,114.1582419,0.004,22.340361,114.158239,0.002,22.33425525,114.1686639,1.271,,,,22.33898062,114.156896,0.207,22.3403482,114.1582411,0.004,22.340379,114.158233,0.0,22.3403482,114.1582411,0.004,22.340358,114.158241,0.003,22.3403482,114.1582411,0.004,22.3403482,114.1582411,0.004,22.34038,114.15823,0.0,22.341632,114.164024,0.613,22.3403482,114.1582411,0.004,,,,0.0,0.0,12493.234
Hong Kong,238,HAI TAN STREET,,SHAM SHUI PO DISTRICT,KLN,,114.15873,22.32861,"238 HAI TAN STREET, SHAM SHUI PO DISTRICT, Hong Kong",450_Hon,22.32860954,114.1587281,0.0,22.32861,114.15873,0.0,22.330614,114.161252,0.342,22.32859366,114.1587119,0.003,22.328631,114.158741,0.003,,,,,,,22.32909818,114.1577752,0.112,22.3285909,114.1587102,0.003,22.328609,114.158729,0.0,22.3285909,114.1587102,0.003,22.32861,114.158728,0.0,22.3285909,114.1587102,0.003,22.3285909,114.1587102,0.003,22.328631,114.158741,0.003,22.3285832,114.1587036,0.004,22.3285909,114.1587102,0.003,,,,0.0,0.0,12493.506
San Francisco,10,PERSIA AVE,San Francisco,,CA,94112.0,-122.4356306,37.7228614,"10 PERSIA AVE, San Francisco",92_San,37.7228614,-122.4356306,0.0,37.7228954,-122.4357299,0.01,37.723318,-122.436319,0.079,37.72331618,-122.436322,0.079,37.723267,-122.43628,0.073,37.739175,-122.4167091,2.462,,,,32.03526688,-106.6850967,1569.427,37.7233126,-122.4363218,0.079,37.723265,-122.436276,0.072,37.7233126,-122.4363218,0.079,37.722896,-122.43573,0.01,37.7233126,-122.4363218,0.079,37.7233126,-122.4363218,0.079,37.722895,-122.43573,0.01,37.723265,-122.436276,0.072,37.7233126,-122.4363218,0.079,,,,0.0,0.0,12809.016
San Francisco,601,VAN NESS AVE,San Francisco,,CA,94102.0,-122.4214063,37.7813858,"601 VAN NESS AVE, San Francisco",752_San,37.78138577,-122.4214063,0.0,37.7816776,-122.4210111,0.048,37.78162,-122.420827,0.057,37.78167619,-122.421012,0.047,37.781387,-122.42141,0.0,37.79661804,-122.4231827,1.698,37.781386,-122.421406,0.0,37.77989119,-122.420227,0.196,37.7816776,-122.4210111,0.048,37.781126,-122.421341,0.029,37.7816776,-122.4210111,0.048,37.781376,-122.421561,0.014,37.7816776,-122.4210111,0.048,37.7816776,-122.4210111,0.048,37.7813858,-122.4214063,0.0,37.781386,-122.421406,0.0,37.7814533,-122.4214428,0.008,,,,0.0,0.0,12805.476
San Francisco,74,NORTHRIDGE RD,San Francisco,,CA,94124.0,-122.3754003,37.731093,"74 NORTHRIDGE RD, San Francisco",886_San,37.73109297,-122.3754003,0.0,37.73106172,-122.3761682,0.068,37.730874,-122.37556,0.028,37.73057618,-122.375142,0.062,37.731094,-122.3754,0.0,37.7302385,-122.3744747,0.125,37.731093,-122.3754,0.0,37.73107147,-122.3762131,0.072,37.731094,-122.3754,0.0,37.731012,-122.376724,0.117,37.7310617,-122.3761682,0.068,37.731094,-122.3754,0.0,37.7310617,-122.3761682,0.068,37.7310617,-122.3761682,0.068,37.7308745,-122.3755599,0.028,37.7311014,-122.3770912,0.149,,,,,,,0.0,0.0,12803.738
San Francisco,292,14TH ST,San Francisco,,CA,94103.0,-122.4197216,37.7684028,"292 14TH ST, San Francisco",270_San,37.76840283,-122.4197216,0.0,37.76836868,-122.419774,0.006,37.768391,-122.41972,0.001,37.76834619,-122.418912,0.072,37.768402,-122.41972,0.0,,,,37.768403,-122.419722,0.0,37.7656944,-122.4718203,4.6,37.768402,-122.41972,0.0,37.768397,-122.419721,0.001,37.7683685,-122.4197767,0.006,37.768402,-122.41972,0.0,37.7683687,-122.419774,0.006,37.7683685,-122.4197767,0.006,37.7683913,-122.4197205,0.001,37.768403,-122.419722,0.0,37.7824593,-122.4804584,5.574,,,,0.0,0.0,12805.864
San Francisco,847,MCALLISTER ST,San Francisco,,CA,94102.0,-122.4252516,37.7793523,"847 MCALLISTER ST, San Francisco",288_San,37.77935224,-122.4252517,0.0,37.7756538,-122.4538553,2.553,37.779352,-122.425252,0.0,37.77547619,-122.456662,2.8,37.77895,-122.42517,0.045,37.7803283,-122.4208286,0.404,37.77895,-122.425171,0.045,37.7793541,-122.4253616,0.01,37.77895,-122.42517,0.045,37.77935,-122.42525,0.0,37.7754739,-122.4566648,2.801,37.77895,-122.42517,0.045,37.7795773,-122.4243797,0.081,37.7754739,-122.4566648,2.801,37.7793523,-122.4252516,0.0,37.779332,-122.4259333,0.06,37.7811583,-122.4141022,1.002,,,,0.0,0.0,12805.873
San Francisco,2550,23RD ST,San Francisco,,CA,94110.0,-122.4054799,37.7545785,"2550 23RD ST, San Francisco",713_San,37.75457852,-122.4054799,0.0,37.7543729,-122.4098743,0.388,37.754579,-122.40548,0.0,37.75553619,-122.385712,1.745,37.75446,-122.40525,0.024,,,,37.75446,-122.405254,0.024,37.7544918,-122.403066,0.213,37.7543088,-122.4109375,0.482,37.754516,-122.405386,0.011,37.7544613,-122.4047684,0.064,37.75446,-122.40525,0.024,37.7543456,-122.4103473,0.43,37.7546045,-122.401115,0.385,37.7545785,-122.4054799,0.0,37.7546363,-122.4054594,0.007,37.7400325,-122.4795342,6.723,,,,0.0,0.0,12805.256
San Francisco,88,KING ST,San Francisco,,CA,94107.0,-122.3892979,37.7803771,"88 KING ST, San Francisco",868_San,37.7803771,-122.3892978,0.0,37.77821358,-122.3913139,0.299,37.780377,-122.389298,0.0,37.77056619,-122.401542,1.533,37.780632,-122.389626,0.04,37.7763649,-122.3949386,0.667,37.78063,-122.389625,0.04,32.03490829,-106.686676,1567.55,37.780632,-122.389626,0.04,37.780633,-122.389229,0.029,37.7800491,-122.3889459,0.048,37.780632,-122.389626,0.04,37.7782136,-122.3913139,0.299,37.7801628,-122.3895323,0.031,37.7803771,-122.3892979,0.0,37.7802437,-122.3895208,0.025,37.7881436,-122.400181,1.289,37.78775,-122.40866,1.892,0.0,0.0,12802.883
Hong Kong,17,SHAN TONG NEW VILLAGE,,TAI PO DISTRICT,NT,,114.17007,22.44029,"17 SHAN TONG NEW VILLAGE, TAI PO DISTRICT, Hong Kong",872_Hon,22.44029064,114.170072,0.0,22.4422014,114.1717833,0.276,22.44029,114.17007,0.0,22.44220368,114.1717819,0.276,22.440259,114.16945,0.064,22.3992529,114.2065757,5.897,,,,22.40909564,114.0304203,14.786,22.4422014,114.1717833,0.276,22.44029,114.170066,0.0,22.4422014,114.1717833,0.276,22.44027406,114.1695948,0.049,22.4422014,114.1717833,0.276,,,,22.44029,114.17007,0.0,22.373842,114.1735368,7.367,22.4494524,114.3108129,14.523,,,,0.0,0.0,12492.547
Hong Kong,83,SUNG SHAN NEW VILLAGE,,YUEN LONG DISTRICT,NT,,114.04604,22.42244,"83 SUNG SHAN NEW VILLAGE, YUEN LONG DISTRICT, Hong Kong",647_Hon,22.42244234,114.046044,0.0,22.4234743,114.0473169,0.174,22.42244,114.04604,0.0,22.42347367,114.0473119,0.174,22.424133,114.04748,0.239,,,,,,,22.4434334,114.0293592,2.89,22.4234743,114.0473169,0.174,22.422439,114.046043,0.0,22.4234743,114.0473169,0.174,22.44378056,114.0083828,4.54,22.4234743,114.0473169,0.174,22.4234743,114.0473169,0.174,22.42244,114.04604,0.0,22.3595789,114.0171505,7.57,22.4241327,114.0474804,0.239,,,,0.0,0.0,12480.303
San Francisco,337,AVOCET WAY,San Francisco,,CA,94124.0,-122.3697977,37.7272902,"337 AVOCET WAY, San Francisco",745_San,37.72729014,-122.3697977,0.0,37.7285142,-122.3687948,0.162,37.72729,-122.369798,0.0,37.72851618,-122.368792,0.162,37.72729,-122.3698,0.0,37.800906,-122.398523,8.554,37.72729,-122.369798,0.0,37.72825623,-122.3689041,0.133,37.72729,-122.3698,0.0,37.72729,-122.3698,0.0,37.7285142,-122.3687948,0.162,37.72729,-122.3698,0.0,37.7285142,-122.3687948,0.162,37.7285142,-122.3687948,0.162,37.7272902,-122.3697977,0.0,37.7281955,-122.3690423,0.121,37.7285142,-122.3687948,0.162,,,,0.0,0.0,12803.432
San Francisco,1125,OCEAN AVE,San Francisco,,CA,94112.0,-122.4546159,37.7234071,"1125 OCEAN AVE, San Francisco",516_San,37.7234071,-122.4546159,0.0,37.72347825,-122.4536724,0.084,37.723407,-122.454616,0.0,37.72333618,-122.454582,0.008,37.723408,-122.45461,0.001,,,,37.723407,-122.454616,0.0,32.03505447,-106.6853504,1571.02,37.7233348,-122.4545816,0.009,37.723269,-122.454549,0.016,37.7233348,-122.4545816,0.009,37.723408,-122.45461,0.001,37.7233348,-122.4545816,0.009,37.7233348,-122.4545816,0.009,37.723345,-122.454527,0.01,37.723322,-122.454711,0.013,37.7233348,-122.4545816,0.009,,,,0.0,0.0,12810.551
San Francisco,208,DORADO TER,San Francisco,,CA,94112.0,-122.4612236,37.7264246,"208 DORADO TER, San Francisco",534_San,37.72642463,-122.4612237,0.0,37.72592943,-122.4607309,0.07,37.726425,-122.461224,0.0,37.72637618,-122.461232,0.005,37.726425,-122.46123,0.001,,,,37.726425,-122.461224,0.0,37.77233987,-122.393213,7.867,37.7263741,-122.4612391,0.006,37.726422,-122.461221,0.0,37.7263741,-122.4612391,0.006,37.726425,-122.46123,0.001,37.7263741,-122.4612391,0.006,37.7263741,-122.4612391,0.006,37.726355,-122.461223,0.008,37.72642,-122.461224,0.001,37.7263741,-122.4612391,0.006,,,,0.0,0.0,12810.971
San Francisco,72,TOWNSEND ST,San Francisco,,CA,94107.0,-122.39016,37.7810724,"72 TOWNSEND ST, San Francisco",65_San,37.78107242,-122.39016,0.0,37.78134765,-122.3894426,0.07,37.781072,-122.39016,0.0,37.78144619,-122.390392,0.046,37.78107,-122.39016,0.0,37.7708073,-122.4033554,1.628,,,,37.78107071,-122.3901596,0.0,37.7814417,-122.3903958,0.046,37.781388,-122.390353,0.039,37.7814417,-122.3903958,0.046,37.78107,-122.39016,0.0,37.7814417,-122.3903958,0.046,37.7814417,-122.3903958,0.046,37.7810724,-122.39016,0.0,37.781388,-122.390353,0.039,37.7814417,-122.3903958,0.046,,,,0.0,0.0,12802.926
San Francisco,1390,MARKET ST,San Francisco,,CA,94102.0,-122.4174328,37.7770755,"1390 MARKET ST, San Francisco",542_San,37.77707546,-122.4174328,0.0,37.7775533,-122.4169602,0.067,37.777076,-122.417433,0.0,37.77720619,-122.417692,0.027,37.777077,-122.417435,0.0,,,,37.777075,-122.417433,0.0,37.13202286,-113.6288528,780.601,37.7771724,-122.4176881,0.025,37.774143,-122.41873,0.345,37.7772068,-122.4176952,0.027,37.777069,-122.41733,0.009,37.7771724,-122.4176881,0.025,37.7771724,-122.4176881,0.025,37.7770755,-122.4174328,0.0,37.777114,-122.4172789,0.014,37.7771724,-122.4176881,0.025,37.77352,-122.42122,0.517,0.0,0.0,12805.325
San Francisco,2558,24TH ST,San Francisco,,CA,94110.0,-122.4049081,37.7537288,"2558 24TH ST, San Francisco",582_San,37.75372876,-122.4049081,0.0,37.75317092,-122.4049148,0.062,37.753729,-122.404908,0.0,37.75231619,-122.417212,1.096,37.753727,-122.40491,0.0,,,,37.753729,-122.404908,0.0,37.7801472,-122.4836794,7.535,37.753727,-122.40491,0.0,37.75373,-122.40491,0.0,37.7531709,-122.4049148,0.062,37.753727,-122.40491,0.0,37.7531709,-122.4049148,0.062,37.7531709,-122.4049148,0.062,37.7537288,-122.4049081,0.0,37.7531403,-122.4049597,0.065,37.7398519,-122.4805513,6.842,,,,0.0,0.0,12805.244
San Francisco,2790,19TH AVE,San Francisco,,CA,94132.0,-122.4743893,37.7358357,"2790 19TH AVE, San Francisco",400_San,37.7358357,-122.4743893,0.0,37.73563866,-122.4750149,0.059,37.735836,-122.474389,0.0,37.71405618,-122.469552,2.455,37.735836,-122.47439,0.0,37.739175,-122.4167091,5.098,37.735836,-122.474389,0.0,32.03536606,-106.6846924,1573.155,37.735836,-122.47439,0.0,37.735838,-122.474389,0.0,37.7356387,-122.4750149,0.059,37.735836,-122.47439,0.0,37.7356387,-122.4750149,0.059,37.7356387,-122.4750149,0.059,37.7358357,-122.4743893,0.0,37.73601,-122.474067,0.034,37.7785366,-122.4780004,4.75,,,,0.0,0.0,12811.67
San Francisco,5657,DIAMOND HEIGHTS BLVD,San Francisco,,CA,94131.0,-122.4391946,37.7383763,"5657 DIAMOND HEIGHTS BLVD, San Francisco",532_San,37.7383763,-122.4391945,0.0,37.73861323,-122.4386136,0.058,37.738376,-122.439195,0.0,37.73953618,-122.436172,0.296,37.738377,-122.43919,0.0,,,,37.738376,-122.439195,0.0,37.7383461,-122.4369125,0.201,37.738377,-122.43919,0.0,37.738378,-122.439192,0.0,37.738555,-122.4383119,0.08,37.738377,-122.43919,0.0,37.7386132,-122.4386136,0.058,37.7386132,-122.4386136,0.058,37.7383763,-122.4391946,0.0,37.738376,-122.439195,0.0,,,,,,,0.0,0.0,12808.679
San Francisco,220,LOMBARD ST,San Francisco,,CA,94111.0,-122.4055041,37.804244,"220 LOMBARD ST, San Francisco",80_San,37.80424402,-122.405504,0.0,37.80382603,-122.4053108,0.049,37.804244,-122.405504,0.0,37.80217619,-122.418672,1.182,37.804245,-122.4055,0.0,37.7892059,-122.4034752,1.679,37.804244,-122.405504,0.0,37.80042003,-122.432813,2.442,37.804245,-122.4055,0.0,37.804242,-122.405502,0.0,37.803826,-122.4053108,0.049,37.804245,-122.4055,0.0,37.803826,-122.4053108,0.049,37.803826,-122.4053108,0.049,37.804244,-122.4055041,0.0,37.8042651,-122.4053169,0.017,37.8020985,-122.4187992,1.195,37.80108,-122.4268,1.908,0.0,0.0,12803.245
San Francisco,1177,CALIFORNIA ST,San Francisco,,CA,94108.0,-122.4136476,37.7910263,"1177 CALIFORNIA ST, San Francisco",998_San,37.79102626,-122.4136476,0.0,37.79139261,-122.4136364,0.041,37.791026,-122.413648,0.0,37.78534619,-122.461922,4.299,37.791027,-122.41365,0.0,37.7524987,-122.420878,4.323,37.791026,-122.413648,0.0,37.78480752,-122.4647279,4.552,37.791027,-122.41365,0.0,37.79113,-122.413723,0.013,37.7913926,-122.4136364,0.041,37.791027,-122.41365,0.0,37.7913926,-122.4136364,0.041,37.7913926,-122.4136364,0.041,37.7910263,-122.4136476,0.0,37.79099,-122.413658,0.004,37.5899635,-122.3594638,22.822,37.74251,-123.0591,57.125,0.0,0.0,12804.448
San Francisco,1801,MARIPOSA ST,San Francisco,,CA,94107.0,-122.4017554,37.7631467,"1801 MARIPOSA ST, San Francisco",612_San,37.76314667,-122.4017554,0.0,37.76347,-122.401626,0.038,37.763147,-122.401755,0.0,37.76400619,-122.394252,0.668,37.763145,-122.40176,0.0,,,,37.763147,-122.401755,0.0,37.7634697,-122.401474,0.044,37.763145,-122.40176,0.0,37.76315,-122.401755,0.0,37.76347,-122.401626,0.038,37.763145,-122.40176,0.0,37.76347,-122.401626,0.038,37.76347,-122.401626,0.038,37.7631467,-122.4017554,0.0,37.763147,-122.401755,0.0,37.763035,-122.399511,0.198,,,,0.0,0.0,12804.603
San Francisco,2065,OAKDALE AVE,San Francisco,,CA,94124.0,-122.3993529,37.7392448,"2065 OAKDALE AVE, San Francisco",594_San,37.73924483,-122.3993529,0.0,37.73943222,-122.3990295,0.035,37.739245,-122.399353,0.0,37.73586618,-122.392582,0.705,37.739246,-122.39935,0.0,,,,37.739245,-122.399353,0.0,32.03536606,-106.6846924,1567.027,37.739246,-122.39935,0.0,37.739422,-122.399247,0.022,37.7394322,-122.3990295,0.035,37.739246,-122.39935,0.0,37.7394322,-122.3990295,0.035,37.7394322,-122.3990295,0.035,37.7392448,-122.3993529,0.0,37.7393352,-122.3991438,0.021,37.7383155,-122.3968775,0.241,,,,0.0,0.0,12805.374
San Francisco,2106,BROADWAY,San Francisco,,CA,94123.0,-122.4322017,37.7949249,"2106 BROADWAY, San Francisco",342_San,37.79492489,-122.4322017,0.0,37.79473456,-122.4318856,0.035,37.794925,-122.432202,0.0,37.79730619,-122.411022,1.884,37.794926,-122.432205,0.0,37.7978052,-122.4061515,2.317,37.794925,-122.432202,0.0,,,,37.794926,-122.432205,0.0,37.794923,-122.432201,0.0,37.7947362,-122.4318729,0.036,37.794926,-122.432205,0.0,37.7947346,-122.4318856,0.035,37.7947362,-122.4318729,0.036,37.7949249,-122.4322017,0.0,37.794925,-122.432202,0.0,37.7967763,-122.4148379,1.543,37.26147,-121.88001,76.732,0.0,0.0,12805.811
San Francisco,703,MARKET ST,San Francisco,,CA,94103.0,-122.4035736,37.7871755,"703 MARKET ST, San Francisco",927_San,37.78717549,-122.4035736,0.0,37.78746496,-122.4035085,0.033,37.787175,-122.403574,0.0,37.79402619,-122.395402,1.047,37.787174,-122.40357,0.0,37.77523821,-122.4175225,1.807,37.787176,-122.403574,0.0,37.76764679,-122.4286575,3.095,37.787174,-122.40357,0.0,37.787219,-122.403614,0.006,37.7874479,-122.4035301,0.03,37.787174,-122.40357,0.0,37.787465,-122.4035085,0.033,37.7874479,-122.4035301,0.03,37.7871755,-122.4035736,0.0,37.787176,-122.403574,0.0,37.785915,-122.4007359,0.286,37.77352,-122.42122,2.171,0.0,0.0,12803.779
San Francisco,2635,23RD ST,San Francisco,,CA,94110.0,-122.4061882,37.7541764,"2635 23RD ST, San Francisco",435_San,37.75417636,-122.4061882,0.0,37.75423143,-122.40584,0.031,37.754176,-122.406188,0.0,37.75418619,-122.406142,0.004,37.754177,-122.40619,0.0,37.7524987,-122.420878,1.308,37.754176,-122.406188,0.0,37.7544918,-122.403066,0.277,37.7541879,-122.4061435,0.004,37.754177,-122.406143,0.004,37.7541879,-122.4061435,0.004,37.754177,-122.40619,0.0,37.7541879,-122.4061435,0.004,37.7541879,-122.4061435,0.004,37.75421,-122.406162,0.004,37.754173,-122.406096,0.008,37.7384171,-122.4799243,6.73,,,,0.0,0.0,12805.33
San Francisco,814,CAROLINA ST,San Francisco,,CA,94107.0,-122.4003257,37.7583725,"814 CAROLINA ST, San Francisco",827_San,37.75837246,-122.4003257,0.0,37.75818246,-122.40009,0.03,37.758373,-122.400326,0.0,37.75850619,-122.400022,0.031,37.758373,-122.40032,0.001,37.75692789,-122.3994335,0.179,37.758373,-122.400326,0.0,32.03425598,-106.687748,1567.608,37.758373,-122.40032,0.001,37.758371,-122.400329,0.0,37.7581825,-122.40009,0.03,37.758373,-122.40032,0.001,37.7581825,-122.40009,0.03,37.7581825,-122.40009,0.03,37.7583725,-122.4003257,0.0,37.7583804,-122.4002449,0.007,37.7733219,-122.501223,9.044,,,,0.0,0.0,12804.68
San Francisco,301,EXECUTIVE PARK BLVD,San Francisco,,CA,94134.0,-122.3921343,37.7115247,"301 EXECUTIVE PARK BLVD, San Francisco",570_San,37.71152466,-122.3921343,0.0,37.7115213,-122.3917909,0.03,37.711525,-122.392134,0.0,37.71152618,-122.391792,0.03,37.711525,-122.392136,0.0,,,,37.711525,-122.392134,0.0,37.71137619,-122.3919907,0.021,37.7115213,-122.3917909,0.03,37.711507,-122.391908,0.02,37.7115213,-122.3917909,0.03,37.711495,-122.391787,0.031,37.7115213,-122.3917909,0.03,37.7115213,-122.3917909,0.03,37.711522,-122.391926,0.018,37.7115,-122.391802,0.029,37.7115213,-122.3917909,0.03,,,,0.0,0.0,12805.904
San Francisco,508,FONT BLVD,San Francisco,,CA,94132.0,-122.4800047,37.720043,"508 FONT BLVD, San Francisco",546_San,37.72004302,-122.4800048,0.0,37.71984463,-122.4797879,0.029,37.720043,-122.480005,0.0,37.71732618,-122.476602,0.425,37.720043,-122.48,0.0,,,,,,,37.72931355,-122.4942559,1.624,37.720043,-122.48,0.0,37.720042,-122.480002,0.0,37.7198446,-122.4797879,0.029,37.720043,-122.48,0.0,37.7198446,-122.4797879,0.029,37.7196284,-122.480096,0.047,37.720043,-122.4800047,0.0,37.720043,-122.480005,0.0,38.1124802,-8.6569272,9222.487,,,,0.0,0.0,12812.771
San Francisco,78,DUKES CT,San Francisco,,CA,94124.0,-122.386403,37.7373655,"78 DUKES CT, San Francisco",789_San,37.73736549,-122.386403,0.0,37.73711888,-122.386436,0.028,37.737366,-122.386403,0.0,37.73701618,-122.386722,0.048,37.737366,-122.386406,0.0,37.73705941,-122.3869898,0.062,37.737366,-122.386403,0.0,37.73736572,-122.3864059,0.0,37.737366,-122.386406,0.0,37.737368,-122.386401,0.0,37.7371189,-122.386436,0.028,37.737366,-122.386406,0.0,37.7371189,-122.386436,0.028,37.7371189,-122.386436,0.028,37.7373655,-122.386403,0.0,37.737366,-122.386403,0.0,37.8868121,14.7963839,10553.821,,,,0.0,0.0,12804.388
San Francisco,1345,TAYLOR ST,San Francisco,,CA,94108.0,-122.41347,37.7948193,"1345 TAYLOR ST, San Francisco",82_San,37.79481928,-122.41347,0.0,37.7947142,-122.4131955,0.027,37.794819,-122.41347,0.0,37.78572619,-122.411282,1.028,37.79482,-122.41347,0.0,37.808332,-122.415715,1.513,37.794819,-122.41347,0.0,32.03466225,-106.687027,1570.073,37.79482,-122.41347,0.0,37.79482,-122.41347,0.0,37.7947142,-122.4131955,0.027,37.79482,-122.41347,0.0,37.7947142,-122.4131955,0.027,37.7947142,-122.4131955,0.027,37.7948193,-122.41347,0.0,37.7948584,-122.4134665,0.004,37.7834362,-122.4110895,1.281,,,,0.0,0.0,12804.28
San Francisco,1115,KEY AVE,San Francisco,,CA,94124.0,-122.3985303,37.7200453,"1115 KEY AVE, San Francisco",634_San,37.72004533,-122.3985303,0.0,37.72027364,-122.3985822,0.026,37.720045,-122.39853,0.0,37.71680618,-122.393212,0.591,37.720047,-122.39853,0.0,,,,37.720045,-122.39853,0.0,32.03507568,-106.6852973,1566.226,37.720047,-122.39853,0.0,37.720048,-122.39853,0.0,37.7202736,-122.3985822,0.026,37.720047,-122.39853,0.0,37.7202736,-122.3985822,0.026,37.7202736,-122.3985822,0.026,37.7200453,-122.3985303,0.0,37.7200633,-122.3985129,0.003,37.7168092,-122.3932148,0.59,,,,0.0,0.0,12806.084
San Francisco,260,SAGAMORE ST,San Francisco,,CA,94112.0,-122.4612533,37.7116802,"260 SAGAMORE ST, San Francisco",461_San,37.71168023,-122.4612533,0.0,37.71145949,-122.461171,0.026,37.71168,-122.461253,0.0,37.71128618,-122.456022,0.463,37.71168,-122.46125,0.0,,,,37.71168,-122.461253,0.0,37.71146774,-122.4612427,0.024,37.71168,-122.46125,0.0,37.71168,-122.461251,0.0,37.7114595,-122.461171,0.026,37.71168,-122.46125,0.0,37.7114595,-122.461171,0.026,37.7114595,-122.461171,0.026,37.7116802,-122.4612533,0.0,37.7116311,-122.4611263,0.012,37.7114115,-122.4567096,0.402,,,,0.0,0.0,12811.572
San Francisco,3750,MISSION ST,San Francisco,,CA,94110.0,-122.4246175,37.7365395,"3750 MISSION ST, San Francisco",832_San,37.73653945,-122.4246175,0.0,37.736639,-122.424376,0.024,37.736539,-122.424617,0.0,37.72982618,-122.430242,0.895,37.736538,-122.424614,0.0,,,,37.73654,-122.424618,0.0,37.0443074,-113.6207264,783.106,37.736538,-122.424614,0.0,37.73654,-122.424619,0.0,37.736639,-122.424376,0.024,37.736538,-122.424614,0.0,37.736639,-122.424376,0.024,37.736639,-122.424376,0.024,37.7365395,-122.4246175,0.0,37.736539,-122.424618,0.0,37.76198,-122.4273043,2.834,37.7641,-122.42692,3.066,0.0,0.0,12807.557
San Francisco,3842,18TH ST,San Francisco,,CA,94114.0,-122.429593,37.7613853,"3842 18TH ST, San Francisco",657_San,37.76138525,-122.4295931,0.0,37.76131286,-122.4293356,0.024,37.761385,-122.429593,0.0,37.76193619,-122.417742,1.046,37.761387,-122.429596,0.0,,,,37.761385,-122.429593,0.0,37.76172774,-122.4759422,4.084,37.761387,-122.429596,0.0,37.76139,-122.42959,0.001,37.7613129,-122.4293356,0.024,37.761387,-122.429596,0.0,37.7613129,-122.4293356,0.024,37.7613129,-122.4293356,0.024,37.7613853,-122.429593,0.0,37.761268,-122.4293671,0.024,37.7428989,-122.4744713,4.456,,,,0.0,0.0,12806.958
San Francisco,530,TURK ST,San Francisco,,CA,94102.0,-122.4180579,37.7825771,"530 TURK ST, San Francisco",850_San,37.78257709,-122.4180579,0.0,37.78238865,-122.4179213,0.024,37.782577,-122.418058,0.0,37.78271619,-122.414722,0.294,37.782578,-122.41806,0.0,37.7778681,-122.4579561,3.553,37.782577,-122.418058,0.0,37.78206253,-122.4205551,0.227,37.782578,-122.41806,0.0,37.782566,-122.418067,0.001,37.7823887,-122.4179213,0.024,37.782578,-122.41806,0.0,37.7823887,-122.4179213,0.024,37.7823887,-122.4179213,0.024,37.7825771,-122.4180579,0.0,37.782607,-122.418066,0.003,37.7811299,-122.4289252,0.971,,,,0.0,0.0,12805.153
San Francisco,22,TERRA VISTA AVE,San Francisco,,CA,94115.0,-122.4418563,37.7817478,"22 TERRA VISTA AVE, San Francisco",728_San,37.78174783,-122.4418562,0.0,37.78153372,-122.441812,0.024,37.781748,-122.441856,0.0,37.78143619,-122.443442,0.144,37.78175,-122.44186,0.0,,,,37.781748,-122.441856,0.0,37.78174591,-122.4418564,0.0,37.78175,-122.44186,0.0,37.781749,-122.441859,0.0,37.7815337,-122.441812,0.024,37.78175,-122.44186,0.0,37.7815337,-122.441812,0.024,37.7815337,-122.441812,0.024,37.7817478,-122.4418563,0.0,37.781713,-122.441891,0.005,37.7814313,-122.4434438,0.144,,,,0.0,0.0,12807.138
San Francisco,888,BRANNAN ST,San Francisco,,CA,94103.0,-122.4051932,37.772015,"888 BRANNAN ST, San Francisco",332_San,37.77201497,-122.4051932,0.0,37.7719568,-122.4054484,0.023,37.772015,-122.405193,0.0,37.77195619,-122.405442,0.023,37.772015,-122.40519,0.0,37.78092483,-122.3924118,1.499,37.772015,-122.405193,0.0,37.77523924,-122.3996592,0.605,37.7719568,-122.4054484,0.023,37.771764,-122.405256,0.028,37.7719568,-122.4054484,0.023,37.771861,-122.405561,0.037,37.7719568,-122.4054484,0.023,37.7719568,-122.4054484,0.023,37.772071,-122.405385,0.018,37.7718245,-122.4050825,0.023,37.7719568,-122.4054484,0.023,,,,0.0,0.0,12804.526
San Francisco,550,BATTERY ST,San Francisco,,CA,94111.0,-122.4004522,37.79635,"550 BATTERY ST, San Francisco",140_San,37.79634999,-122.4004522,0.0,37.7964039,-122.4002138,0.022,37.79635,-122.400452,0.0,37.79640619,-122.400212,0.022,37.79643,-122.39988,0.051,,,,37.796428,-122.399883,0.051,37.80876874,-122.4763486,6.825,37.7964039,-122.4002138,0.022,37.79634,-122.400195,0.023,37.7964039,-122.4002138,0.022,37.796397,-122.400213,0.022,37.7964039,-122.4002138,0.022,37.7964039,-122.4002138,0.022,37.79635,-122.4004522,0.0,37.7963413,-122.4003137,0.012,37.7964039,-122.4002138,0.022,,,,0.0,0.0,12803.151
San Francisco,327,FULTON ST,San Francisco,,CA,94102.0,-122.4221936,37.7786083,"327 FULTON ST, San Francisco",376_San,37.77860835,-122.4221935,0.0,37.77881063,-122.422201,0.022,37.778608,-122.422194,0.0,37.77728619,-122.434882,1.127,37.77861,-122.422195,0.0,37.7777577,-122.4512213,2.559,37.778608,-122.422194,0.0,37.77970123,-122.4151077,0.636,37.77861,-122.422195,0.0,37.77861,-122.42219,0.0,37.7788106,-122.422201,0.022,37.77861,-122.422195,0.0,37.7788106,-122.422201,0.022,37.7788106,-122.422201,0.022,37.7786083,-122.4221936,0.0,37.778608,-122.422194,0.0,37.7793627,-122.4514473,2.578,,,,0.0,0.0,12805.653
San Francisco,858,WASHINGTON ST,San Francisco,,CA,94108.0,-122.4074203,37.7951049,"858 WASHINGTON ST, San Francisco",563_San,37.79510494,-122.4074203,0.0,37.7952962,-122.4074679,0.022,37.795105,-122.40742,0.0,37.79529619,-122.407462,0.022,37.795277,-122.407455,0.019,,,,37.795277,-122.407455,0.019,37.79563141,-122.4016571,0.511,37.7952962,-122.4074679,0.022,37.795189,-122.407437,0.009,37.7952962,-122.4074679,0.022,37.795305,-122.407468,0.023,37.7952962,-122.4074679,0.022,37.7952962,-122.4074679,0.022,37.7951049,-122.4074203,0.0,37.795057,-122.4075509,0.013,37.7952962,-122.4074679,0.022,14.28356,120.9003,11259.06,0.0,0.0,12803.773
San Francisco,329,FULTON ST,San Francisco,,CA,94102.0,-122.4221936,37.7786083,"329 FULTON ST, San Francisco",239_San,37.77860835,-122.4221935,0.0,37.77880714,-122.4222283,0.022,37.778608,-122.422194,0.0,37.77728619,-122.434882,1.127,37.77861,-122.422195,0.0,37.7777577,-122.4512213,2.559,37.778608,-122.422194,0.0,,,,37.77861,-122.422195,0.0,37.77861,-122.42219,0.0,37.7788071,-122.4222283,0.022,37.77861,-122.422195,0.0,37.7788071,-122.4222283,0.022,37.7788071,-122.4222283,0.022,37.7786083,-122.4221936,0.0,37.778608,-122.422194,0.0,37.7793627,-122.4514473,2.578,,,,0.0,0.0,12805.653
San Francisco,872,FOERSTER ST,San Francisco,,CA,94127.0,-122.447269,37.7356021,"872 FOERSTER ST, San Francisco",378_San,37.73560214,-122.447269,0.0,37.7357898,-122.4472886,0.021,37.735602,-122.447269,0.0,37.73578618,-122.447282,0.02,37.735603,-122.447266,0.0,37.73574087,-122.446668,0.055,37.735602,-122.447269,0.0,37.73578561,-122.4472886,0.02,37.7357898,-122.4472886,0.021,37.735601,-122.44727,0.0,37.7357898,-122.4472886,0.021,37.735786,-122.447289,0.02,37.7357898,-122.4472886,0.021,37.7357898,-122.4472886,0.021,37.735787,-122.447289,0.021,37.7357869,-122.4472733,0.021,37.7357898,-122.4472886,0.021,,,,0.0,0.0,12809.454
San Francisco,1011,GARFIELD ST,San Francisco,,CA,94127.0,-122.4719663,37.7193995,"1011 GARFIELD ST, San Francisco",439_San,37.71939946,-122.4719663,0.0,37.7195568,-122.4718458,0.02,37.7194,-122.471966,0.0,37.71967618,-122.472252,0.04,37.7194,-122.47197,0.0,37.7717883,-122.458823,5.929,37.7194,-122.471966,0.0,32.03419876,-106.6880112,1572.145,37.7194,-122.47197,0.0,37.719544,-122.472137,0.022,37.7195568,-122.4718458,0.02,37.7194,-122.47197,0.0,37.7195568,-122.4718458,0.02,37.7195568,-122.4718458,0.02,37.7193995,-122.4719663,0.0,37.7193721,-122.4720483,0.008,37.7718015,-122.4588303,5.93,,,,0.0,0.0,12812.138
San Francisco,8,SUMNER ST,San Francisco,,CA,94103.0,-122.4108971,37.7764437,"8 SUMNER ST, San Francisco",672_San,37.77644372,-122.4108971,0.0,37.7763863,-122.4106873,0.02,37.776444,-122.410897,0.0,37.77638619,-122.410682,0.02,37.776386,-122.410687,0.02,,,,37.776444,-122.410897,0.0,37.79666901,-122.4519196,4.254,37.7763863,-122.4106873,0.02,37.776442,-122.410898,0.0,37.7763863,-122.4106873,0.02,37.776386,-122.410688,0.02,37.7763863,-122.4106873,0.02,37.7763863,-122.4106873,0.02,37.776386,-122.410687,0.02,37.776444,-122.410897,0.0,37.7763863,-122.4106873,0.02,,,,0.0,0.0,12804.814
San Francisco,2406,44TH AVE,San Francisco,,CA,94116.0,-122.5021499,37.7416033,"2406 44TH AVE, San Francisco",157_San,37.74160329,-122.5021499,0.0,37.74164418,-122.502358,0.019,37.741603,-122.50215,0.0,37.77636619,-122.504902,3.866,37.741604,-122.50215,0.0,37.739175,-122.4167091,7.536,37.741603,-122.50215,0.0,37.74175262,-122.5023575,0.025,37.741604,-122.50215,0.0,37.74154,-122.50222,0.009,37.7416442,-122.502358,0.019,37.741604,-122.50215,0.0,37.7416442,-122.502358,0.019,37.7416442,-122.502358,0.019,37.7416033,-122.5021499,0.0,37.7415481,-122.5022286,0.009,37.7642701,-122.5040663,2.521,,,,0.0,0.0,12813.713
San Francisco,650,EDDY ST,San Francisco,,CA,94109.0,-122.4184683,37.7833035,"650 EDDY ST, San Francisco",170_San,37.78330347,-122.4184683,0.0,37.7834461,-122.4185778,0.019,37.783304,-122.418468,0.0,37.78344619,-122.418572,0.018,37.783302,-122.418465,0.0,37.7806076,-122.4388662,1.822,37.783303,-122.418468,0.0,37.78343506,-122.4185848,0.018,37.7834461,-122.4185778,0.019,37.783372,-122.418517,0.009,37.7834461,-122.4185778,0.019,37.783302,-122.418465,0.0,37.7834461,-122.4185778,0.019,37.7834461,-122.4185778,0.019,37.783381,-122.418579,0.013,37.78345,-122.418522,0.017,37.7834461,-122.4185778,0.019,,,,0.0,0.0,12805.157
San Francisco,111,JONES ST,San Francisco,,CA,94102.0,-122.4123925,37.7821727,"111 JONES ST, San Francisco",896_San,37.78217271,-122.4123926,0.0,37.782315,-122.4124922,0.018,37.782173,-122.412392,0.0,37.78231619,-122.412492,0.018,37.782173,-122.41239,0.0,37.8072971,-122.41737,2.823,37.782173,-122.412393,0.0,38.41871262,-121.455307,109.723,37.782315,-122.4124922,0.018,37.78217,-122.41239,0.0,37.782315,-122.4124922,0.018,37.782291,-122.412593,0.022,37.782315,-122.4124922,0.018,37.782315,-122.4124922,0.018,37.7821727,-122.4123925,0.0,37.7824188,-122.4125505,0.031,37.782315,-122.4124922,0.018,,,,0.0,0.0,12804.705
San Francisco,3223,TARAVAL ST,San Francisco,,CA,94116.0,-122.5006789,37.7417026,"3223 TARAVAL ST, San Francisco",658_San,37.74170258,-122.5006789,0.0,37.74186214,-122.5006521,0.018,37.741703,-122.500679,0.0,37.74198618,-122.498732,0.174,37.741703,-122.50068,0.0,,,,37.741703,-122.500679,0.0,,,,37.741703,-122.50068,0.0,37.741701,-122.50068,0.0,37.7418621,-122.5006521,0.018,37.741703,-122.50068,0.0,37.7418621,-122.5006521,0.018,37.7418621,-122.5006521,0.018,37.7417026,-122.5006789,0.0,37.741703,-122.500679,0.0,37.7421801,-122.4955789,0.453,,,,0.0,0.0,12813.588
San Francisco,1240,14TH AVE,San Francisco,,CA,94122.0,-122.4714169,37.7648876,"1240 14TH AVE, San Francisco",272_San,37.76488763,-122.4714169,0.0,37.7648254,-122.471591,0.017,37.764888,-122.471417,0.0,37.76482619,-122.471592,0.017,37.76489,-122.47142,0.0,37.739175,-122.4167091,5.603,37.764888,-122.471417,0.0,32.03481051,-106.6859608,1573.882,37.7648254,-122.471591,0.017,37.764889,-122.471419,0.0,37.7648254,-122.471591,0.017,37.764826,-122.471591,0.017,37.7648254,-122.471591,0.017,37.7648254,-122.471591,0.017,37.7648876,-122.4714169,0.0,37.7648988,-122.4715795,0.014,37.7648254,-122.471591,0.017,,,,0.0,0.0,12810.246
San Francisco,1,HAWTHORNE ST,San Francisco,,CA,94105.0,-122.3990304,37.7857742,"1 HAWTHORNE ST, San Francisco",853_San,37.7857742,-122.3990304,0.0,37.78587,-122.399186,0.017,37.785774,-122.39903,0.0,37.78570619,-122.399142,0.012,37.785774,-122.39903,0.0,37.78410731,-122.3967417,0.274,37.785774,-122.39903,0.0,32.03490829,-106.686676,1568.557,37.785774,-122.39903,0.0,37.785755,-122.398949,0.007,37.7841936,-122.3972616,0.235,37.785774,-122.39903,0.0,37.78587,-122.399186,0.017,37.7854188,-122.3987941,0.045,37.7857742,-122.3990304,0.0,37.785769,-122.398876,0.014,37.7792929,-122.4192601,1.922,,,,0.0,0.0,12803.463
San Francisco,1,HAWTHORNE ST,San Francisco,,CA,94105.0,-122.3990304,37.7857742,"1 HAWTHORNE ST, San Francisco",891_San,37.7857742,-122.3990304,0.0,37.78587,-122.399186,0.017,37.785774,-122.39903,0.0,37.78570619,-122.399142,0.012,37.785774,-122.39903,0.0,37.78410731,-122.3967417,0.274,37.785774,-122.39903,0.0,32.03490829,-106.686676,1568.557,37.785774,-122.39903,0.0,37.785755,-122.398949,0.007,37.7841936,-122.3972616,0.235,37.785774,-122.39903,0.0,37.78587,-122.399186,0.017,37.7854188,-122.3987941,0.045,37.7857742,-122.3990304,0.0,37.785769,-122.398876,0.014,37.7792929,-122.4192601,1.922,,,,0.0,0.0,12803.463
San Francisco,1917,PAGE ST,San Francisco,,CA,94117.0,-122.4524256,37.7700167,"1917 PAGE ST, San Francisco",225_San,37.77001669,-122.4524255,0.0,37.7701544,-122.4524962,0.017,37.770017,-122.452426,0.0,37.77005619,-122.452442,0.005,37.770016,-122.45242,0.0,37.7703179,-122.452059,0.046,37.770017,-122.452426,0.0,37.13250351,-113.6241684,784.052,37.7700557,-122.4524464,0.005,37.770019,-122.452428,0.0,37.7700557,-122.4524464,0.005,37.770154,-122.452496,0.016,37.7700557,-122.4524464,0.005,37.7700557,-122.4524464,0.005,37.770017,-122.452438,0.001,37.770017,-122.452426,0.0,37.7701544,-122.4524962,0.017,,,,0.0,0.0,12808.481
San Francisco,3605,BUCHANAN ST,San Francisco,,CA,94123.0,-122.4335078,37.8032537,"3605 BUCHANAN ST, San Francisco",961_San,37.80325374,-122.4335078,0.0,37.8033205,-122.4336817,0.017,37.803254,-122.433508,0.0,37.80332619,-122.433682,0.017,37.803253,-122.43351,0.0,37.78507106,-122.4298622,2.044,37.803254,-122.433508,0.0,37.7785965,-122.4284021,2.773,37.8033205,-122.4336817,0.017,37.803252,-122.433509,0.0,37.8033205,-122.4336817,0.017,37.803253,-122.43351,0.0,37.8033205,-122.4336817,0.017,37.8033205,-122.4336817,0.017,37.803269,-122.433579,0.006,37.803254,-122.433508,0.0,37.8033205,-122.4336817,0.017,,,,0.0,0.0,12805.58
San Francisco,491,31ST AVE,San Francisco,,CA,94121.0,-122.491321,37.7801199,"491 31ST AVE, San Francisco",645_San,37.7801199,-122.491321,0.0,37.7801129,-122.4915024,0.016,37.78012,-122.491321,0.0,37.78011619,-122.491502,0.016,37.78012,-122.49132,0.0,,,,37.78012,-122.491321,0.0,37.78012711,-122.4914959,0.015,37.7801129,-122.4915024,0.016,37.780121,-122.491417,0.008,37.7801129,-122.4915024,0.016,37.780133,-122.49149,0.015,37.7801129,-122.4915024,0.016,37.7801129,-122.4915024,0.016,37.7801199,-122.491321,0.0,37.78012,-122.491514,0.017,37.7801129,-122.4915024,0.016,,,,0.0,0.0,12811.259
San Francisco,135,MAIN ST,San Francisco,,CA,94105.0,-122.3942409,37.7914591,"135 MAIN ST, San Francisco",625_San,37.7914591,-122.3942409,0.0,37.7915667,-122.3941325,0.015,37.791459,-122.394241,0.0,37.79156619,-122.394132,0.015,37.79146,-122.39424,0.0,,,,37.791459,-122.394241,0.0,32.03490829,-106.686676,1568.368,37.7915667,-122.3941325,0.015,37.791501,-122.394181,0.007,37.7915667,-122.3941325,0.015,37.791567,-122.394133,0.015,37.7915667,-122.3941325,0.015,37.7915667,-122.3941325,0.015,37.791541,-122.394173,0.011,37.791528,-122.394007,0.022,37.7915667,-122.3941325,0.015,38.44357,-122.70117,77.225,0.0,0.0,12802.84
San Francisco,1803,FILLMORE ST,San Francisco,,CA,94115.0,-122.4334488,37.7862693,"1803 FILLMORE ST, San Francisco",334_San,37.78626928,-122.4334487,0.0,37.7861906,-122.4333097,0.015,37.786269,-122.433449,0.0,37.77343619,-122.430722,1.444,37.78627,-122.43345,0.0,37.77195662,-122.4321037,1.593,37.786269,-122.433449,0.0,37.7850874,-122.433082,0.135,37.78627,-122.43345,0.0,37.786326,-122.43347,0.007,37.7952216,-122.4351296,1.005,37.78627,-122.43345,0.0,37.7885956,-122.4337932,0.26,37.784768,-122.4330172,0.171,37.7862693,-122.4334488,0.0,37.786269,-122.433449,0.0,37.7840838,-122.433171,0.244,37.78796,-122.43367,0.189,0.0,0.0,12806.265
San Francisco,17,WALTER U LUM PL,San Francisco,,CA,94108.0,-122.4059162,37.7946308,"17 WALTER U LUM PL, San Francisco",314_San,37.79463077,-122.4059162,0.0,37.7946157,-122.4057452,0.015,37.794631,-122.405916,0.0,37.79478619,-122.405782,0.021,37.794632,-122.405914,0.0,37.74043045,-122.434825,6.533,37.794631,-122.405916,0.0,37.79463196,-122.4059143,0.0,37.794632,-122.405914,0.0,37.794627,-122.405889,0.002,37.7947862,-122.4057808,0.021,37.794632,-122.405914,0.0,37.7947862,-122.4057808,0.021,37.7947862,-122.4057808,0.021,37.7946308,-122.4059162,0.0,37.794631,-122.405917,0.0,37.7947862,-122.4057808,0.021,,,,0.0,0.0,12803.668
San Francisco,406,MISSISSIPPI ST,San Francisco,,CA,94107.0,-122.3947129,37.7612087,"406 MISSISSIPPI ST, San Francisco",600_San,37.76120869,-122.3947129,0.0,37.761225,-122.3945599,0.014,37.761209,-122.394713,0.0,37.75298619,-122.393662,0.917,37.761208,-122.394714,0.0,,,,37.761209,-122.394713,0.0,37.76133347,-122.394577,0.018,37.761208,-122.394714,0.0,37.76121,-122.394711,0.0,37.761225,-122.3945599,0.014,37.761208,-122.394714,0.0,37.761225,-122.3945599,0.014,37.761225,-122.3945599,0.014,37.7612087,-122.3947129,0.0,37.7612249,-122.3947529,0.004,37.7503562,-122.3934012,1.21,,,,0.0,0.0,12804.104
San Francisco,112,GOUGH ST,San Francisco,,CA,94102.0,-122.422319,37.7743959,"112 GOUGH ST, San Francisco",89_San,37.7743959,-122.422319,0.0,37.7745146,-122.422375,0.014,37.774396,-122.422319,0.0,37.77436619,-122.422312,0.003,37.774395,-122.42232,0.0,37.785286,-122.4246999,1.227,,,,37.7744814,-122.4223578,0.01,37.7743615,-122.4223162,0.004,37.774374,-122.422308,0.003,37.7743615,-122.4223162,0.004,37.774515,-122.422375,0.014,37.7743615,-122.4223162,0.004,37.7743615,-122.4223162,0.004,37.774515,-122.422375,0.014,37.774361,-122.422301,0.004,37.7745146,-122.422375,0.014,,,,0.0,0.0,12805.834
San Francisco,743,TARAVAL ST,San Francisco,,CA,94116.0,-122.4742872,37.7428638,"743 TARAVAL ST, San Francisco",670_San,37.74286385,-122.4742872,0.0,37.7429892,-122.4742475,0.014,37.742864,-122.474287,0.0,37.74298618,-122.474242,0.014,37.742863,-122.47429,0.0,,,,37.742864,-122.474287,0.0,,,,37.7429892,-122.4742475,0.014,37.742862,-122.474288,0.0,37.7429892,-122.4742475,0.014,37.742989,-122.474248,0.014,37.7429892,-122.4742475,0.014,37.7429892,-122.4742475,0.014,37.742989,-122.474248,0.014,37.742864,-122.474287,0.0,37.7429892,-122.4742475,0.014,,,,0.0,0.0,12811.376
San Francisco,20,FRANKLIN ST,San Francisco,,CA,94102.0,-122.420662,37.7746159,"20 FRANKLIN ST, San Francisco",736_San,37.77461592,-122.4206621,0.0,37.77450068,-122.4206991,0.013,37.774616,-122.420662,0.0,37.78035619,-122.422002,0.648,37.774616,-122.42066,0.0,37.78325122,-122.4233927,0.988,37.774616,-122.420662,0.0,32.03490829,-106.686676,1569.948,37.774616,-122.42066,0.0,37.774599,-122.420597,0.006,37.7745007,-122.4206991,0.013,37.774616,-122.42066,0.0,37.7745007,-122.4206991,0.013,37.7745007,-122.4206991,0.013,37.7746159,-122.420662,0.0,37.774578,-122.420535,0.012,37.8008204,-122.4100127,3.056,,,,0.0,0.0,12805.689
San Francisco,1814,20TH ST,San Francisco,,CA,94107.0,-122.399513,37.7600225,"1814 20TH ST, San Francisco",243_San,37.76002252,-122.3995129,0.0,37.75991829,-122.399438,0.013,37.760022,-122.399513,0.0,37.75759619,-122.436342,3.257,37.76002,-122.39951,0.0,,,,,,,37.76043316,-122.3902854,0.814,37.76002,-122.39951,0.0,37.76002,-122.39951,0.0,37.7599183,-122.399438,0.013,37.76002,-122.39951,0.0,37.7599183,-122.399438,0.013,37.7599183,-122.399438,0.013,37.7600225,-122.399513,0.0,37.7600271,-122.3996274,0.01,37.7604997,-122.3885771,0.965,,,,0.0,0.0,12804.546
San Francisco,4719,18TH ST,San Francisco,,CA,94114.0,-122.4435922,37.7599849,"4719 18TH ST, San Francisco",978_San,37.75998493,-122.4435922,0.0,37.7600556,-122.4436797,0.011,37.759985,-122.443592,0.0,37.76005619,-122.443672,0.011,37.759983,-122.443596,0.0,,,,37.759985,-122.443592,0.0,37.76172774,-122.4759422,2.857,37.7600556,-122.4436797,0.011,37.759983,-122.443591,0.0,37.7600556,-122.4436797,0.011,37.760056,-122.44368,0.011,37.7600556,-122.4436797,0.011,37.7600556,-122.4436797,0.011,37.760056,-122.44368,0.011,37.759985,-122.443592,0.0,37.7600556,-122.4436797,0.011,,,,0.0,0.0,12808.163
San Francisco,1427,NORIEGA ST,San Francisco,,CA,94122.0,-122.4790924,37.7538891,"1427 NORIEGA ST, San Francisco",297_San,37.75388907,-122.4790924,0.0,37.7539869,-122.4791068,0.011,37.753889,-122.479092,0.0,37.75389619,-122.479092,0.001,37.75389,-122.479095,0.0,37.7531447,-122.504877,2.274,37.753889,-122.479092,0.0,37.7539869,-122.4791068,0.011,37.7538979,-122.479098,0.001,37.75389,-122.479091,0.0,37.7538979,-122.479098,0.001,37.753987,-122.479107,0.011,37.7538979,-122.479098,0.001,37.7538979,-122.479098,0.001,37.753987,-122.479107,0.011,37.753889,-122.479092,0.0,37.7538979,-122.479098,0.001,,,,0.0,0.0,12811.322
San Francisco,203,WEBSTER ST,San Francisco,,CA,94117.0,-122.4290548,37.7726243,"203 WEBSTER ST, San Francisco",883_San,37.77262434,-122.4290548,0.0,37.7727177,-122.4290389,0.01,37.772624,-122.429055,0.0,37.77271619,-122.429032,0.01,37.772625,-122.429054,0.0,37.7713924,-122.4286167,0.142,37.772624,-122.429055,0.0,32.03490829,-106.686676,1570.573,37.7727177,-122.4290389,0.01,37.772622,-122.429052,0.0,37.7727177,-122.4290389,0.01,37.772718,-122.429039,0.01,37.7727177,-122.4290389,0.01,37.7727177,-122.4290389,0.01,37.772718,-122.429039,0.01,37.772624,-122.429055,0.0,37.7727177,-122.4290389,0.01,,,,0.0,0.0,12806.458
San Francisco,137,MARSTON AVE,San Francisco,,CA,94112.0,-122.4472196,37.7272202,"137 MARSTON AVE, San Francisco",748_San,37.72722016,-122.4472195,0.0,37.7273096,-122.4472311,0.01,37.72722,-122.44722,0.0,37.72730618,-122.447232,0.01,37.72722,-122.44722,0.0,37.739175,-122.4167091,2.999,37.72722,-122.44722,0.0,32.03526688,-106.6850967,1570.551,37.7273096,-122.4472311,0.01,37.72722,-122.44722,0.0,37.7273096,-122.4472311,0.01,37.72728,-122.447231,0.007,37.7273096,-122.4472311,0.01,37.7273096,-122.4472311,0.01,37.727275,-122.447231,0.006,37.7273141,-122.4472064,0.01,37.7273096,-122.4472311,0.01,,,,0.0,0.0,12809.79
San Francisco,2451,FOLSOM ST,San Francisco,,CA,94110.0,-122.4142575,37.7580834,"2451 FOLSOM ST, San Francisco",514_San,37.75808341,-122.4142575,0.0,37.7580872,-122.414371,0.01,37.758083,-122.414258,0.0,37.75808619,-122.414372,0.01,37.758083,-122.41426,0.0,,,,37.758083,-122.414258,0.0,37.7876407,-122.3939839,3.735,37.7580872,-122.414371,0.01,37.758081,-122.414259,0.0,37.7580872,-122.414371,0.01,37.758087,-122.414371,0.01,37.7580872,-122.414371,0.01,37.7580872,-122.414371,0.01,37.7581,-122.414353,0.009,37.758083,-122.414257,0.0,37.7580872,-122.414371,0.01,,,,0.0,0.0,12805.834
San Francisco,2900,YORBA ST,San Francisco,,CA,94116.0,-122.4978542,37.7347204,"2900 YORBA ST, San Francisco",94_San,37.73472037,-122.4978542,0.0,37.7348123,-122.4978611,0.01,37.73472,-122.497854,0.0,37.73481618,-122.497862,0.011,37.73484,-122.49786,0.013,37.73457984,-122.4987006,0.076,,,,37.73458026,-122.4987005,0.076,37.7348123,-122.4978611,0.01,37.73478,-122.497856,0.007,37.7348123,-122.4978611,0.01,37.73479,-122.497862,0.008,37.7348123,-122.4978611,0.01,37.7348123,-122.4978611,0.01,37.734776,-122.497848,0.006,37.7347853,-122.4978683,0.007,37.7348123,-122.4978611,0.01,,,,0.0,0.0,12813.64
San Francisco,1474,14TH AVE,San Francisco,,CA,94122.0,-122.4711131,37.7605764,"1474 14TH AVE, San Francisco",121_San,37.7605764,-122.4711132,0.0,37.7605694,-122.4712115,0.009,37.760576,-122.471113,0.0,37.76056619,-122.471212,0.009,37.760582,-122.471194,0.007,37.739175,-122.4167091,5.351,,,,32.03536606,-106.6846924,1573.777,37.7605694,-122.4712115,0.009,37.760578,-122.471111,0.0,37.7605694,-122.4712115,0.009,37.76058,-122.471216,0.009,37.7605694,-122.4712115,0.009,37.7605694,-122.4712115,0.009,37.760582,-122.471194,0.007,37.7605761,-122.4712128,0.009,37.7605694,-122.4712115,0.009,,,,0.0,0.0,12810.396
San Francisco,74,CRESTLINE DR,San Francisco,,CA,94131.0,-122.4460312,37.7518829,"74 CRESTLINE DR, San Francisco",726_San,37.75188294,-122.4460312,0.0,37.751896,-122.4461339,0.009,37.751883,-122.446031,0.0,37.75174619,-122.446242,0.024,37.751884,-122.44603,0.0,,,,37.751883,-122.446031,0.0,37.10766983,-113.5493698,790.364,37.7517489,-122.4462404,0.024,37.751882,-122.44603,0.0,37.7517489,-122.4462404,0.024,37.751883,-122.446134,0.009,37.7517489,-122.4462404,0.024,37.7517489,-122.4462404,0.024,37.751914,-122.446072,0.005,37.751884,-122.446032,0.0,37.7517489,-122.4462404,0.024,,,,0.0,0.0,12808.692
San Francisco,1922,31ST AVE,San Francisco,,CA,94116.0,-122.4888345,37.7513368,"1922 31ST AVE, San Francisco",74_San,37.75133682,-122.4888344,0.0,37.7513371,-122.4889374,0.009,37.751337,-122.488834,0.0,37.75133619,-122.488932,0.009,37.751335,-122.48884,0.001,37.739175,-122.4167091,6.499,37.751337,-122.488835,0.0,37.75133698,-122.4889346,0.009,37.7513371,-122.4889374,0.009,37.75133,-122.48893,0.008,37.7513371,-122.4889374,0.009,37.751335,-122.488935,0.009,37.7513371,-122.4889374,0.009,37.7513371,-122.4889374,0.009,37.751338,-122.488946,0.01,37.7513166,-122.4889888,0.014,37.7513371,-122.4889374,0.009,,,,0.0,0.0,12812.225
San Francisco,46,STATES ST,San Francisco,,CA,94114.0,-122.4363233,37.7636053,"46 STATES ST, San Francisco",469_San,37.76360524,-122.4363233,0.0,37.7635223,-122.4363435,0.009,37.763605,-122.436323,0.0,37.76360619,-122.436332,0.001,37.763607,-122.436325,0.0,,,,37.763605,-122.436323,0.0,37.7635223,-122.4363435,0.009,37.7636036,-122.436337,0.001,37.763608,-122.436321,0.0,37.7636036,-122.436337,0.001,37.763522,-122.436344,0.009,37.7636036,-122.436337,0.001,37.7636036,-122.436337,0.001,37.763558,-122.436315,0.005,37.763605,-122.436323,0.0,37.7641756,-122.5062074,6.158,37.77549,-122.4508,1.835,0.0,0.0,12807.42
San Francisco,1858,35TH AVE,San Francisco,,CA,94122.0,-122.4932135,37.7523971,"1858 35TH AVE, San Francisco",438_San,37.75239713,-122.4932136,0.0,37.7524075,-122.4933104,0.009,37.752397,-122.493213,0.0,37.75240619,-122.493312,0.009,37.752396,-122.49321,0.0,37.739175,-122.4167091,6.901,37.752397,-122.493214,0.0,37.75239443,-122.4933089,0.008,37.7524075,-122.4933104,0.009,37.752399,-122.493211,0.0,37.7524075,-122.4933104,0.009,37.752394,-122.493308,0.008,37.7524075,-122.4933104,0.009,37.7524075,-122.4933104,0.009,37.752397,-122.493343,0.011,37.7523963,-122.4933013,0.008,37.7524075,-122.4933104,0.009,,,,0.0,0.0,12812.541
San Francisco,131,LOUISBURG ST,San Francisco,,CA,94112.0,-122.4493285,37.7212028,"131 LOUISBURG ST, San Francisco",918_San,37.72120279,-122.4493284,0.0,37.7212343,-122.4494176,0.009,37.721203,-122.449328,0.0,37.72123618,-122.449412,0.008,37.721203,-122.449326,0.0,37.72099,-122.4500249,0.066,37.721203,-122.449329,0.0,37.72123259,-122.4494152,0.008,37.7212343,-122.4494176,0.009,37.721202,-122.449329,0.0,37.7212343,-122.4494176,0.009,37.721232,-122.449414,0.008,37.7212343,-122.4494176,0.009,37.7212343,-122.4494176,0.009,37.721243,-122.449442,0.011,37.7212403,-122.4493319,0.004,37.7212343,-122.4494176,0.009,,,,0.0,0.0,12810.207
San Francisco,1447,45TH AVE,San Francisco,,CA,94122.0,-122.5051217,37.7595604,"1447 45TH AVE, San Francisco",818_San,37.75956039,-122.5051217,0.0,37.7595688,-122.5050242,0.009,37.75956,-122.505122,0.0,37.75956619,-122.505022,0.009,37.75956,-122.50512,0.0,37.739175,-122.4167091,8.114,37.75956,-122.505122,0.0,37.75956169,-122.5050386,0.007,37.7595688,-122.5050242,0.009,37.75956,-122.50504,0.007,37.7595688,-122.5050242,0.009,37.759563,-122.505036,0.008,37.7595688,-122.5050242,0.009,37.7595688,-122.5050242,0.009,37.759563,-122.505011,0.01,37.7595644,-122.5050211,0.009,37.7595688,-122.5050242,0.009,,,,0.0,0.0,12813.226
San Francisco,1695,47TH AVE,San Francisco,,CA,94122.0,-122.5067986,37.7550227,"1695 47TH AVE, San Francisco",37_San,37.75502268,-122.5067986,0.0,37.75496892,-122.5067217,0.009,37.755023,-122.506799,0.0,37.77032619,-122.507882,1.701,37.755024,-122.5068,0.0,,,,37.755023,-122.506799,0.0,37.75502396,-122.5067978,0.0,37.755024,-122.5068,0.0,37.755022,-122.506799,0.0,37.7549689,-122.5067217,0.009,37.755024,-122.5068,0.0,37.7549689,-122.5067217,0.009,37.7549689,-122.5067217,0.009,37.7550227,-122.5067986,0.0,37.7548592,-122.506695,0.02,37.7724327,-122.507839,1.935,,,,0.0,0.0,12813.548
San Francisco,2448,LOMBARD ST,San Francisco,,CA,94123.0,-122.4419351,37.7992526,"2448 LOMBARD ST, San Francisco",418_San,37.79925264,-122.4419351,0.0,37.79926786,-122.4418326,0.009,37.799253,-122.441935,0.0,37.80217619,-122.418672,2.074,37.79925,-122.44193,0.001,37.7892059,-122.4034752,3.566,37.799253,-122.441935,0.0,,,,37.79925,-122.44193,0.001,37.79933,-122.442,0.01,37.7992679,-122.4418326,0.009,37.79925,-122.44193,0.001,37.7992679,-122.4418326,0.009,37.7992679,-122.4418326,0.009,37.7992526,-122.4419351,0.0,37.7991923,-122.4419384,0.007,37.8020985,-122.4187992,2.062,37.80108,-122.4268,1.348,0.0,0.0,12806.434
San Francisco,1831,GRANT AVE,San Francisco,,CA,94133.0,-122.4085472,37.803829,"1831 GRANT AVE, San Francisco",985_San,37.80382857,-122.4085527,0.0,37.8038475,-122.4084464,0.009,37.803829,-122.408547,0.0,37.80384619,-122.408442,0.009,37.80383,-122.40855,0.0,37.78645651,-122.4056224,1.945,,,,,,,37.8038475,-122.4084464,0.009,37.80383,-122.408548,0.0,37.8038475,-122.4084464,0.009,37.803846,-122.408513,0.004,37.8038475,-122.4084464,0.009,37.8038475,-122.4084464,0.009,37.803846,-122.408558,0.002,37.803829,-122.408547,0.0,37.8038475,-122.4084464,0.009,,,,0.0,0.0,12803.511
San Francisco,57,HIGH ST,San Francisco,,CA,94114.0,-122.4432442,37.7484637,"57 HIGH ST, San Francisco",655_San,37.74846371,-122.4432443,0.0,37.7484666,-122.4433374,0.008,37.748464,-122.443244,0.0,37.74846618,-122.443332,0.008,37.748463,-122.443245,0.0,,,,37.748464,-122.443244,0.0,32.03490829,-106.686676,1570.876,37.7484666,-122.4433374,0.008,37.748464,-122.443244,0.0,37.7484666,-122.4433374,0.008,37.748468,-122.443344,0.009,37.7484666,-122.4433374,0.008,37.7484666,-122.4433374,0.008,37.748472,-122.44337,0.011,37.7484622,-122.4433079,0.006,37.7484666,-122.4433374,0.008,37.88387,-122.28379,20.567,0.0,0.0,12808.602
San Francisco,55,SHARON ST,San Francisco,,CA,94114.0,-122.4295231,37.7652074,"55 SHARON ST, San Francisco",718_San,37.76520744,-122.4295232,0.0,37.7652222,-122.4296159,0.008,37.765207,-122.429523,0.0,37.76522619,-122.429612,0.008,37.76521,-122.42952,0.0,,,,37.765207,-122.429523,0.0,32.03490829,-106.686676,1570.342,37.7652222,-122.4296159,0.008,37.765209,-122.429521,0.0,37.7652222,-122.4296159,0.008,37.76521,-122.42952,0.0,37.7652222,-122.4296159,0.008,37.7652222,-122.4296159,0.008,37.765206,-122.429645,0.011,37.765207,-122.429523,0.0,37.7652222,-122.4296159,0.008,,,,0.0,0.0,12806.797
San Francisco,718,GRANT AVE,San Francisco,,CA,94108.0,-122.4060404,37.7936334,"718 GRANT AVE, San Francisco",924_San,37.79363341,-122.4060403,0.0,37.7936988,-122.4060709,0.008,37.793633,-122.40604,0.0,37.79369619,-122.406072,0.008,37.793633,-122.406044,0.0,37.78645651,-122.4056224,0.797,37.793633,-122.40604,0.0,32.03533363,-106.6841698,1569.614,37.7936988,-122.4060709,0.008,37.793668,-122.406045,0.004,37.7936988,-122.4060709,0.008,37.793699,-122.406071,0.008,37.7936988,-122.4060709,0.008,37.7936988,-122.4060709,0.008,37.793699,-122.406071,0.008,37.7936294,-122.4060852,0.004,37.7936988,-122.4060709,0.008,,,,0.0,0.0,12803.719
San Francisco,401,HARRISON ST,San Francisco,,CA,94105.0,-122.3921582,37.7865132,"401 HARRISON ST, San Francisco",954_San,37.78651315,-122.3921582,0.0,37.7865436,-122.3920785,0.008,37.786513,-122.392158,0.0,37.78654619,-122.392072,0.008,37.78649,-122.39214,0.003,37.75971125,-122.4131847,3.504,37.78649,-122.392145,0.003,32.03429794,-106.6869583,1568.022,37.7865436,-122.3920785,0.008,37.786272,-122.392184,0.027,37.7865436,-122.3920785,0.008,37.786544,-122.392079,0.008,37.7865436,-122.3920785,0.008,37.7865436,-122.3920785,0.008,37.7865132,-122.3921582,0.0,37.786332,-122.392084,0.021,37.7865436,-122.3920785,0.008,,,,0.0,0.0,12802.869
San Francisco,1470,GOLDEN GATE AVE,San Francisco,,CA,94115.0,-122.434748,37.7794946,"1470 GOLDEN GATE AVE, San Francisco",386_San,37.77949456,-122.434748,0.0,37.7794227,-122.43476,0.008,37.779495,-122.434748,0.0,37.77942619,-122.434762,0.008,37.779495,-122.434746,0.0,37.76899057,-122.4817523,4.302,37.779495,-122.434748,0.0,37.8250724,-122.4790475,6.388,37.7794227,-122.43476,0.008,37.779492,-122.434749,0.0,37.7794227,-122.43476,0.008,37.779421,-122.43475,0.008,37.7794227,-122.43476,0.008,37.7794227,-122.43476,0.008,37.779431,-122.434718,0.008,37.779495,-122.434748,0.0,37.7794227,-122.43476,0.008,,,,0.0,0.0,12806.646
San Francisco,954,GEARY ST,San Francisco,,CA,94109.0,-122.419055,37.7862409,"954 GEARY ST, San Francisco",207_San,37.78624087,-122.419055,0.0,37.7863086,-122.4190922,0.008,37.786241,-122.419055,0.0,37.78630619,-122.419092,0.008,37.78624,-122.41905,0.0,37.78559405,-122.4200606,0.114,37.786241,-122.419055,0.0,37.7814799,-122.4546604,3.181,37.7863086,-122.4190922,0.008,37.786242,-122.419057,0.0,37.7863086,-122.4190922,0.008,37.78624,-122.41905,0.0,37.7863086,-122.4190922,0.008,37.7863086,-122.4190922,0.008,37.7862409,-122.419055,0.0,37.786241,-122.419055,0.0,37.7863086,-122.4190922,0.008,,,,0.0,0.0,12805.086
San Francisco,99,RAUSCH ST,San Francisco,,CA,94103.0,-122.4092474,37.7764218,"99 RAUSCH ST, San Francisco",764_San,37.77642184,-122.4092474,0.0,37.7763535,-122.4092355,0.008,37.776422,-122.409247,0.0,37.77635619,-122.409232,0.007,37.77642,-122.40925,0.0,37.7767598,-122.4098279,0.063,37.776422,-122.409247,0.0,37.77635827,-122.409191,0.009,37.7763535,-122.4092355,0.008,37.776396,-122.409205,0.005,37.7763535,-122.4092355,0.008,37.776339,-122.409184,0.011,37.7763535,-122.4092355,0.008,37.7763535,-122.4092355,0.008,37.7764218,-122.4092474,0.0,37.776371,-122.409161,0.009,37.7763535,-122.4092355,0.008,,,,0.0,0.0,12804.68
San Francisco,141,WOOLSEY ST,San Francisco,,CA,94134.0,-122.4031959,37.7248501,"141 WOOLSEY ST, San Francisco",306_San,37.72485013,-122.4031959,0.0,37.724919,-122.403232,0.008,37.72485,-122.403196,0.0,37.72491618,-122.403232,0.008,37.72485,-122.4032,0.0,37.72259873,-122.4120442,0.819,37.72485,-122.403196,0.0,37.72490789,-122.403227,0.007,37.724919,-122.403232,0.008,37.72485,-122.403198,0.0,37.724919,-122.403232,0.008,37.724908,-122.403228,0.007,37.724919,-122.403232,0.008,37.724919,-122.403232,0.008,37.72492,-122.403226,0.008,37.7249076,-122.403221,0.007,37.724919,-122.403232,0.008,,,,0.0,0.0,12806.273
San Francisco,179,BROMPTON AVE,San Francisco,,CA,94131.0,-122.4350446,37.7327132,"179 BROMPTON AVE, San Francisco",824_San,37.73271319,-122.4350447,0.0,37.7327301,-122.435116,0.007,37.732713,-122.435045,0.0,37.73273618,-122.435112,0.006,37.73271,-122.43504,0.001,37.739175,-122.4167091,1.768,37.732712,-122.435047,0.0,32.03526688,-106.6850967,1569.735,37.7327301,-122.435116,0.007,37.732711,-122.435042,0.0,37.7327301,-122.435116,0.007,37.732727,-122.435115,0.006,37.7327301,-122.435116,0.007,37.7327301,-122.435116,0.007,37.732724,-122.435116,0.006,37.7327241,-122.435146,0.009,37.7327301,-122.435116,0.007,,,,0.0,0.0,12808.568
San Francisco,1800,WASHINGTON ST,San Francisco,,CA,94109.0,-122.4231917,37.7931434,"1800 WASHINGTON ST, San Francisco",941_San,37.79314345,-122.4231917,0.0,37.793099,-122.423143,0.007,37.793143,-122.423192,0.0,37.79642619,-122.396462,2.382,37.79343,-122.42343,0.038,37.80085752,-122.4100237,1.442,37.793432,-122.423428,0.038,37.06774521,-113.5465012,789.463,37.79343,-122.42343,0.038,37.79314,-122.42319,0.0,37.793099,-122.423143,0.007,37.79343,-122.42343,0.038,37.793099,-122.423143,0.007,37.793099,-122.423143,0.007,37.7931434,-122.4231917,0.0,37.7932551,-122.4233,0.016,37.7678406,-122.4206062,2.818,14.28356,120.9003,11257.938,0.0,0.0,12805.145
San Francisco,755,23RD AVE,San Francisco,,CA,94121.0,-122.4824375,37.7734844,"755 23RD AVE, San Francisco",620_San,37.77348445,-122.4824374,0.0,37.773497,-122.4823643,0.007,37.773484,-122.482438,0.0,37.77349619,-122.482362,0.007,37.773483,-122.48244,0.0,,,,37.773484,-122.482438,0.0,37.7544918,-122.403066,7.304,37.773497,-122.4823643,0.007,37.773482,-122.482438,0.0,37.773497,-122.4823643,0.007,37.773494,-122.482364,0.007,37.773497,-122.4823643,0.007,37.773497,-122.4823643,0.007,37.773474,-122.482356,0.007,37.7734878,-122.4823655,0.006,37.773497,-122.4823643,0.007,,,,0.0,0.0,12810.801
San Francisco,3769,20TH ST,San Francisco,,CA,94110.0,-122.4249586,37.7580318,"3769 20TH ST, San Francisco",120_San,37.75803178,-122.4249586,0.0,37.758092,-122.4249855,0.007,37.758032,-122.424959,0.0,37.75809619,-122.424982,0.007,37.75803,-122.42496,0.0,,,,,,,37.76043316,-122.3902854,3.067,37.758092,-122.4249855,0.007,37.758031,-122.42496,0.0,37.758092,-122.4249855,0.007,37.758071,-122.424988,0.005,37.758092,-122.4249855,0.007,37.758092,-122.4249855,0.007,37.758048,-122.424986,0.003,37.758032,-122.424959,0.0,37.758092,-122.4249855,0.007,,,,0.0,0.0,12806.714
San Francisco,705,BROADWAY,San Francisco,,CA,94133.0,-122.4088472,37.7974706,"705 BROADWAY, San Francisco",338_San,37.7974706,-122.4088472,0.0,37.79752207,-122.4087971,0.007,37.797471,-122.408847,0.0,37.79730619,-122.411022,0.192,37.79743,-122.40884,0.005,37.7978052,-122.4061515,0.24,37.79743,-122.408839,0.005,37.79605587,-122.4202121,1.013,37.79743,-122.40884,0.005,37.79745,-122.408844,0.002,37.7975221,-122.4087971,0.007,37.79743,-122.40884,0.005,37.7975221,-122.4087971,0.007,37.7975221,-122.4087971,0.007,37.7974706,-122.4088472,0.0,37.79743,-122.408839,0.005,37.7967763,-122.4148379,0.533,37.26147,-121.88001,75.657,0.0,0.0,12803.794
San Francisco,372,PACHECO ST,San Francisco,,CA,94116.0,-122.4626435,37.7495933,"372 PACHECO ST, San Francisco",325_San,37.74959334,-122.4626435,0.0,37.7495662,-122.4627133,0.007,37.749593,-122.462643,0.0,37.74956618,-122.462712,0.007,37.749566,-122.462713,0.007,37.74481525,-122.4604406,0.565,37.749593,-122.462644,0.0,37.74464417,-122.4603882,0.584,37.7495662,-122.4627133,0.007,37.749592,-122.462641,0.0,37.7495662,-122.4627133,0.007,37.749566,-122.462713,0.007,37.7495662,-122.4627133,0.007,,,,37.749566,-122.462713,0.007,37.7495774,-122.4626973,0.005,37.7495662,-122.4627133,0.007,,,,0.0,0.0,12810.148
San Francisco,459,TURK ST,San Francisco,,CA,94102.0,-122.4164939,37.7821955,"459 TURK ST, San Francisco",464_San,37.78219551,-122.4164939,0.0,37.7821845,-122.416569,0.007,37.782196,-122.416494,0.0,37.78218619,-122.416562,0.006,37.782196,-122.4165,0.001,,,,37.782195,-122.416494,0.0,37.78206253,-122.4205551,0.358,37.7821845,-122.416569,0.007,37.782198,-122.416492,0.0,37.7821845,-122.416569,0.007,37.78222,-122.416519,0.004,37.7821845,-122.416569,0.007,37.7821845,-122.416569,0.007,37.7821955,-122.4164939,0.0,37.7822121,-122.4165021,0.002,37.7821845,-122.416569,0.007,,,,0.0,0.0,12805.04
San Francisco,84,DAWNVIEW WAY,San Francisco,,CA,94131.0,-122.445436,37.7477703,"84 DAWNVIEW WAY, San Francisco",940_San,37.74777032,-122.445436,0.0,37.7478237,-122.4454716,0.007,37.74777,-122.445436,0.0,37.74782618,-122.445472,0.007,37.74777,-122.445435,0.0,37.74792915,-122.4469678,0.136,37.74777,-122.445436,0.0,37.74782289,-122.4454722,0.007,37.7478237,-122.4454716,0.007,37.74777,-122.445438,0.0,37.7478237,-122.4454716,0.007,37.747822,-122.445473,0.007,37.7478237,-122.4454716,0.007,37.7478237,-122.4454716,0.007,37.74783,-122.445476,0.008,37.7478223,-122.4454683,0.006,37.7478237,-122.4454716,0.007,,,,0.0,0.0,12808.81
San Francisco,256,LOUISBURG ST,San Francisco,,CA,94112.0,-122.4507725,37.7199305,"256 LOUISBURG ST, San Francisco",675_San,37.71993054,-122.4507725,0.0,37.7199009,-122.4507057,0.007,37.71993,-122.450772,0.0,37.71990618,-122.450702,0.007,37.71993,-122.450775,0.0,,,,37.719931,-122.450773,0.0,37.71989679,-122.4507044,0.007,37.7199009,-122.4507057,0.007,37.7199,-122.4507,0.007,37.7199009,-122.4507057,0.007,37.719895,-122.450701,0.007,37.7199009,-122.4507057,0.007,37.7199009,-122.4507057,0.007,37.719906,-122.450712,0.006,37.7198952,-122.4506853,0.009,37.7199009,-122.4507057,0.007,,,,0.0,0.0,12810.377
San Francisco,37,MIRALOMA DR,San Francisco,,CA,94127.0,-122.4597192,37.7394623,"37 MIRALOMA DR, San Francisco",993_San,37.7394623,-122.4597192,0.0,37.739441,-122.4597912,0.007,37.739462,-122.459719,0.0,37.73944618,-122.459792,0.007,37.739464,-122.45972,0.0,37.73904876,-122.4491559,0.932,37.739462,-122.459719,0.0,37.7394444,-122.4597891,0.006,37.739441,-122.4597912,0.007,37.739461,-122.459719,0.0,37.739441,-122.4597912,0.007,37.739445,-122.459785,0.006,37.739441,-122.4597912,0.007,37.739441,-122.4597912,0.007,37.739444,-122.459824,0.009,37.7394468,-122.4597617,0.004,37.739441,-122.4597912,0.007,,,,0.0,0.0,12810.319
San Francisco,25,CERRITOS AVE,San Francisco,,CA,94127.0,-122.467164,37.7265719,"25 CERRITOS AVE, San Francisco",562_San,37.72657194,-122.4671639,0.0,37.7266183,-122.4671875,0.006,37.726572,-122.467164,0.0,37.72661618,-122.467182,0.005,37.72657,-122.46716,0.0,,,,37.726572,-122.467164,0.0,32.03526688,-106.6850967,1572.19,37.7266183,-122.4671875,0.006,37.726571,-122.467162,0.0,37.7266183,-122.4671875,0.006,37.726616,-122.467178,0.005,37.7266183,-122.4671875,0.006,37.7266183,-122.4671875,0.006,37.726601,-122.467185,0.004,37.7266512,-122.4672192,0.01,37.7266183,-122.4671875,0.006,,,,0.0,0.0,12811.453
San Francisco,535,PACIFIC AVE,San Francisco,,CA,94133.0,-122.4041838,37.7970287,"535 PACIFIC AVE, San Francisco",790_San,37.79702867,-122.4041838,0.0,37.7970764,-122.4042076,0.006,37.797029,-122.404184,0.0,37.79707619,-122.404202,0.006,37.797028,-122.40418,0.0,37.7927171,-122.4356445,2.812,37.797029,-122.404184,0.0,32.03513364,-106.6844424,1569.572,37.7970764,-122.4042076,0.006,37.797057,-122.404189,0.003,37.7970764,-122.4042076,0.006,37.797035,-122.404203,0.002,37.7970764,-122.4042076,0.006,37.7970764,-122.4042076,0.006,37.796979,-122.404186,0.006,37.797024,-122.404182,0.001,37.7970764,-122.4042076,0.006,37.80048,-122.19163,18.724,0.0,0.0,12803.429
San Francisco,1914,LYON ST,San Francisco,,CA,94115.0,-122.4454053,37.7890126,"1914 LYON ST, San Francisco",648_San,37.78901255,-122.4454053,0.0,37.7890172,-122.4454778,0.006,37.789013,-122.445405,0.0,37.78901619,-122.445472,0.006,37.789013,-122.445404,0.0,,,,37.789013,-122.445405,0.0,47.1368091,-116.0724472,1162.194,37.7890172,-122.4454778,0.006,37.789012,-122.445407,0.0,37.7890172,-122.4454778,0.006,37.789012,-122.445476,0.006,37.7890172,-122.4454778,0.006,37.7890172,-122.4454778,0.006,37.789004,-122.445484,0.007,37.7890047,-122.4455037,0.009,37.7890172,-122.4454778,0.006,,,,0.0,0.0,12807.134
San Francisco,1512,GOLDEN GATE AVE,San Francisco,,CA,94115.0,-122.435966,37.7792843,"1512 GOLDEN GATE AVE, San Francisco",973_San,37.7792843,-122.435966,0.0,37.7793223,-122.4360127,0.006,37.779284,-122.435966,0.0,37.77932619,-122.436012,0.006,37.779382,-122.436104,0.016,37.76899057,-122.4817523,4.193,37.779284,-122.435966,0.0,37.8250724,-122.4790475,6.342,37.7793223,-122.4360127,0.006,37.779365,-122.435973,0.009,37.7793223,-122.4360127,0.006,37.779335,-122.436012,0.007,37.7793223,-122.4360127,0.006,37.7793223,-122.4360127,0.006,37.779382,-122.436104,0.016,37.7793891,-122.4360348,0.013,37.7793223,-122.4360127,0.006,,,,0.0,0.0,12806.755
San Francisco,2423,29TH AVE,San Francisco,,CA,94116.0,-122.4867012,37.7420758,"2423 29TH AVE, San Francisco",382_San,37.74207582,-122.4867012,0.0,37.7420774,-122.4866276,0.006,37.742076,-122.486701,0.0,37.74207618,-122.486622,0.007,37.742077,-122.4867,0.0,37.739175,-122.4167091,6.178,37.742076,-122.486701,0.0,37.7438436,-122.4244014,5.494,37.7420774,-122.4866276,0.006,37.742078,-122.4867,0.0,37.7420774,-122.4866276,0.006,37.742082,-122.486625,0.007,37.7420774,-122.4866276,0.006,37.7420774,-122.4866276,0.006,37.742084,-122.486632,0.006,37.7420826,-122.4865492,0.013,37.7420774,-122.4866276,0.006,,,,0.0,0.0,12812.426
San Francisco,633,LINCOLN WAY,San Francisco,,CA,94122.0,-122.4649093,37.7657275,"633 LINCOLN WAY, San Francisco",770_San,37.76572754,-122.4649093,0.0,37.7657752,-122.4649452,0.006,37.765727,-122.464909,0.0,37.76577619,-122.464942,0.006,37.765728,-122.46491,0.0,37.7659691,-122.4581475,0.596,37.765728,-122.464909,0.0,37.76576497,-122.4575383,0.649,37.7657752,-122.4649452,0.006,37.765729,-122.464909,0.0,37.7657752,-122.4649452,0.006,37.765761,-122.464928,0.004,37.7657752,-122.4649452,0.006,37.7657752,-122.4649452,0.006,37.765781,-122.464929,0.006,37.765728,-122.464909,0.0,37.7657752,-122.4649452,0.006,,,,0.0,0.0,12809.678
San Francisco,1837,15TH AVE,San Francisco,,CA,94122.0,-122.4724315,37.7537053,"1837 15TH AVE, San Francisco",887_San,37.75370533,-122.4724315,0.0,37.75371,-122.4723666,0.006,37.753705,-122.472431,0.0,37.75371619,-122.472362,0.006,37.753704,-122.472435,0.0,37.739175,-122.4167091,5.169,37.753705,-122.472432,0.0,37.75779428,-122.4720835,0.455,37.75371,-122.4723666,0.006,37.753708,-122.47243,0.0,37.75371,-122.4723666,0.006,37.753711,-122.472368,0.006,37.75371,-122.4723666,0.006,37.75371,-122.4723666,0.006,37.75371,-122.472361,0.006,37.7537155,-122.4723362,0.008,37.75371,-122.4723666,0.006,,,,0.0,0.0,12810.784
San Francisco,631,FOLSOM ST,San Francisco,,CA,94107.0,-122.3969044,37.784754,"631 FOLSOM ST, San Francisco",235_San,37.78475404,-122.3969044,0.0,37.7848007,-122.3968818,0.006,37.784754,-122.396904,0.0,37.78480619,-122.396882,0.006,37.784756,-122.396904,0.0,37.78683235,-122.3956814,0.255,37.784754,-122.396904,0.0,37.7876407,-122.3939839,0.411,37.7848007,-122.3968818,0.006,37.784732,-122.396887,0.003,37.7848007,-122.3968818,0.006,37.784742,-122.396815,0.008,37.7848007,-122.3968818,0.006,37.7848007,-122.3968818,0.006,37.784758,-122.396846,0.005,37.784714,-122.396875,0.005,37.7848007,-122.3968818,0.006,,,,0.0,0.0,12803.33
San Francisco,2207,JUDAH ST,San Francisco,,CA,94122.0,-122.4857806,37.7611844,"2207 JUDAH ST, San Francisco",349_San,37.76118438,-122.4857807,0.0,37.761188,-122.485712,0.006,37.761184,-122.485781,0.0,37.76118619,-122.485712,0.006,37.76117,-122.48578,0.002,37.7622377,-122.4661812,1.731,37.76117,-122.485781,0.002,37.7614439,-122.4859314,0.032,37.761188,-122.485712,0.006,37.761175,-122.48578,0.001,37.761188,-122.485712,0.006,37.761188,-122.485712,0.006,37.761188,-122.485712,0.006,37.761188,-122.485712,0.006,37.761188,-122.485712,0.006,37.7612802,-122.4856208,0.018,37.761188,-122.485712,0.006,,,,0.0,0.0,12811.574
San Francisco,531,32ND AVE,San Francisco,,CA,94121.0,-122.4925136,37.7790522,"531 32ND AVE, San Francisco",257_San,37.77905225,-122.4925136,0.0,37.7790505,-122.4924439,0.006,37.779052,-122.492514,0.0,37.77905619,-122.492442,0.006,37.779053,-122.492516,0.0,37.739175,-122.4167091,8.013,37.779052,-122.492514,0.0,37.77905612,-122.4924424,0.006,37.7790505,-122.4924439,0.006,37.779051,-122.492512,0.0,37.7790505,-122.4924439,0.006,37.779056,-122.492439,0.007,37.7790505,-122.4924439,0.006,37.7790505,-122.4924439,0.006,37.779055,-122.492442,0.006,37.7790571,-122.4924451,0.006,37.7790505,-122.4924439,0.006,,,,0.0,0.0,12811.4
San Francisco,65,SAN LORENZO WAY,San Francisco,,CA,94127.0,-122.4640472,37.739035,"65 SAN LORENZO WAY, San Francisco",779_San,37.73903503,-122.4640472,0.0,37.7390228,-122.4641137,0.006,37.739035,-122.464047,0.0,37.73902618,-122.464112,0.006,37.739037,-122.46405,0.0,37.73973406,-122.4638406,0.08,37.739035,-122.464047,0.0,37.73902272,-122.4641137,0.006,37.7390228,-122.4641137,0.006,37.739038,-122.464048,0.0,37.7390228,-122.4641137,0.006,37.739023,-122.464114,0.006,37.7390228,-122.4641137,0.006,37.7390228,-122.4641137,0.006,37.739023,-122.464114,0.006,37.7390353,-122.4641086,0.005,37.7390228,-122.4641137,0.006,,,,0.0,0.0,12810.691
San Francisco,79,ERVINE ST,San Francisco,,CA,94134.0,-122.4087193,37.7163579,"79 ERVINE ST, San Francisco",720_San,37.71635792,-122.4087193,0.0,37.7163718,-122.4087808,0.006,37.716358,-122.408719,0.0,37.71637618,-122.408782,0.006,37.71636,-122.40872,0.0,,,,37.716358,-122.408719,0.0,37.71637313,-122.4087852,0.006,37.7163718,-122.4087808,0.006,37.71636,-122.40872,0.0,37.7163718,-122.4087808,0.006,37.716373,-122.408784,0.006,37.7163718,-122.4087808,0.006,37.7163718,-122.4087808,0.006,37.716386,-122.408833,0.01,37.716358,-122.408719,0.0,37.7163718,-122.4087808,0.006,,,,0.0,0.0,12807.07
San Francisco,1358,41ST AVE,San Francisco,,CA,94122.0,-122.5002924,37.7614329,"1358 41ST AVE, San Francisco",84_San,37.7614329,-122.5002924,0.0,37.7614385,-122.5003562,0.006,37.761433,-122.500292,0.0,37.76143619,-122.500352,0.005,37.761433,-122.50029,0.0,37.739175,-122.4167091,7.769,37.761433,-122.500292,0.0,37.76143265,-122.5002899,0.0,37.7614385,-122.5003562,0.006,37.761431,-122.500291,0.0,37.7614385,-122.5003562,0.006,37.761439,-122.500402,0.01,37.7614385,-122.5003562,0.006,37.7614385,-122.5003562,0.006,37.761444,-122.500389,0.009,37.7614282,-122.5003742,0.007,37.7614385,-122.5003562,0.006,,,,0.0,0.0,12812.754
San Francisco,314,LAUREL ST,San Francisco,,CA,94118.0,-122.4501231,37.7881994,"314 LAUREL ST, San Francisco",663_San,37.78819942,-122.4501231,0.0,37.7882146,-122.4501754,0.005,37.788199,-122.450123,0.0,37.78821619,-122.450172,0.005,37.7882,-122.45013,0.001,,,,37.788199,-122.450123,0.0,32.03431166,-106.686952,1572.903,37.7882146,-122.4501754,0.005,37.7882,-122.450121,0.0,37.7882146,-122.4501754,0.005,37.7882,-122.45013,0.001,37.7882146,-122.4501754,0.005,37.7882146,-122.4501754,0.005,37.7882,-122.450201,0.007,37.788199,-122.450123,0.0,37.7882146,-122.4501754,0.005,,,,0.0,0.0,12807.554
San Francisco,2217,PACIFIC AVE,San Francisco,,CA,94115.0,-122.4321393,37.7934209,"2217 PACIFIC AVE, San Francisco",551_San,37.79342085,-122.4321392,0.0,37.7934634,-122.4321666,0.005,37.793421,-122.432139,0.0,37.79346619,-122.432162,0.005,37.793423,-122.43214,0.0,,,,37.793421,-122.432139,0.0,32.03536606,-106.6846924,1571.731,37.7934634,-122.4321666,0.005,37.793421,-122.432139,0.0,37.7934634,-122.4321666,0.005,37.793465,-122.432167,0.005,37.7934634,-122.4321666,0.005,37.7934634,-122.4321666,0.005,37.793465,-122.432172,0.006,37.793421,-122.432139,0.0,37.7934634,-122.4321666,0.005,37.80048,-122.19163,21.197,0.0,0.0,12805.867
San Francisco,930,POST ST,San Francisco,,CA,94109.0,-122.4172516,37.7874568,"930 POST ST, San Francisco",508_San,37.78745683,-122.4172516,0.0,37.7874175,-122.4172704,0.005,37.787457,-122.417252,0.0,37.78741619,-122.417272,0.005,37.787457,-122.41725,0.0,,,,37.787457,-122.417252,0.0,32.03456116,-106.687355,1570.096,37.7874175,-122.4172704,0.005,37.787459,-122.417251,0.0,37.7874175,-122.4172704,0.005,37.787424,-122.417278,0.004,37.7874175,-122.4172704,0.005,37.7874175,-122.4172704,0.005,37.7874568,-122.4172516,0.0,37.7874348,-122.4172452,0.003,37.7874175,-122.4172704,0.005,37.56549,-122.32386,25.977,0.0,0.0,12804.889
San Francisco,1965,GENEVA AVE,San Francisco,,CA,94134.0,-122.4218769,37.7090913,"1965 GENEVA AVE, San Francisco",35_San,37.70909136,-122.4218769,0.0,37.7090493,-122.421896,0.005,37.709091,-122.421877,0.0,37.70904618,-122.421892,0.005,37.70909,-122.421875,0.0,37.71989027,-122.446413,2.473,,,,32.03536606,-106.6846924,1567.812,37.7090493,-122.421896,0.005,37.709091,-122.421878,0.0,37.7090493,-122.421896,0.005,37.709049,-122.421897,0.005,37.7090493,-122.421896,0.005,37.7090493,-122.421896,0.005,37.709031,-122.421918,0.008,37.7090511,-122.4218943,0.005,37.7090493,-122.421896,0.005,,,,0.0,0.0,12808.444
San Francisco,1405,FRANKLIN ST,San Francisco,,CA,94109.0,-122.4235735,37.7874967,"1405 FRANKLIN ST, San Francisco",348_San,37.78749668,-122.4235735,0.0,37.78746331,-122.4235341,0.005,37.787497,-122.423574,0.0,37.78035619,-122.422002,0.805,37.787483,-122.42369,0.01,37.78325122,-122.4233927,0.471,37.787482,-122.423687,0.01,37.13217272,-113.6242762,781.595,37.787483,-122.42369,0.01,37.78751,-122.423609,0.003,37.7874633,-122.4235341,0.005,37.787483,-122.42369,0.01,37.7874633,-122.4235341,0.005,37.7874633,-122.4235341,0.005,37.7874967,-122.4235735,0.0,37.7874907,-122.4236901,0.01,37.8008204,-122.4100127,1.901,,,,0.0,0.0,12805.405
San Francisco,305,LANGTON ST,San Francisco,,CA,94103.0,-122.4049844,37.7737702,"305 LANGTON ST, San Francisco",643_San,37.77377019,-122.4049844,0.0,37.7737479,-122.4050329,0.005,37.77377,-122.404984,0.0,37.77377619,-122.405042,0.005,37.773748,-122.405033,0.005,,,,37.77377,-122.404984,0.0,37.7737479,-122.4050329,0.005,37.7737717,-122.4050404,0.005,37.77377,-122.404982,0.0,37.7737717,-122.4050404,0.005,37.773748,-122.405033,0.005,37.7737717,-122.4050404,0.005,37.7737717,-122.4050404,0.005,37.773748,-122.405033,0.005,37.77377,-122.404984,0.0,37.7737717,-122.4050404,0.005,,,,0.0,0.0,12804.438
San Francisco,1321,NATOMA ST,San Francisco,,CA,94103.0,-122.4183758,37.7679281,"1321 NATOMA ST, San Francisco",908_San,37.76792804,-122.4183758,0.0,37.76796667,-122.4184145,0.005,37.767928,-122.418376,0.0,37.76756619,-122.418492,0.041,37.76793,-122.41837,0.001,37.78798282,-122.3978587,2.867,37.767928,-122.418376,0.0,37.76792908,-122.4183731,0.0,37.76793,-122.41837,0.001,37.767929,-122.418378,0.0,37.7679667,-122.4184145,0.005,37.76793,-122.41837,0.001,37.7679667,-122.4184145,0.005,37.7679667,-122.4184145,0.005,37.7679281,-122.4183758,0.0,37.767928,-122.418376,0.0,37.7880024,-122.3978336,2.87,,,,0.0,0.0,12805.773
San Francisco,56,ELLINGTON AVE,San Francisco,,CA,94112.0,-122.4430171,37.7155902,"56 ELLINGTON AVE, San Francisco",559_San,37.71559022,-122.4430171,0.0,37.715562,-122.4429909,0.004,37.71559,-122.443017,0.0,37.71556618,-122.442992,0.003,37.71559,-122.443016,0.0,,,,37.71559,-122.443017,0.0,32.03526688,-106.6850967,1569.781,37.715562,-122.4429909,0.004,37.71559,-122.443018,0.0,37.715562,-122.4429909,0.004,37.715557,-122.442982,0.005,37.715562,-122.4429909,0.004,37.715562,-122.4429909,0.004,37.715545,-122.442971,0.006,37.71559,-122.443017,0.0,37.715562,-122.4429909,0.004,,,,0.0,0.0,12809.917
San Francisco,1080,CHESTNUT ST,San Francisco,,CA,94109.0,-122.4210757,37.8030464,"1080 CHESTNUT ST, San Francisco",862_San,37.80304646,-122.4210757,0.0,37.8030222,-122.421048,0.004,37.803046,-122.421076,0.0,37.80302619,-122.421042,0.004,37.803047,-122.421074,0.0,37.7999053,-122.4425316,1.921,37.803046,-122.421076,0.0,37.08991623,-113.6068878,783.663,37.8030222,-122.421048,0.004,37.803049,-122.421079,0.0,37.8030222,-122.421048,0.004,37.80307,-122.421058,0.003,37.8030222,-122.421048,0.004,37.8030222,-122.421048,0.004,37.8030464,-122.4210757,0.0,37.803048,-122.421074,0.0,37.8030222,-122.421048,0.004,,,,0.0,0.0,12804.57
San Francisco,1200,CALIFORNIA ST,San Francisco,,CA,94109.0,-122.4145241,37.7916716,"1200 CALIFORNIA ST, San Francisco",855_San,37.79167163,-122.4145241,0.0,37.7916313,-122.4145284,0.004,37.791672,-122.414524,0.0,37.79163619,-122.414522,0.004,37.79167,-122.41453,0.001,37.7524987,-122.420878,4.384,37.791672,-122.414524,0.0,37.78480576,-122.4647322,4.488,37.7916313,-122.4145284,0.004,37.791647,-122.414474,0.005,37.7916313,-122.4145284,0.004,37.79166,-122.414542,0.002,37.7916313,-122.4145284,0.004,37.7916313,-122.4145284,0.004,37.7916716,-122.4145241,0.0,37.791672,-122.414525,0.0,37.7916313,-122.4145284,0.004,37.74251,-123.0591,57.055,0.0,0.0,12804.494
San Francisco,3826,17TH ST,San Francisco,,CA,94114.0,-122.4311966,37.7628344,"3826 17TH ST, San Francisco",585_San,37.7628344,-122.4311966,0.0,37.7628667,-122.4312182,0.004,37.762834,-122.431197,0.0,37.76286619,-122.431212,0.004,37.762833,-122.4312,0.0,,,,37.762834,-122.431197,0.0,37.761802,-122.4748732,3.85,37.7628667,-122.4312182,0.004,37.762832,-122.431198,0.0,37.7628667,-122.4312182,0.004,37.762833,-122.4312,0.0,37.7628667,-122.4312182,0.004,37.7628667,-122.4312182,0.004,37.762892,-122.431217,0.007,37.762932,-122.431296,0.014,37.7628667,-122.4312182,0.004,,,,0.0,0.0,12807.031
San Francisco,1036,PRAGUE ST,San Francisco,,CA,94112.0,-122.4374627,37.7103232,"1036 PRAGUE ST, San Francisco",936_San,37.7103232,-122.4374627,0.0,37.7103138,-122.4375024,0.004,37.710323,-122.437463,0.0,37.71031618,-122.437502,0.004,37.710323,-122.43746,0.0,37.71355196,-122.4319233,0.606,37.710323,-122.437463,0.0,37.71730042,-122.4287415,1.091,37.7103138,-122.4375024,0.004,37.710322,-122.437461,0.0,37.7103138,-122.4375024,0.004,37.710335,-122.437488,0.003,37.7103138,-122.4375024,0.004,37.7103138,-122.4375024,0.004,37.710307,-122.437489,0.003,37.7103129,-122.4374594,0.001,37.7103138,-122.4375024,0.004,,,,0.0,0.0,12809.674
San Francisco,450,SUTTER ST,San Francisco,,CA,94108.0,-122.4078343,37.7896567,"450 SUTTER ST, San Francisco",499_San,37.78965674,-122.4078343,0.0,37.789638,-122.4078708,0.004,37.789657,-122.407834,0.0,37.78963619,-122.407872,0.004,37.789658,-122.40784,0.001,,,,37.789657,-122.407834,0.0,37.7895241,-122.40777,0.016,37.789638,-122.4078708,0.004,37.789557,-122.40786,0.011,37.789638,-122.4078708,0.004,37.789524,-122.40777,0.016,37.789638,-122.4078708,0.004,37.789638,-122.4078708,0.004,37.7896567,-122.4078343,0.0,37.7896424,-122.4078534,0.002,37.789638,-122.4078708,0.004,,,,0.0,0.0,12804.027
San Francisco,1881,SUTTER ST,San Francisco,,CA,94115.0,-122.4310462,37.7862587,"1881 SUTTER ST, San Francisco",350_San,37.78625872,-122.4310462,0.0,37.78628055,-122.4310801,0.004,37.786259,-122.431046,0.0,37.78915619,-122.409192,1.952,37.786144,-122.43102,0.013,37.78801907,-122.4166318,1.285,37.786145,-122.431023,0.013,37.78626251,-122.4311752,0.011,37.786144,-122.43102,0.013,37.786203,-122.431036,0.006,37.7862806,-122.4310801,0.004,37.786144,-122.43102,0.013,37.7862806,-122.4310801,0.004,37.7862806,-122.4310801,0.004,37.7862587,-122.4310462,0.0,37.7861658,-122.4310854,0.011,37.789638,-122.4078708,2.076,,,,0.0,0.0,12806.068
San Francisco,224,TERESITA BLVD,San Francisco,,CA,94127.0,-122.4510144,37.742494,"224 TERESITA BLVD, San Francisco",365_San,37.74249399,-122.4510144,0.0,37.7425193,-122.450979,0.004,37.742494,-122.451014,0.0,37.74251618,-122.450972,0.004,37.742493,-122.45101,0.0,37.62108598,-122.3831865,14.744,37.742494,-122.451014,0.0,37.74252294,-122.4509719,0.005,37.7425193,-122.450979,0.004,37.742492,-122.451012,0.0,37.7425193,-122.450979,0.004,37.742522,-122.450975,0.005,37.7425193,-122.450979,0.004,37.7425193,-122.450979,0.004,37.742528,-122.450948,0.007,37.7425184,-122.4509832,0.004,37.7425193,-122.450979,0.004,,,,0.0,0.0,12809.482
San Francisco,3079,BRODERICK ST,San Francisco,,CA,94123.0,-122.4445587,37.7984506,"3079 BRODERICK ST, San Francisco",884_San,37.79845057,-122.4445587,0.0,37.7984605,-122.4445165,0.004,37.798451,-122.444559,0.0,37.79846619,-122.444512,0.004,37.79845,-122.44456,0.0,37.784108,-122.441349,1.617,37.798451,-122.444559,0.0,37.79847385,-122.4445077,0.005,37.7984605,-122.4445165,0.004,37.798451,-122.444559,0.0,37.7984605,-122.4445165,0.004,37.798461,-122.444516,0.004,37.7984605,-122.4445165,0.004,37.7984863,-122.4443629,0.018,37.798458,-122.44452,0.004,37.7984651,-122.4444648,0.008,37.7984605,-122.4445165,0.004,,,,0.0,0.0,12806.681
San Francisco,204,JUANITA WAY,San Francisco,,CA,94127.0,-122.45528,37.7416733,"204 JUANITA WAY, San Francisco",357_San,37.74167332,-122.45528,0.0,37.7416529,-122.4552471,0.004,37.741673,-122.45528,0.0,37.74165618,-122.455242,0.004,37.741673,-122.45528,0.0,37.74434461,-122.4522549,0.399,37.741673,-122.45528,0.0,37.74164643,-122.4552382,0.005,37.7416529,-122.4552471,0.004,37.741672,-122.45528,0.0,37.7416529,-122.4552471,0.004,37.74165,-122.455243,0.004,37.7416529,-122.4552471,0.004,37.7416529,-122.4552471,0.004,37.741624,-122.455195,0.009,37.7416623,-122.4552485,0.003,37.7416529,-122.4552471,0.004,,,,0.0,0.0,12809.865
San Francisco,1387,BRUSSELS ST,San Francisco,,CA,94134.0,-122.4004731,37.7153455,"1387 BRUSSELS ST, San Francisco",871_San,37.71534543,-122.4004732,0.0,37.7153408,-122.4005169,0.004,37.715345,-122.400473,0.0,37.71534618,-122.400512,0.003,37.715347,-122.400475,0.0,37.71582985,-122.4011632,0.081,37.715346,-122.400473,0.0,37.71534175,-122.4005092,0.003,37.7153408,-122.4005169,0.004,37.715348,-122.400471,0.0,37.7153408,-122.4005169,0.004,37.715341,-122.400514,0.004,37.7153408,-122.4005169,0.004,37.7153408,-122.4005169,0.004,37.715344,-122.400521,0.004,37.7153382,-122.400511,0.003,37.7153408,-122.4005169,0.004,,,,0.0,0.0,12806.434
San Francisco,1007,SUTTER ST,San Francisco,,CA,94109.0,-122.4170332,37.787975,"1007 SUTTER ST, San Francisco",845_San,37.78797504,-122.4170332,0.0,37.7880013,-122.4170612,0.004,37.787975,-122.417033,0.0,37.78800619,-122.417062,0.004,37.787975,-122.41703,0.0,37.78801907,-122.4166318,0.036,37.787975,-122.417033,0.0,37.7879871,-122.4170573,0.003,37.7880013,-122.4170612,0.004,37.787978,-122.417031,0.0,37.7880013,-122.4170612,0.004,37.787988,-122.417056,0.002,37.7880013,-122.4170612,0.004,37.7880013,-122.4170612,0.004,37.787966,-122.417104,0.006,37.7879742,-122.4170448,0.001,37.7880013,-122.4170612,0.004,,,,0.0,0.0,12804.85
San Francisco,173,ADDISON ST,San Francisco,,CA,94131.0,-122.4328095,37.7379052,"173 ADDISON ST, San Francisco",865_San,37.7379052,-122.4328095,0.0,37.73793984,-122.4327856,0.004,37.737905,-122.43281,0.0,37.74012618,-122.434072,0.27,37.737904,-122.43281,0.0,37.74043045,-122.434825,0.332,37.737905,-122.43281,0.0,37.73790359,-122.4328079,0.0,37.737904,-122.43281,0.0,37.738326,-122.433119,0.054,37.7379398,-122.4327856,0.004,37.737904,-122.43281,0.0,37.7379398,-122.4327856,0.004,37.7379398,-122.4327856,0.004,37.7379052,-122.4328095,0.0,37.7387544,-122.4334501,0.11,37.7377029,-122.4323537,0.046,,,,0.0,0.0,12808.174
San Francisco,3157,BAKER ST,San Francisco,,CA,94123.0,-122.446522,37.8002291,"3157 BAKER ST, San Francisco",451_San,37.80022905,-122.446522,0.0,37.8002155,-122.446496,0.003,37.800229,-122.446522,0.0,37.80021619,-122.446492,0.003,37.80023,-122.446526,0.0,,,,37.800229,-122.446522,0.0,32.03467178,-106.6869812,1573.022,37.8002155,-122.446496,0.003,37.80023,-122.44652,0.0,37.8002155,-122.446496,0.003,37.800218,-122.446497,0.003,37.8002155,-122.446496,0.003,37.8002155,-122.446496,0.003,37.800217,-122.446476,0.004,37.8001609,-122.446473,0.009,37.8002155,-122.446496,0.003,,,,0.0,0.0,12806.77
San Francisco,179,CORBETT AVE,San Francisco,,CA,94114.0,-122.4422877,37.7615154,"179 CORBETT AVE, San Francisco",249_San,37.76151534,-122.4422877,0.0,37.7615405,-122.4422814,0.003,37.761515,-122.442288,0.0,37.76154619,-122.442282,0.003,37.761517,-122.44229,0.0,37.739175,-122.4167091,3.351,37.761515,-122.442288,0.0,32.03526688,-106.6850967,1571.383,37.7615405,-122.4422814,0.003,37.761519,-122.44229,0.0,37.7615405,-122.4422814,0.003,37.761543,-122.442296,0.003,37.7615405,-122.4422814,0.003,37.7615405,-122.4422814,0.003,37.761547,-122.442308,0.004,37.761517,-122.44229,0.0,37.7615405,-122.4422814,0.003,,,,0.0,0.0,12807.994
San Francisco,2310,STEINER ST,San Francisco,,CA,94115.0,-122.4356428,37.7909467,"2310 STEINER ST, San Francisco",955_San,37.79094668,-122.4356428,0.0,37.7909581,-122.4356785,0.003,37.790947,-122.435643,0.0,37.79095619,-122.435672,0.003,37.790947,-122.435646,0.0,37.776199,-122.432755,1.657,37.790947,-122.435643,0.0,37.06542162,-113.508897,793.891,37.7909581,-122.4356785,0.003,37.790949,-122.435641,0.0,37.7909581,-122.4356785,0.003,37.790957,-122.435679,0.003,37.7909581,-122.4356785,0.003,37.7909581,-122.4356785,0.003,37.790949,-122.435742,0.009,37.7909663,-122.4355737,0.006,37.7909581,-122.4356785,0.003,,,,0.0,0.0,12806.255
San Francisco,2800,GREEN ST,San Francisco,,CA,94123.0,-122.4455004,37.7950334,"2800 GREEN ST, San Francisco",303_San,37.7950334,-122.4455004,0.0,37.7950544,-122.44549,0.003,37.795033,-122.4455,0.0,37.79505619,-122.445492,0.003,37.795033,-122.4455,0.0,37.80660073,-122.4391319,1.401,,,,37.06126404,-113.5368805,792.39,37.7950544,-122.44549,0.003,37.795032,-122.4455,0.0,37.7950544,-122.44549,0.003,37.795042,-122.445486,0.002,37.7950544,-122.44549,0.003,37.7950544,-122.44549,0.003,37.795044,-122.445498,0.001,37.795032,-122.445497,0.0,37.7950544,-122.44549,0.003,,,,0.0,0.0,12806.897
San Francisco,1820,LYON ST,San Francisco,,CA,94115.0,-122.4452487,37.7882063,"1820 LYON ST, San Francisco",901_San,37.78820634,-122.4452487,0.0,37.7882,-122.4452815,0.003,37.788206,-122.445249,0.0,37.78820619,-122.445282,0.003,37.788208,-122.44525,0.0,37.80291845,-122.4483966,1.656,37.788203,-122.445252,0.0,37.09649658,-113.6222076,784.249,37.7882,-122.4452815,0.003,37.788208,-122.445249,0.0,37.7882,-122.4452815,0.003,37.788204,-122.445289,0.004,37.7882,-122.4452815,0.003,37.7882,-122.4452815,0.003,37.788204,-122.445296,0.004,37.788206,-122.445249,0.0,37.7882,-122.4452815,0.003,,,,0.0,0.0,12807.154
San Francisco,1050,NORTH POINT ST,San Francisco,,CA,94109.0,-122.4248444,37.8053682,"1050 NORTH POINT ST, San Francisco",470_San,37.80536816,-122.4248444,0.0,37.8053915,-122.4248584,0.003,37.805368,-122.424844,0.0,37.80539619,-122.424852,0.003,37.805367,-122.42484,0.0,,,,37.805368,-122.424844,0.0,37.12870789,-113.605835,783.477,37.8053915,-122.4248584,0.003,37.805396,-122.424827,0.003,37.8053915,-122.4248584,0.003,37.805395,-122.424858,0.003,37.8053915,-122.4248584,0.003,37.8053915,-122.4248584,0.003,37.805329,-122.424843,0.004,37.805426,-122.424814,0.007,37.8053915,-122.4248584,0.003,,,,0.0,0.0,12804.785
San Francisco,2200,SACRAMENTO ST,San Francisco,,CA,94115.0,-122.4294984,37.7906814,"2200 SACRAMENTO ST, San Francisco",693_San,37.79068139,-122.4294984,0.0,37.7906554,-122.4294986,0.003,37.790681,-122.429498,0.0,37.79065619,-122.429492,0.003,37.79068,-122.4295,0.0,,,,37.790681,-122.429498,0.0,37.13205719,-113.630127,781.619,37.7906554,-122.4294986,0.003,37.790654,-122.429491,0.003,37.7906554,-122.4294986,0.003,37.790679,-122.429503,0.0,37.7906554,-122.4294986,0.003,37.7906554,-122.4294986,0.003,37.7906814,-122.4294984,0.0,37.790681,-122.429498,0.0,37.7906554,-122.4294986,0.003,,,,0.0,0.0,12805.762
San Francisco,1710,GOLDEN GATE AVE,San Francisco,,CA,94115.0,-122.4392447,37.7789226,"1710 GOLDEN GATE AVE, San Francisco",248_San,37.77892258,-122.4392447,0.0,37.7788928,-122.4392376,0.003,37.778923,-122.439245,0.0,37.77889619,-122.439232,0.003,37.778923,-122.43925,0.0,37.76899057,-122.4817523,3.904,37.778923,-122.439245,0.0,37.8250724,-122.4790475,6.207,37.7788928,-122.4392376,0.003,37.778922,-122.439242,0.0,37.7788928,-122.4392376,0.003,37.778923,-122.43925,0.0,37.7788928,-122.4392376,0.003,37.7788928,-122.4392376,0.003,37.778894,-122.439237,0.003,37.7788609,-122.4392077,0.008,37.7788928,-122.4392376,0.003,,,,0.0,0.0,12807.038
San Francisco,155,HYDE ST,San Francisco,,CA,94102.0,-122.4158749,37.7823503,"155 HYDE ST, San Francisco",282_San,37.78235032,-122.4158749,0.0,37.7823259,-122.4158688,0.003,37.78235,-122.415875,0.0,37.78232619,-122.415862,0.003,37.78235,-122.41588,0.0,37.8035004,-122.4216801,2.403,37.78235,-122.415875,0.0,37.77907345,-122.4150105,0.372,37.7823259,-122.4158688,0.003,37.78235,-122.415872,0.0,37.7823259,-122.4158688,0.003,37.78235,-122.41588,0.0,37.7823259,-122.4158688,0.003,37.7823259,-122.4158688,0.003,37.782383,-122.415923,0.006,37.78235,-122.415875,0.0,37.7823259,-122.4158688,0.003,37.80751,-122.42074,2.825,0.0,0.0,12804.983
San Francisco,400,CASTENADA AVE,San Francisco,,CA,94116.0,-122.465974,37.7458714,"400 CASTENADA AVE, San Francisco",965_San,37.74587136,-122.465974,0.0,37.7458828,-122.4660099,0.003,37.745871,-122.465974,0.0,37.74588618,-122.466002,0.003,37.745872,-122.46597,0.0,37.739175,-122.4167091,4.405,37.745871,-122.465974,0.0,37.74588013,-122.4658279,0.013,37.7458828,-122.4660099,0.003,37.745894,-122.465974,0.003,37.7458828,-122.4660099,0.003,37.745882,-122.466012,0.004,37.7458828,-122.4660099,0.003,37.7458828,-122.4660099,0.003,37.745877,-122.466013,0.003,37.745934,-122.465973,0.007,37.7458828,-122.4660099,0.003,,,,0.0,0.0,12810.572
San Francisco,1320,STEVENSON ST,San Francisco,,CA,94103.0,-122.4218797,37.77147,"1320 STEVENSON ST, San Francisco",167_San,37.77147007,-122.4218796,0.0,37.7714573,-122.4219129,0.003,37.77147,-122.42188,0.0,37.77145619,-122.421912,0.003,37.77147,-122.42188,0.0,,,,,,,37.77141025,-122.4219002,0.007,37.7714573,-122.4219129,0.003,37.77147,-122.42188,0.0,37.7714573,-122.4219129,0.003,37.771413,-122.421896,0.006,37.7714573,-122.4219129,0.003,37.7714573,-122.4219129,0.003,37.771416,-122.421939,0.008,37.771152,-122.422059,0.039,37.7714573,-122.4219129,0.003,,,,0.0,0.0,12805.917
San Francisco,3446,BRODERICK ST,San Francisco,,CA,94123.0,-122.4447542,37.8022955,"3446 BRODERICK ST, San Francisco",486_San,37.80229548,-122.4447542,0.0,37.802302,-122.444791,0.003,37.802295,-122.444754,0.0,37.80230619,-122.444792,0.004,37.802296,-122.444756,0.0,,,,37.802296,-122.444754,0.0,37.80229568,-122.4447556,0.0,37.802302,-122.444791,0.003,37.802289,-122.444804,0.004,37.802302,-122.444791,0.003,37.802296,-122.444756,0.0,37.802302,-122.444791,0.003,37.802302,-122.444791,0.003,37.802289,-122.444811,0.005,37.802295,-122.444754,0.0,37.802302,-122.444791,0.003,,,,0.0,0.0,12806.541
San Francisco,1466,PAGE ST,San Francisco,,CA,94117.0,-122.4449788,37.7714482,"1466 PAGE ST, San Francisco",421_San,37.77144819,-122.4449788,0.0,37.7714181,-122.4449884,0.003,37.771448,-122.444979,0.0,37.77141619,-122.444982,0.004,37.77145,-122.44498,0.0,37.7703179,-122.452059,0.636,37.771448,-122.444979,0.0,,,,37.7714181,-122.4449884,0.003,37.771449,-122.444979,0.0,37.7714181,-122.4449884,0.003,37.771418,-122.444986,0.003,37.7714181,-122.4449884,0.003,37.7714181,-122.4449884,0.003,37.771406,-122.444995,0.005,37.771448,-122.444979,0.0,37.7714181,-122.4449884,0.003,,,,0.0,0.0,12807.812
San Francisco,50,PALM AVE,San Francisco,,CA,94118.0,-122.4576451,37.7848738,"50 PALM AVE, San Francisco",577_San,37.78487386,-122.4576451,0.0,37.7848719,-122.4576645,0.002,37.784874,-122.457645,0.0,37.78487619,-122.457662,0.002,37.784874,-122.45764,0.0,,,,37.784874,-122.457645,0.0,32.03526688,-106.6850967,1573.512,37.7848719,-122.4576645,0.002,37.784872,-122.457647,0.0,37.7848719,-122.4576645,0.002,37.784872,-122.457666,0.002,37.7848719,-122.4576645,0.002,37.7848719,-122.4576645,0.002,37.784873,-122.457665,0.002,37.7848725,-122.4576659,0.002,37.7848719,-122.4576645,0.002,,,,0.0,0.0,12808.305
San Francisco,380,VALDEZ AVE,San Francisco,,CA,94127.0,-122.4568415,37.7336402,"380 VALDEZ AVE, San Francisco",265_San,37.73364023,-122.4568415,0.0,37.7336545,-122.4568504,0.002,37.73364,-122.456841,0.0,37.73365618,-122.456852,0.002,37.73364,-122.45684,0.0,37.739175,-122.4167091,3.59,37.73364,-122.456842,0.0,32.03548085,-106.6841965,1571.648,37.7336545,-122.4568504,0.002,37.73364,-122.456841,0.0,37.7336545,-122.4568504,0.002,37.73364,-122.456861,0.002,37.7336545,-122.4568504,0.002,37.7336545,-122.4568504,0.002,37.733634,-122.456866,0.002,37.7337045,-122.4568102,0.008,37.7336545,-122.4568504,0.002,,,,0.0,0.0,12810.319
San Francisco,1555,PLYMOUTH AVE,San Francisco,,CA,94112.0,-122.4573314,37.7304246,"1555 PLYMOUTH AVE, San Francisco",951_San,37.73042456,-122.4573314,0.0,37.730431,-122.4573516,0.002,37.730425,-122.457331,0.0,37.73043618,-122.457352,0.002,37.730423,-122.45733,0.0,37.71232,-122.456045,2.013,37.730425,-122.457331,0.0,32.03536606,-106.6846924,1571.538,37.730431,-122.4573516,0.002,37.730423,-122.45733,0.0,37.730431,-122.4573516,0.002,37.730435,-122.457345,0.002,37.730431,-122.4573516,0.002,37.730431,-122.4573516,0.002,37.730443,-122.457352,0.003,37.7304318,-122.4573527,0.002,37.730431,-122.4573516,0.002,,,,0.0,0.0,12810.49
San Francisco,175,HAZELWOOD AVE,San Francisco,,CA,94112.0,-122.4549512,37.7311702,"175 HAZELWOOD AVE, San Francisco",312_San,37.73117025,-122.4549512,0.0,37.7311743,-122.4549733,0.002,37.73117,-122.454951,0.0,37.73117618,-122.454972,0.002,37.73117,-122.45495,0.0,37.739175,-122.4167091,3.486,37.73117,-122.454951,0.0,32.03526688,-106.6850967,1571.338,37.7311743,-122.4549733,0.002,37.73117,-122.45495,0.0,37.7311743,-122.4549733,0.002,37.731186,-122.454961,0.002,37.7311743,-122.4549733,0.002,37.7311743,-122.4549733,0.002,37.731185,-122.454952,0.002,37.7311867,-122.4549304,0.003,37.7311743,-122.4549733,0.002,,,,0.0,0.0,12810.264
San Francisco,3800,SCOTT ST,San Francisco,,CA,94123.0,-122.4418173,37.8047423,"3800 SCOTT ST, San Francisco",599_San,37.80474228,-122.4418173,0.0,37.8047263,-122.4418118,0.002,37.804742,-122.441817,0.0,37.80472619,-122.441812,0.002,37.80474,-122.44182,0.0,,,,37.804742,-122.441817,0.0,37.04375965,-113.5318796,792.862,37.8047263,-122.4418118,0.002,37.804741,-122.441818,0.0,37.8047263,-122.4418118,0.002,37.80474,-122.441816,0.0,37.8047263,-122.4418118,0.002,37.8047263,-122.4418118,0.002,37.804712,-122.441859,0.005,37.8047471,-122.4418327,0.001,37.8047263,-122.4418118,0.002,,,,0.0,0.0,12806.201
San Francisco,2411,OCTAVIA ST,San Francisco,,CA,94109.0,-122.4285952,37.794854,"2411 OCTAVIA ST, San Francisco",928_San,37.79485398,-122.4285952,0.0,37.7948715,-122.4285809,0.002,37.794854,-122.428595,0.0,37.79487619,-122.428582,0.003,37.794853,-122.4286,0.0,37.786935,-122.4267194,0.894,37.794854,-122.428595,0.0,37.77554622,-122.4242452,2.177,37.7948715,-122.4285809,0.002,37.794852,-122.428597,0.0,37.7948715,-122.4285809,0.002,37.794863,-122.428588,0.001,37.7948715,-122.4285809,0.002,37.7948715,-122.4285809,0.002,37.794854,-122.42865,0.005,37.794854,-122.428595,0.0,37.7948715,-122.4285809,0.002,,,,0.0,0.0,12805.519
San Francisco,295,BUCHANAN ST,San Francisco,,CA,94102.0,-122.4273337,37.7722749,"295 BUCHANAN ST, San Francisco",975_San,37.77227485,-122.4273337,0.0,37.7722915,-122.4273239,0.002,37.772275,-122.427334,0.0,37.77229619,-122.427322,0.003,37.772274,-122.42733,0.0,37.78507106,-122.4298622,1.438,37.772275,-122.427334,0.0,37.7785965,-122.4284021,0.708,37.7722915,-122.4273239,0.002,37.772273,-122.427332,0.0,37.7722915,-122.4273239,0.002,37.772291,-122.427324,0.002,37.7722915,-122.4273239,0.002,37.7722915,-122.4273239,0.002,37.77229,-122.427324,0.002,37.772275,-122.427334,0.0,37.7722915,-122.4273239,0.002,,,,0.0,0.0,12806.331
San Francisco,385,10TH ST,San Francisco,,CA,94103.0,-122.411463,37.7720378,"385 10TH ST, San Francisco",683_San,37.77203781,-122.411463,0.0,37.7720396,-122.4114898,0.002,37.772038,-122.411463,0.0,37.77203619,-122.411482,0.002,37.772038,-122.41146,0.0,,,,37.772038,-122.411463,0.0,37.76939797,-122.4085463,0.39,37.7720396,-122.4114898,0.002,37.772039,-122.411461,0.0,37.7720396,-122.4114898,0.002,37.77204,-122.41149,0.002,37.7720396,-122.4114898,0.002,37.7720396,-122.4114898,0.002,37.77204,-122.411489,0.002,37.772038,-122.411463,0.0,37.7720396,-122.4114898,0.002,,,,0.0,0.0,12805.039
San Francisco,2875,34TH AVE,San Francisco,,CA,94116.0,-122.4915191,37.7343943,"2875 34TH AVE, San Francisco",513_San,37.73439427,-122.4915191,0.0,37.7344107,-122.4915099,0.002,37.734394,-122.491519,0.0,37.73441618,-122.491502,0.003,37.734394,-122.491516,0.0,,,,37.734394,-122.491519,0.0,37.73438589,-122.4914961,0.002,37.7344107,-122.4915099,0.002,37.734392,-122.491519,0.0,37.7344107,-122.4915099,0.002,37.734387,-122.491501,0.002,37.7344107,-122.4915099,0.002,37.7344107,-122.4915099,0.002,37.734375,-122.491478,0.004,37.734394,-122.491519,0.0,37.7344107,-122.4915099,0.002,,,,0.0,0.0,12813.133
San Francisco,342,STONERIDGE LN,San Francisco,,CA,94134.0,-122.4263074,37.7101311,"342 STONERIDGE LN, San Francisco",529_San,37.71013113,-122.4263074,0.0,37.7101343,-122.4263262,0.002,37.710131,-122.426307,0.0,37.71013618,-122.426322,0.001,37.710133,-122.42631,0.0,,,,37.710131,-122.426307,0.0,37.7101343,-122.4263262,0.002,37.7101343,-122.4263262,0.002,37.71013,-122.42631,0.0,37.7101343,-122.4263262,0.002,37.710134,-122.426326,0.002,37.7101343,-122.4263262,0.002,37.7101343,-122.4263262,0.002,37.710134,-122.426326,0.002,37.7098297,-122.4261493,0.036,37.7101343,-122.4263262,0.002,,,,0.0,0.0,12808.766
San Francisco,165,MALLORCA WAY,San Francisco,,CA,94123.0,-122.4379232,37.8022917,"165 MALLORCA WAY, San Francisco",118_San,37.80229167,-122.4379233,0.0,37.8023033,-122.4379406,0.002,37.802292,-122.437923,0.0,37.80230619,-122.437942,0.002,37.80229,-122.43792,0.0,37.80291899,-122.4382957,0.077,37.802292,-122.437923,0.0,37.80229037,-122.4379287,0.001,37.8023033,-122.4379406,0.002,37.802291,-122.437921,0.0,37.8023033,-122.4379406,0.002,37.802295,-122.437932,0.001,37.8023033,-122.4379406,0.002,37.8023033,-122.4379406,0.002,37.802288,-122.437909,0.001,37.8023088,-122.4379284,0.002,37.8023033,-122.4379406,0.002,,,,0.0,0.0,12805.981
San Francisco,101,POINT LOBOS AVE,San Francisco,,CA,94121.0,-122.5043668,37.7794592,"101 POINT LOBOS AVE, San Francisco",446_San,37.77945915,-122.5043669,0.0,37.7794586,-122.5043493,0.002,37.779459,-122.504367,0.0,37.77945619,-122.504342,0.002,37.77946,-122.504364,0.0,,,,37.779459,-122.504367,0.0,37.77946412,-122.5043518,0.001,37.7794586,-122.5043493,0.002,37.77946,-122.504368,0.0,37.7794586,-122.5043493,0.002,37.779461,-122.504351,0.001,37.7794586,-122.5043493,0.002,37.7794586,-122.5043493,0.002,37.7794592,-122.5043668,0.0,37.779465,-122.504371,0.001,37.7794586,-122.5043493,0.002,,,,0.0,0.0,12812.355
San Francisco,666,POST ST,San Francisco,,CA,94109.0,-122.4129008,37.7879057,"666 POST ST, San Francisco",324_San,37.78790568,-122.4129008,0.0,37.7879097,-122.412915,0.001,37.787906,-122.412901,0.0,37.78790619,-122.412912,0.001,37.787907,-122.4129,0.0,37.78878158,-122.4026597,0.907,37.787906,-122.412901,0.0,32.03444381,-106.6875545,1569.74,37.7879097,-122.412915,0.001,37.787895,-122.412897,0.001,37.7879097,-122.412915,0.001,37.78791,-122.412915,0.001,37.7879097,-122.412915,0.001,,,,37.7879057,-122.4129008,0.0,37.787906,-122.412901,0.0,37.7879097,-122.412915,0.001,37.56549,-122.32386,25.906,0.0,0.0,12804.514
San Francisco,601,MONTGOMERY ST,San Francisco,,CA,94111.0,-122.4035269,37.7948361,"601 MONTGOMERY ST, San Francisco",747_San,37.79483605,-122.4035269,0.0,37.7948371,-122.4035354,0.001,37.794836,-122.403527,0.0,37.79483619,-122.403532,0.0,37.794838,-122.40353,0.0,37.7871755,-122.3999364,0.907,37.794836,-122.403527,0.0,32.03442955,-106.6874962,1569.221,37.7948371,-122.4035354,0.001,37.794881,-122.403435,0.01,37.7948371,-122.4035354,0.001,37.794868,-122.403366,0.015,37.7948371,-122.4035354,0.001,37.7948371,-122.4035354,0.001,37.7948361,-122.4035269,0.0,37.794836,-122.403527,0.0,37.7948371,-122.4035354,0.001,,,,0.0,0.0,12803.464
San Francisco,140,POTRERO AVE,San Francisco,,CA,94103.0,-122.4082534,37.7676652,"140 POTRERO AVE, San Francisco",812_San,37.76766518,-122.4082534,0.0,37.7676658,-122.4082452,0.001,37.767665,-122.408253,0.0,37.76766619,-122.408242,0.001,37.767666,-122.40826,0.001,37.739175,-122.4167091,3.249,,,,32.03526688,-106.6850967,1568.774,37.7676658,-122.4082452,0.001,37.767668,-122.408251,0.0,37.7676658,-122.4082452,0.001,37.767666,-122.408245,0.001,37.7676658,-122.4082452,0.001,37.7676658,-122.4082452,0.001,37.767666,-122.408245,0.001,37.767611,-122.4079384,0.028,37.7676658,-122.4082452,0.001,,,,0.0,0.0,12804.953
San Francisco,2899,SAN BRUNO AVE,San Francisco,,CA,94134.0,-122.4025396,37.7253682,"2899 SAN BRUNO AVE, San Francisco",485_San,37.72536817,-122.4025396,0.0,37.725378,-122.402551,0.001,37.725368,-122.40254,0.0,37.72251618,-122.401492,0.33,37.72537,-122.40254,0.0,,,,37.725368,-122.40254,0.0,32.03536606,-106.6846924,1566.788,37.72537,-122.40254,0.0,37.725456,-122.402494,0.011,37.725378,-122.402551,0.001,37.72537,-122.40254,0.0,37.725378,-122.402551,0.001,37.725378,-122.402551,0.001,37.7253682,-122.4025396,0.0,37.725541,-122.402449,0.021,37.7311677,-122.4050782,0.681,,,,0.0,0.0,12806.198
San Francisco,1549,JONES ST,San Francisco,,CA,94109.0,-122.4151593,37.7955875,"1549 JONES ST, San Francisco",107_San,37.79558753,-122.4151593,0.0,37.7955999,-122.4151554,0.001,37.795588,-122.415159,0.0,37.79559619,-122.415152,0.001,37.79559,-122.41516,0.0,37.8072971,-122.41737,1.314,37.795588,-122.415159,0.0,38.41871262,-121.455307,108.952,37.7955999,-122.4151554,0.001,37.795589,-122.415159,0.0,37.7955999,-122.4151554,0.001,37.7956,-122.415156,0.001,37.7955999,-122.4151554,0.001,37.7955999,-122.4151554,0.001,37.79559,-122.415166,0.001,37.7956009,-122.415195,0.003,37.7955999,-122.4151554,0.001,,,,0.0,0.0,12804.387
San Francisco,323,GEARY ST,San Francisco,,CA,94102.0,-122.4084598,37.7871122,"323 GEARY ST, San Francisco",266_San,37.78711225,-122.4084598,0.0,37.7871202,-122.4084637,0.001,37.787112,-122.40846,0.0,37.78712619,-122.408462,0.002,37.787113,-122.40846,0.0,37.78559405,-122.4200606,1.036,37.787112,-122.40846,0.0,37.7814799,-122.4546604,4.117,37.7871202,-122.4084637,0.001,37.787166,-122.408512,0.008,37.7871202,-122.4084637,0.001,37.787113,-122.40846,0.0,37.7871202,-122.4084637,0.001,37.7871202,-122.4084637,0.001,37.78712,-122.408464,0.001,37.787277,-122.4086111,0.023,37.7871202,-122.4084637,0.001,,,,0.0,0.0,12804.182
San Francisco,3423,FILLMORE ST,San Francisco,,CA,94123.0,-122.4367728,37.8011221,"3423 FILLMORE ST, San Francisco",587_San,37.8011221,-122.4367728,0.0,37.801117,-122.4367622,0.001,37.801122,-122.436773,0.0,37.80111619,-122.436762,0.001,37.80112,-122.436775,0.0,,,,37.801122,-122.436773,0.0,37.7850874,-122.433082,1.809,37.801117,-122.4367622,0.001,37.801131,-122.43673,0.004,37.801117,-122.4367622,0.001,37.801125,-122.436758,0.001,37.801117,-122.4367622,0.001,37.801117,-122.4367622,0.001,37.801132,-122.436696,0.007,37.8011545,-122.4366912,0.008,37.801117,-122.4367622,0.001,37.78796,-122.43367,1.486,0.0,0.0,12805.935
San Francisco,709,21ST AVE,San Francisco,,CA,94121.0,-122.4803082,37.774388,"709 21ST AVE, San Francisco",724_San,37.77438802,-122.4803082,0.0,37.7743995,-122.4803114,0.001,37.774388,-122.480308,0.0,37.77439619,-122.480312,0.001,37.774387,-122.48031,0.0,,,,37.774388,-122.480308,0.0,37.78029325,-122.4804686,0.656,37.7743995,-122.4803114,0.001,37.774389,-122.480309,0.0,37.7743995,-122.4803114,0.001,37.774397,-122.480309,0.001,37.7743995,-122.4803114,0.001,37.7743995,-122.4803114,0.001,37.774384,-122.480303,0.001,37.774388,-122.480308,0.0,37.7743995,-122.4803114,0.001,,,,0.0,0.0,12810.589
San Francisco,552,ROOSEVELT WAY,San Francisco,,CA,94114.0,-122.4447832,37.7626602,"552 ROOSEVELT WAY, San Francisco",575_San,37.76266018,-122.4447832,0.0,37.7626594,-122.4447728,0.001,37.76266,-122.444783,0.0,37.76265619,-122.444772,0.001,37.76266,-122.444786,0.0,,,,37.76266,-122.444783,0.0,37.7624588,-122.4449844,0.029,37.7626594,-122.4447728,0.001,37.76266,-122.444781,0.0,37.7626594,-122.4447728,0.001,37.762656,-122.444767,0.002,37.7626594,-122.4447728,0.001,37.7626594,-122.4447728,0.001,37.762641,-122.444729,0.005,37.762661,-122.444783,0.0,37.7626594,-122.4447728,0.001,,,,0.0,0.0,12808.152
San Francisco,3660,17TH ST,San Francisco,,CA,94114.0,-122.42766,37.7631815,"3660 17TH ST, San Francisco",407_San,37.7631815,-122.4276599,0.0,37.7631908,-122.4276661,0.001,37.763182,-122.42766,0.0,37.76319619,-122.427662,0.002,37.76318,-122.42766,0.0,,,,37.763182,-122.42766,0.0,37.76303482,-122.4276352,0.016,37.7631908,-122.4276661,0.001,37.763181,-122.42766,0.0,37.7631908,-122.4276661,0.001,37.76318,-122.42766,0.0,37.7631908,-122.4276661,0.001,37.7631908,-122.4276661,0.001,37.76314,-122.427639,0.005,37.763182,-122.42766,0.0,37.7631908,-122.4276661,0.001,,,,0.0,0.0,12806.727
San Francisco,10,LATONA ST,San Francisco,,CA,94124.0,-122.3927017,37.7322145,"10 LATONA ST, San Francisco",932_San,37.73221447,-122.3927016,0.0,37.7322217,-122.3926999,0.001,37.732214,-122.392702,0.0,37.73222618,-122.392692,0.002,37.732216,-122.3927,0.0,37.73207593,-122.392706,0.015,37.732215,-122.392702,0.0,37.73221237,-122.3926744,0.002,37.7322217,-122.3926999,0.001,37.732213,-122.392701,0.0,37.7322217,-122.3926999,0.001,37.732215,-122.392683,0.002,37.7322217,-122.3926999,0.001,37.7322217,-122.3926999,0.001,37.732219,-122.392674,0.002,37.732214,-122.392702,0.0,37.7322217,-122.3926999,0.001,,,,0.0,0.0,12805.113
San Francisco,690,LOS PALMOS DR,San Francisco,,CA,94127.0,-122.4572903,37.73502,"690 LOS PALMOS DR, San Francisco",977_San,37.73502002,-122.4572903,0.0,37.7350116,-122.4572812,0.001,37.73502,-122.45729,0.0,37.73501618,-122.457282,0.001,37.73502,-122.45729,0.0,37.73602993,-122.4493574,0.708,37.73502,-122.45729,0.0,37.73501182,-122.4572815,0.001,37.7350116,-122.4572812,0.001,37.73502,-122.45729,0.0,37.7350116,-122.4572812,0.001,37.735013,-122.45728,0.001,37.7350116,-122.4572812,0.001,37.7350116,-122.4572812,0.001,37.73501,-122.457306,0.002,37.7350469,-122.4572529,0.004,37.7350116,-122.4572812,0.001,,,,0.0,0.0,12810.3
San Francisco,50,ALVISO ST,San Francisco,,CA,94127.0,-122.4690107,37.7227009,"50 ALVISO ST, San Francisco",553_San,37.72270084,-122.4690106,0.0,37.7227021,-122.4690237,0.001,37.722701,-122.469011,0.0,37.72270618,-122.469022,0.001,37.722702,-122.46901,0.0,,,,37.722701,-122.469011,0.0,37.72270372,-122.4690212,0.001,37.7227021,-122.4690237,0.001,37.722701,-122.46901,0.0,37.7227021,-122.4690237,0.001,37.722703,-122.469018,0.001,37.7227021,-122.4690237,0.001,37.7227021,-122.4690237,0.001,37.722716,-122.469037,0.003,37.7227063,-122.4690285,0.002,37.7227021,-122.4690237,0.001,,,,0.0,0.0,12811.761
San Francisco,2601,MORAGA ST,San Francisco,,CA,94122.0,-122.4907645,37.7553396,"2601 MORAGA ST, San Francisco",420_San,37.75533955,-122.4907645,0.0,37.755335,-122.4907602,0.001,37.75534,-122.490764,0.0,37.75533619,-122.490762,0.0,37.75534,-122.49076,0.0,37.756335,-122.4706309,1.778,37.75534,-122.490765,0.0,,,,37.755335,-122.4907602,0.001,37.755344,-122.490757,0.001,37.755335,-122.4907602,0.001,37.755339,-122.49076,0.0,37.755335,-122.4907602,0.001,37.755335,-122.4907602,0.001,37.755354,-122.490766,0.002,37.7553375,-122.490795,0.003,37.755335,-122.4907602,0.001,,,,0.0,0.0,12812.221
San Francisco,929,SCOTT ST,San Francisco,,CA,94115.0,-122.4370935,37.7783983,"929 SCOTT ST, San Francisco",864_San,37.7783983,-122.4370935,0.0,37.778398,-122.437094,0.0,37.778398,-122.437094,0.0,37.77841619,-122.437042,0.005,37.778397,-122.437096,0.0,37.7836401,-122.4378439,0.586,37.778398,-122.437094,0.0,32.03356934,-106.6917496,1571.101,37.7784104,-122.4370412,0.005,37.778398,-122.437093,0.0,37.7784104,-122.4370412,0.005,37.778397,-122.437096,0.0,37.7784104,-122.4370412,0.005,37.7784104,-122.4370412,0.005,37.778413,-122.437013,0.007,37.778398,-122.437093,0.0,37.7784104,-122.4370412,0.005,,,,0.0,0.0,12806.883
San Francisco,951,OFARRELL ST,San Francisco,,CA,94109.0,-122.4203652,37.7846023,"951 OFARRELL ST, San Francisco",708_San,37.78460233,-122.4203653,0.0,37.784602,-122.420365,0.0,37.784602,-122.420365,0.0,,,,37.784603,-122.420364,0.0,,,,37.784602,-122.420365,0.0,32.03344345,-106.6925125,1569.88,37.784603,-122.420364,0.0,37.784601,-122.420367,0.0,,,,37.784619,-122.42039,0.003,37.77493,-122.41942,1.077,,,,37.784673,-122.4204,0.008,37.7846165,-122.4203778,0.002,37.7845641,-122.4203782,0.004,,,,0.0,0.0,12805.26
San Francisco,422,VALENCIA ST,San Francisco,,CA,94103.0,-122.4223882,37.7661227,"422 VALENCIA ST, San Francisco",710_San,37.76612271,-122.4223882,0.0,37.766123,-122.422388,0.0,37.766123,-122.422388,0.0,37.76611619,-122.422532,0.013,37.76612,-122.422386,0.0,,,,37.766123,-122.422388,0.0,32.03439029,-106.6873357,1569.754,37.7661193,-122.4225384,0.013,37.766122,-122.422389,0.0,37.7661193,-122.4225384,0.013,37.76612,-122.422386,0.0,37.7661237,-122.4222928,0.008,37.7661237,-122.4222928,0.008,37.7661227,-122.4223882,0.0,37.766123,-122.422388,0.0,37.7661237,-122.4222928,0.008,,,,0.0,0.0,12806.175
San Francisco,1833,CHURCH ST,San Francisco,,CA,94131.0,-122.4264601,37.7412221,"1833 CHURCH ST, San Francisco",636_San,37.74122208,-122.4264601,0.0,37.741222,-122.42646,0.0,37.741222,-122.42646,0.0,37.74120618,-122.426602,0.013,37.741222,-122.42646,0.0,,,,37.741222,-122.42646,0.0,32.03467178,-106.6869812,1569.202,37.741204,-122.4266072,0.013,37.741221,-122.42646,0.0,37.741204,-122.4266072,0.013,37.741219,-122.4266,0.012,37.741204,-122.4266072,0.013,37.741204,-122.4266072,0.013,37.741213,-122.426574,0.01,37.7411933,-122.4265091,0.005,37.741204,-122.4266072,0.013,37.7641,-122.42692,2.54,0.0,0.0,12807.519
San Francisco,146,TIFFANY AVE,San Francisco,,CA,94110.0,-122.4217075,37.7448266,"146 TIFFANY AVE, San Francisco",707_San,37.74482655,-122.4217075,0.0,37.744827,-122.421707,0.0,37.744827,-122.421707,0.0,37.74483618,-122.421712,0.001,37.744827,-122.42171,0.0,,,,37.744827,-122.421708,0.0,32.03526688,-106.6850967,1569.063,37.744836,-122.4217116,0.001,37.744829,-122.421709,0.0,37.744836,-122.4217116,0.001,37.744827,-122.42171,0.0,37.744836,-122.4217116,0.001,37.744836,-122.4217116,0.001,37.744833,-122.421726,0.002,37.744827,-122.421708,0.0,37.744836,-122.4217116,0.001,,,,0.0,0.0,12806.983
San Francisco,735,PAGE ST,San Francisco,,CA,94117.0,-122.4329011,37.772639,"735 PAGE ST, San Francisco",746_San,37.77263896,-122.4329011,0.0,37.772639,-122.432901,0.0,37.772639,-122.432901,0.0,37.77256619,-122.432872,0.008,37.77264,-122.4329,0.0,37.7703179,-122.452059,1.707,37.772639,-122.432901,0.0,36.90447235,-111.4729538,975.42,37.772569,-122.4328799,0.008,37.77264,-122.4329,0.0,37.772569,-122.4328799,0.008,37.77264,-122.4329,0.0,37.772569,-122.4328799,0.008,37.772569,-122.4328799,0.008,37.772598,-122.432871,0.005,37.772484,-122.432836,0.018,37.772569,-122.4328799,0.008,,,,0.0,0.0,12806.773
San Francisco,1840,JEFFERSON ST,San Francisco,,CA,94123.0,-122.4428395,37.8050793,"1840 JEFFERSON ST, San Francisco",589_San,37.80507936,-122.4428395,0.0,37.805079,-122.44284,0.0,37.805079,-122.44284,0.0,37.80506619,-122.442852,0.002,37.80508,-122.44284,0.0,,,,37.805079,-122.44284,0.0,37.10678864,-113.6225891,783.934,37.8050607,-122.4428513,0.002,37.80508,-122.442839,0.0,37.8050607,-122.4428513,0.002,37.80508,-122.44284,0.0,37.8050607,-122.4428513,0.002,37.8050607,-122.4428513,0.002,37.805024,-122.442861,0.006,37.805079,-122.442839,0.0,37.8050607,-122.4428513,0.002,,,,0.0,0.0,12806.271
San Francisco,1610,VALLEJO ST,San Francisco,,CA,94123.0,-122.4243429,37.7968785,"1610 VALLEJO ST, San Francisco",613_San,37.79687846,-122.4243429,0.0,37.796878,-122.424343,0.0,37.796878,-122.424343,0.0,37.79680619,-122.424342,0.008,37.79688,-122.42434,0.0,,,,37.796879,-122.424343,0.0,37.12984848,-113.6180878,782.292,37.7968011,-122.4243482,0.009,37.796879,-122.424341,0.0,37.7968011,-122.4243482,0.009,37.79688,-122.42434,0.0,37.7968011,-122.4243482,0.009,37.7968011,-122.4243482,0.009,37.7968785,-122.4243429,0.0,37.796878,-122.424343,0.0,37.7968011,-122.4243482,0.009,38.05131,-122.15691,36.748,0.0,0.0,12805.088
Hong Kong,367A,HO CHUNG NEW VILLAGE,,SAI KUNG DISTRICT,NT,,114.24697,22.35354,"367A HO CHUNG NEW VILLAGE, SAI KUNG DISTRICT, Hong Kong",545_Hon,22.35354029,114.2469711,0.0,22.35354,114.24697,0.0,22.35354,114.24697,0.0,22.35405366,114.2479819,0.119,22.353173,114.247527,0.07,,,,,,,22.39196045,114.3537927,11.796,22.3540525,114.2479826,0.119,22.35354,114.246971,0.0,22.3540525,114.2479826,0.119,22.35371461,114.2478664,0.094,22.3540525,114.2479826,0.119,22.3540525,114.2479826,0.119,22.35354,114.24697,0.0,22.3556037,114.2427026,0.495,22.3540525,114.2479826,0.119,,,,0.0,0.0,12501.992
Hong Kong,179A,HO CHUNG NEW VILLAGE,,SAI KUNG DISTRICT,NT,,114.24776,22.35487,"179A HO CHUNG NEW VILLAGE, SAI KUNG DISTRICT, Hong Kong",591_Hon,22.35487138,114.2477614,0.0,22.35487,114.24776,0.0,22.35487,114.24776,0.0,22.35487366,114.2477619,0.0,22.354872,114.247762,0.0,,,,,,,22.39196045,114.3537927,11.667,22.3548717,114.2477616,0.0,22.354869,114.247756,0.0,22.3548717,114.2477616,0.0,22.354872,114.247761,0.0,22.3548717,114.2477616,0.0,22.3548717,114.2477616,0.0,22.35487,114.24776,0.0,22.3556037,114.2427026,0.527,22.3548717,114.2477616,0.0,,,,0.0,0.0,12502.047
San Francisco,2935,FOLSOM ST,San Francisco,,CA,94110.0,-122.4135349,37.7503223,"2935 FOLSOM ST, San Francisco",714_San,37.75032236,-122.4135348,0.0,37.750322,-122.413535,0.0,37.750322,-122.413535,0.0,37.75032619,-122.413582,0.004,37.750324,-122.413536,0.0,,,,37.750322,-122.413535,0.0,37.7876407,-122.3939839,4.486,37.7503244,-122.4135852,0.004,37.750321,-122.413532,0.0,37.7503244,-122.4135852,0.004,37.750324,-122.413536,0.0,37.7503244,-122.4135852,0.004,37.7503244,-122.4135852,0.004,37.750329,-122.413588,0.005,37.74935,-122.4137198,0.109,37.7503244,-122.4135852,0.004,,,,0.0,0.0,12806.089
San Francisco,3224,WASHINGTON ST,San Francisco,,CA,94115.0,-122.4464383,37.7902928,"3224 WASHINGTON ST, San Francisco",309_San,37.7902928,-122.4464383,0.0,37.790293,-122.446438,0.0,37.790293,-122.446438,0.0,37.79029619,-122.446452,0.001,37.790295,-122.44644,0.0,37.80085752,-122.4100237,3.415,37.790293,-122.446438,0.0,37.79563141,-122.4016571,3.989,37.7902931,-122.4464521,0.001,37.790292,-122.446439,0.0,37.7902931,-122.4464521,0.001,37.790295,-122.44644,0.0,37.7902931,-122.4464521,0.001,37.7902931,-122.4464521,0.001,37.790306,-122.446452,0.002,37.790293,-122.446438,0.0,37.7902931,-122.4464521,0.001,14.28356,120.9003,11256.282,0.0,0.0,12807.167
San Francisco,772,14TH ST,San Francisco,,CA,94114.0,-122.430596,37.767857,"772 14TH ST, San Francisco",866_San,37.76785696,-122.430596,0.0,37.767857,-122.430596,0.0,37.767857,-122.430596,0.0,37.76785619,-122.430612,0.001,37.767857,-122.430595,0.0,,,,37.767857,-122.430596,0.0,37.7656944,-122.4718203,3.64,37.7678588,-122.4306124,0.001,37.767859,-122.430598,0.0,37.7678588,-122.4306124,0.001,37.767857,-122.430595,0.0,37.7678588,-122.4306124,0.001,37.7678588,-122.4306124,0.001,37.767849,-122.430614,0.002,37.7678005,-122.4305966,0.006,37.7678588,-122.4306124,0.001,,,,0.0,0.0,12806.778
San Francisco,903,14TH ST,San Francisco,,CA,94114.0,-122.4338185,37.7672441,"903 14TH ST, San Francisco",617_San,37.76724404,-122.4338185,0.0,37.767244,-122.433819,0.0,37.767244,-122.433819,0.0,37.76726619,-122.433832,0.003,37.767242,-122.433815,0.0,,,,37.767244,-122.433819,0.0,37.7656944,-122.4718203,3.353,37.7672658,-122.4338302,0.003,37.767242,-122.433819,0.0,37.7672658,-122.4338302,0.003,37.767242,-122.433815,0.0,37.7672658,-122.4338302,0.003,37.7672658,-122.4338302,0.003,37.767277,-122.433824,0.004,37.767244,-122.433818,0.0,37.7672658,-122.4338302,0.003,,,,0.0,0.0,12807.067
San Francisco,3945,SACRAMENTO ST,San Francisco,,CA,94118.0,-122.4578765,37.7865192,"3945 SACRAMENTO ST, San Francisco",719_San,37.78651919,-122.4578765,0.0,37.786519,-122.457876,0.0,37.786519,-122.457876,0.0,37.78658619,-122.457902,0.008,37.78652,-122.45788,0.0,,,,37.786519,-122.457877,0.0,37.79124253,-122.4247824,2.962,37.7865881,-122.4579051,0.008,37.78652,-122.457878,0.0,37.7865881,-122.4579051,0.008,37.78652,-122.45788,0.0,37.7865881,-122.4579051,0.008,37.7865881,-122.4579051,0.008,37.786632,-122.457915,0.013,37.7867691,-122.4578946,0.028,37.7865881,-122.4579051,0.008,,,,0.0,0.0,12808.257
San Francisco,125,15TH AVE,San Francisco,,CA,94118.0,-122.4744802,37.7856763,"125 15TH AVE, San Francisco",859_San,37.78567634,-122.4744802,0.0,37.785676,-122.47448,0.0,37.785676,-122.47448,0.0,37.78567619,-122.474602,0.011,37.785675,-122.47448,0.0,37.739175,-122.4167091,7.249,37.785676,-122.47448,0.0,37.75927353,-122.4718552,2.94,37.7856756,-122.4746086,0.011,37.785678,-122.47448,0.0,37.7856756,-122.4746086,0.011,37.785675,-122.47448,0.0,37.7856756,-122.4746086,0.011,37.7856756,-122.4746086,0.011,37.785677,-122.474593,0.01,37.785732,-122.474691,0.02,37.7856756,-122.4746086,0.011,,,,0.0,0.0,12809.653
San Francisco,3772,SACRAMENTO ST,San Francisco,,CA,94118.0,-122.4548232,37.7874176,"3772 SACRAMENTO ST, San Francisco",294_San,37.7874176,-122.4548232,0.0,37.787418,-122.454823,0.0,37.787418,-122.454823,0.0,37.78734619,-122.454812,0.008,37.78742,-122.45483,0.001,37.7885743,-122.4439266,0.968,37.787418,-122.454823,0.0,37.79124253,-122.4247824,2.68,37.7873477,-122.4548159,0.008,37.787419,-122.454821,0.0,37.7873477,-122.4548159,0.008,37.78742,-122.45483,0.001,37.7873477,-122.4548159,0.008,37.7873477,-122.4548159,0.008,37.787395,-122.454817,0.003,37.787418,-122.454823,0.0,37.7873477,-122.4548159,0.008,,,,0.0,0.0,12807.971
Hong Kong,241,TSEUNG KWAN O VILLAGE,,SAI KUNG DISTRICT,NT,,114.24983,22.32628,"241 TSEUNG KWAN O VILLAGE, SAI KUNG DISTRICT, Hong Kong",858_Hon,22.32628272,114.2498308,0.0,22.32628,114.24983,0.0,22.32628,114.24983,0.0,22.32627366,114.2498519,0.002,22.32704,114.250748,0.127,22.31372253,114.261528,1.84,,,,22.31927861,114.2443667,0.958,22.3280627,114.250415,0.206,22.32628,114.249832,0.0,22.3280627,114.250415,0.206,22.326278,114.249851,0.002,22.3280627,114.250415,0.206,22.3280627,114.250415,0.206,22.32628,114.24983,0.0,22.3049269,114.2654763,2.862,22.324892,114.2599537,1.054,,,,0.0,0.0,12502.798
Hong Kong,3,LUEN FAT STREET,,NORTH DISTRICT,NT,,114.14206,22.49782,"3 LUEN FAT STREET, NORTH DISTRICT, Hong Kong",597_Hon,22.49782084,114.1420606,0.0,22.49782,114.14206,0.0,22.49782,114.14206,0.0,22.49780369,114.1420319,0.003,22.497828,114.14206,0.001,,,,,,,22.49889844,114.140955,0.165,22.4978061,114.1420398,0.003,22.497819,114.142059,0.0,22.4978061,114.1420398,0.003,22.497802,114.142036,0.003,22.4978061,114.1420398,0.003,22.4978061,114.1420398,0.003,22.49782,114.14206,0.0,22.497829,114.142061,0.001,22.4978061,114.1420398,0.003,,,,0.0,0.0,12488.617
San Francisco,649,KEARNY ST,San Francisco,,CA,94108.0,-122.404985,37.7942791,"649 KEARNY ST, San Francisco",240_San,37.79427911,-122.404985,0.0,37.794279,-122.404985,0.0,37.794279,-122.404985,0.0,37.79427619,-122.404982,0.0,37.794277,-122.40498,0.0,37.7892059,-122.4034752,0.579,37.794279,-122.404985,0.0,37.79517587,-122.4047376,0.102,37.7942795,-122.4049818,0.0,37.79428,-122.404982,0.0,37.7942795,-122.4049818,0.0,37.794277,-122.40498,0.0,37.7942795,-122.4049818,0.0,37.7942795,-122.4049818,0.0,37.794278,-122.405039,0.005,37.794272,-122.404982,0.001,37.7942795,-122.4049818,0.0,,,,0.0,0.0,12803.606
San Francisco,5,GIANTS DR,San Francisco,,CA,94124.0,-122.3852363,37.7197694,"5 GIANTS DR, San Francisco",755_San,37.71976936,-122.3852363,0.0,37.719769,-122.385236,0.0,37.719769,-122.385236,0.0,37.71675618,-122.387552,0.392,37.71977,-122.38524,0.0,37.7892059,-122.4034752,7.873,37.719769,-122.385236,0.0,37.71949387,-122.385643,0.047,37.7164242,-122.3879792,0.443,37.71977,-122.385238,0.0,37.7164242,-122.3879792,0.443,37.71977,-122.38524,0.0,37.7164242,-122.3879792,0.443,37.7164242,-122.3879792,0.443,37.7197694,-122.3852363,0.0,37.7162831,-122.3880755,0.461,37.7173984,-122.3869673,0.304,,,,0.0,0.0,12805.004
San Francisco,141,EDDY ST,San Francisco,,CA,94102.0,-122.4099362,37.7841653,"141 EDDY ST, San Francisco",539_San,37.7841653,-122.4099362,0.0,37.784165,-122.409936,0.0,37.784165,-122.409936,0.0,37.78402619,-122.409962,0.016,37.784164,-122.409935,0.0,,,,37.784165,-122.409936,0.0,37.7839871,-122.4099689,0.02,37.7840218,-122.4099656,0.016,37.784076,-122.409938,0.01,37.7840218,-122.4099656,0.016,37.784164,-122.409935,0.0,37.7840218,-122.4099656,0.016,37.7840218,-122.4099656,0.016,37.7841653,-122.4099362,0.0,37.783986,-122.409938,0.02,37.7840218,-122.4099656,0.016,,,,0.0,0.0,12804.422
San Francisco,172,MUSEUM WAY,San Francisco,,CA,94114.0,-122.4393357,37.7638585,"172 MUSEUM WAY, San Francisco",379_San,37.76385854,-122.4393358,0.0,37.763858,-122.439336,0.0,37.763858,-122.439336,0.0,37.76396619,-122.439292,0.013,37.76386,-122.43934,0.0,37.800906,-122.398523,5.462,37.763859,-122.439336,0.0,37.76395515,-122.4393044,0.011,37.7639616,-122.4392993,0.012,37.76386,-122.439339,0.0,37.7639616,-122.4392993,0.012,37.76386,-122.43934,0.0,37.7639616,-122.4392993,0.012,37.7639616,-122.4392993,0.012,37.763928,-122.439326,0.008,37.763859,-122.439336,0.0,37.7639616,-122.4392993,0.012,,,,0.0,0.0,12807.657
San Francisco,2345,KIRKHAM ST,San Francisco,,CA,94122.0,-122.4859367,37.7593219,"2345 KIRKHAM ST, San Francisco",900_San,37.75932188,-122.4859366,0.0,37.759322,-122.485937,0.0,37.759322,-122.485937,0.0,37.75925619,-122.485982,0.008,37.759323,-122.48594,0.0,37.76023605,-122.4634256,1.986,37.759322,-122.485937,0.0,37.75932312,-122.485939,0.0,37.7592579,-122.485981,0.008,37.759322,-122.485937,0.0,37.7592579,-122.485981,0.008,37.759323,-122.48594,0.0,37.7592579,-122.485981,0.008,37.7592579,-122.485981,0.008,37.759258,-122.485981,0.008,37.759276,-122.486287,0.031,37.7592579,-122.485981,0.008,,,,0.0,0.0,12811.663
San Francisco,1138,ALABAMA ST,San Francisco,,CA,94110.0,-122.4113325,37.7536458,"1138 ALABAMA ST, San Francisco",820_San,37.75364582,-122.4113325,0.0,37.753646,-122.411333,0.0,37.753646,-122.411333,0.0,37.75366619,-122.411292,0.004,37.753647,-122.41133,0.0,37.7458947,-122.4102847,0.865,37.753646,-122.411333,0.0,37.75364685,-122.4113312,0.0,37.7536633,-122.4112978,0.004,37.753648,-122.411331,0.0,37.7536633,-122.4112978,0.004,37.753647,-122.41133,0.0,37.7536633,-122.4112978,0.004,37.7536633,-122.4112978,0.004,37.753639,-122.411322,0.001,37.753646,-122.411332,0.0,37.7536633,-122.4112978,0.004,,,,0.0,0.0,12805.774
San Francisco,152,STEINER ST,San Francisco,,CA,94117.0,-122.4317183,37.7707369,"152 STEINER ST, San Francisco",687_San,37.77073686,-122.4317183,0.0,37.770737,-122.431718,0.0,37.770737,-122.431718,0.0,37.77074619,-122.431652,0.006,37.770737,-122.43172,0.0,,,,37.770737,-122.431718,0.0,37.77073669,-122.4317169,0.0,37.7707437,-122.4316535,0.006,37.770739,-122.431719,0.0,37.7707437,-122.4316535,0.006,37.770737,-122.43172,0.0,37.7707437,-122.4316535,0.006,37.7707437,-122.4316535,0.006,37.770749,-122.431614,0.009,37.770737,-122.431718,0.0,37.7707437,-122.4316535,0.006,,,,0.0,0.0,12806.753
San Francisco,932,CHURCH ST,San Francisco,,CA,94114.0,-122.4281561,37.7558982,"932 CHURCH ST, San Francisco",590_San,37.75589817,-122.4281562,0.0,,,,37.755898,-122.428156,0.0,37.75590619,-122.428072,0.007,37.755898,-122.428154,0.0,,,,37.755898,-122.428156,0.0,32.03456116,-106.687355,1569.851,37.7559031,-122.4280792,0.007,37.755899,-122.428159,0.0,37.7559031,-122.4280792,0.007,37.755911,-122.428073,0.007,37.7559031,-122.4280792,0.007,37.7559031,-122.4280792,0.007,37.755904,-122.428096,0.005,37.7559189,-122.4281552,0.002,37.7559031,-122.4280792,0.007,37.7641,-122.42692,0.917,0.0,0.0,12807.063
Hong Kong,122,QUEEN'S ROAD CENTRAL,,CENTRAL & WESTERN DISTRICT,HK,,114.15448,22.28379,"122 QUEEN'S ROAD CENTRAL, CENTRAL & WESTERN DISTRICT, Hong Kong",465_Hon,22.28379167,114.1544816,0.0,,,,22.28379,114.15448,0.0,22.28379365,114.1544819,0.0,22.283666,114.154567,0.016,,,,,,,22.2837738,114.1550517,0.059,22.283799,114.154486,0.001,22.284327,114.153996,0.078,22.283799,114.154486,0.001,22.27167215,114.1643794,1.686,22.2859416,114.1494914,0.567,22.283799,114.154486,0.001,22.28379,114.15448,0.0,22.2847435,114.1520188,0.275,22.2837278,114.1546163,0.016,,,,0.0,0.0,12493.918
San Francisco,1410,STEINER ST,San Francisco,,CA,94115.0,-122.4340982,37.7825188,"1410 STEINER ST, San Francisco",30_San,37.7825188,-122.4340983,0.0,37.782042,-122.434035,0.053,,,,37.79050619,-122.435862,0.9,37.78262,-122.43332,0.069,37.776199,-122.432755,0.711,37.782618,-122.433318,0.07,37.78216553,-122.4340515,0.039,37.78262,-122.43332,0.069,37.78238,-122.433847,0.027,37.782042,-122.434035,0.053,37.78262,-122.43332,0.069,37.782042,-122.434035,0.053,37.782042,-122.434035,0.053,37.7825188,-122.4340982,0.0,37.782618,-122.433318,0.07,37.7613325,-122.4789019,4.595,,,,0.0,0.0,12806.47
San Francisco,375,GROVE ST,San Francisco,,CA,94102.0,-122.422764,37.7776042,"375 GROVE ST, San Francisco",11_San,37.77760419,-122.4227641,0.0,37.7777939,-122.4226686,0.023,,,,37.77604619,-122.437142,1.278,37.777603,-122.42277,0.001,37.73609023,-122.4783293,6.724,37.777604,-122.422764,0.0,32.03472999,-106.6867585,1570.234,37.777603,-122.42277,0.001,37.7776,-122.42276,0.001,37.7777939,-122.4226686,0.023,37.777603,-122.42277,0.001,37.7777939,-122.4226686,0.023,37.7777939,-122.4226686,0.023,37.7776042,-122.422764,0.0,37.777604,-122.422764,0.0,37.7780501,-122.4173077,0.483,,,,0.0,0.0,12805.74
San Francisco,1649,MARKET ST,San Francisco,,CA,94103.0,-122.4211174,37.7732129,"1649 MARKET ST, San Francisco",31_San,37.77321287,-122.4211174,0.0,37.7733391,-122.4213009,0.021,,,,37.79402619,-122.395402,3.235,37.773212,-122.42112,0.0,37.77523821,-122.4175225,0.388,37.773213,-122.421117,0.0,37.76764679,-122.4286575,0.907,37.773212,-122.42112,0.0,37.773212,-122.421118,0.0,37.7733391,-122.4213009,0.021,37.773212,-122.42112,0.0,37.7733391,-122.4213009,0.021,37.7733391,-122.4213009,0.021,37.7732129,-122.4211174,0.0,37.7731454,-122.4210328,0.011,37.785915,-122.4007359,2.283,37.77352,-122.42122,0.035,0.0,0.0,12805.783
San Francisco,1362,VALENCIA ST,San Francisco,,CA,94110.0,-122.4208583,37.7510536,"1362 VALENCIA ST, San Francisco",20_San,37.75105355,-122.4208583,0.0,37.7510809,-122.420758,0.009,,,,37.75107619,-122.420872,0.003,37.751053,-122.42086,0.0,37.7524987,-122.420878,0.16,37.751054,-122.420858,0.0,32.03466415,-106.6870117,1569.09,37.7510781,-122.4208748,0.003,37.751052,-122.420859,0.0,37.7510781,-122.4208748,0.003,37.751081,-122.420758,0.009,37.7510781,-122.4208748,0.003,37.7510781,-122.4208748,0.003,37.751081,-122.420758,0.009,37.751054,-122.420858,0.0,37.7510781,-122.4208748,0.003,,,,0.0,0.0,12806.661
San Francisco,510,15TH AVE,San Francisco,,CA,94118.0,-122.4735531,37.7783491,"510 15TH AVE, San Francisco",19_San,37.77834914,-122.4735531,0.0,37.7783619,-122.4736159,0.006,,,,37.77836619,-122.473612,0.006,37.77835,-122.47356,0.001,37.739175,-122.4167091,6.633,,,,37.75927353,-122.4718552,2.123,37.7783619,-122.4736159,0.006,37.77835,-122.473551,0.0,37.7783619,-122.4736159,0.006,37.77835,-122.47356,0.001,37.7783619,-122.4736159,0.006,37.7783619,-122.4736159,0.006,37.778341,-122.473609,0.005,37.7783577,-122.4736063,0.005,37.7783619,-122.4736159,0.006,,,,0.0,0.0,12809.875
San Francisco,2395,29TH AVE,San Francisco,,CA,94116.0,-122.486563,37.7428196,"2395 29TH AVE, San Francisco",12_San,37.74281955,-122.486563,0.0,37.7428188,-122.4866146,0.005,,,,37.74281618,-122.486612,0.004,37.742817,-122.4866,0.003,37.739175,-122.4167091,6.17,37.742818,-122.486601,0.003,37.7438436,-122.4244014,5.48,37.7428188,-122.4866146,0.005,37.742819,-122.48658,0.001,37.7428188,-122.4866146,0.005,37.742818,-122.486611,0.004,37.7428188,-122.4866146,0.005,37.7428188,-122.4866146,0.005,37.74281,-122.486608,0.004,37.7427707,-122.4866145,0.007,37.7428188,-122.4866146,0.005,,,,0.0,0.0,12812.385
San Francisco,740,MONTEREY BLVD,San Francisco,,CA,94127.0,-122.4519859,37.7318043,"740 MONTEREY BLVD, San Francisco",21_San,37.73180434,-122.4519859,0.0,37.7317735,-122.452024,0.005,,,,37.73177618,-122.452022,0.004,37.731804,-122.45199,0.0,37.7313674,-122.4516614,0.056,37.731804,-122.451986,0.0,37.72931355,-122.4942559,3.736,37.7317735,-122.452024,0.005,37.731802,-122.451988,0.0,37.7317735,-122.452024,0.005,37.731772,-122.452013,0.004,37.7317735,-122.452024,0.005,37.7317735,-122.452024,0.005,37.731726,-122.452008,0.009,37.7317678,-122.4519887,0.004,37.7317735,-122.452024,0.005,,,,0.0,0.0,12809.995
San Francisco,808,LEAVENWORTH ST,San Francisco,,CA,94109.0,-122.4150831,37.788596,"808 LEAVENWORTH ST, San Francisco",18_San,37.78859597,-122.4150832,0.0,37.788566,-122.4151156,0.004,,,,37.79299619,-122.416122,0.497,37.7886,-122.41502,0.006,37.7994171,-122.4174331,1.219,37.788602,-122.41502,0.006,37.78860092,-122.4150238,0.005,37.7886,-122.41502,0.006,37.788611,-122.415075,0.002,37.7885792,-122.4151183,0.004,37.7886,-122.41502,0.006,37.788566,-122.4151156,0.004,37.7885792,-122.4151183,0.004,37.788596,-122.4150831,0.0,37.788602,-122.41502,0.006,37.7823365,-122.4139761,0.702,,,,0.0,0.0,12804.665
San Francisco,3156,CLAY ST,San Francisco,,CA,94115.0,-122.4451287,37.7896016,"3156 CLAY ST, San Francisco",33_San,37.78960163,-122.4451288,0.0,37.789602,-122.445129,0.0,,,,37.78953619,-122.445122,0.007,37.7896,-122.44513,0.0,37.794437,-122.4043325,3.633,37.789602,-122.445129,0.0,32.03467178,-106.6869812,1572.518,37.7895378,-122.4451202,0.007,37.789601,-122.445129,0.0,37.7895378,-122.4451202,0.007,37.7896,-122.44513,0.0,37.7895378,-122.4451202,0.007,37.7895378,-122.4451202,0.007,37.789542,-122.445116,0.007,37.789602,-122.445129,0.0,37.7895378,-122.4451202,0.007,,,,0.0,0.0,12807.087
Hong Kong,19,CHEUNG SHA WAN ROAD,,SHAM SHUI PO DISTRICT,KLN,,114.16691,22.3269,"19 CHEUNG SHA WAN ROAD, SHAM SHUI PO DISTRICT, Hong Kong",25_Hon,22.32689837,114.166909,0.0,22.3269,114.16691,0.0,,,,22.33654366,114.1438919,2.601,22.326941,114.166896,0.005,22.33218417,114.160825,0.858,,,,22.33595595,114.1557881,1.523,22.3371213,114.1413042,2.87,22.3269,114.166908,0.0,22.3367401,114.1426164,2.73,22.33478434,114.1537232,1.615,22.3367567,114.142635,2.729,22.3365723,114.1437212,2.618,22.3269,114.16691,0.0,22.326904,114.166916,0.001,22.3269045,114.1669047,0.001,,,,0.0,0.0,12494.369
San Francisco,308,EDDY ST,San Francisco,,CA,94102.0,-122.4129213,37.7841149,"308 EDDY ST, San Francisco",773_San,37.78411488,-122.4129213,0.0,37.784115,-122.412921,0.0,,,,37.78410619,-122.412912,0.001,37.784115,-122.41292,0.0,37.7806076,-122.4388662,2.318,37.784115,-122.412921,0.0,37.78411484,-122.4129181,0.0,37.7841083,-122.4129159,0.001,37.784113,-122.41292,0.0,37.7841083,-122.4129159,0.001,37.784115,-122.41292,0.0,37.7841083,-122.4129159,0.001,37.7841083,-122.4129159,0.001,37.7841149,-122.4129213,0.0,37.784115,-122.412921,0.0,37.7841083,-122.4129159,0.001,,,,0.0,0.0,12804.669
Hong Kong,2J,SAI YEUNG CHOI STREET SOUTH,,YAU TSIM MONG DISTRICT,KLN,,114.17085,22.31596,"2J SAI YEUNG CHOI STREET SOUTH, YAU TSIM MONG DISTRICT, Hong Kong",79_Hon,,,,22.31596,114.17085,0.0,22.299112,114.172197,1.871,22.31606366,114.1706619,0.023,22.299112,114.172197,1.871,22.318087,114.1703975,0.24,,,,22.31927708,114.1699633,0.379,22.3180237,114.1702638,0.236,22.315959,114.170852,0.0,22.3215168,114.169538,0.63,22.316302,114.170771,0.039,22.3162755,114.1708055,0.035,22.3237594,114.1691077,0.882,22.299112,114.172197,1.871,22.315961,114.170868,0.002,22.3159699,114.1708676,0.002,,,,0.0,0.0,12494.975
Hong Kong,237,HENNESSY ROAD,,WAN CHAI DISTRICT,HK,,114.17593,22.27811,"237 HENNESSY ROAD, WAN CHAI DISTRICT, Hong Kong",91_Hon,,,,22.27811,114.17593,0.0,22.271264,114.181979,0.982,22.27820365,114.1774219,0.154,22.2795376,114.1813251,0.578,22.28001977,114.1832341,0.782,,,,22.2732043,114.1732483,0.609,22.2800396,114.1828412,0.744,22.27811,114.175926,0.0,22.2782036,114.1774222,0.154,22.27836641,114.1760521,0.031,22.2782036,114.1774222,0.154,22.2800396,114.1828412,0.744,22.27811,114.17593,0.0,22.278114,114.175945,0.002,22.2775843,114.1728604,0.322,,,,0.0,0.0,12496.204
Hong Kong,43A,BLUE POOL ROAD,,WAN CHAI DISTRICT,HK,,114.1881,22.26777,"43A BLUE POOL ROAD, WAN CHAI DISTRICT, Hong Kong",185_Hon,,,,,,,22.271264,114.181979,0.74,22.26177365,114.1905019,0.709,22.267777,114.188153,0.006,22.26346632,114.1904207,0.533,,,,22.2732043,114.1732483,1.645,22.2644163,114.1889533,0.382,22.26777,114.188102,0.0,22.268439,114.1874401,0.101,22.267772,114.188137,0.004,22.2677759,114.1881247,0.003,22.2645074,114.1888555,0.37,22.26777,114.1881,0.0,22.2796766,114.1716845,2.145,22.26894,114.187305,0.153,,,,0.0,0.0,12497.634
San Francisco,1654,PAGE ST,San Francisco,,CA,94117.0,-122.4480453,37.7711099,"1654 PAGE ST, San Francisco",66_San,,,,37.7709537,-122.4480401,0.017,37.77111,-122.448045,0.0,37.77104619,-122.448032,0.007,37.77111,-122.448044,0.0,37.7703179,-122.452059,0.364,37.77111,-122.448045,0.0,36.90447235,-111.4729538,976.746,37.7710444,-122.4480378,0.007,37.77111,-122.448047,0.0,37.7710444,-122.4480378,0.007,37.770954,-122.44804,0.017,37.7710444,-122.4480378,0.007,37.7710444,-122.4480378,0.007,37.771037,-122.448022,0.008,37.77111,-122.448045,0.0,37.7709537,-122.4480401,0.017,,,,0.0,0.0,12808.077
San Francisco,1426,FUNSTON AVE,San Francisco,,CA,94122.0,-122.470098,37.7614461,"1426 FUNSTON AVE, San Francisco",158_San,,,,37.7614599,-122.4702627,0.015,37.761446,-122.470098,0.0,37.76145619,-122.470212,0.01,37.76146,-122.470263,0.015,37.739175,-122.4167091,5.315,37.761446,-122.470098,0.0,32.03536606,-106.6846924,1573.724,37.7614567,-122.4702122,0.01,37.761448,-122.470099,0.0,37.7614567,-122.4702122,0.01,37.76146,-122.470263,0.015,37.7614567,-122.4702122,0.01,37.7614567,-122.4702122,0.01,37.76146,-122.470263,0.015,37.761446,-122.470098,0.0,37.7614567,-122.4702122,0.01,,,,0.0,0.0,12810.278
San Francisco,1304,48TH AVE,San Francisco,,CA,94122.0,-122.5080054,37.7619526,"1304 48TH AVE, San Francisco",210_San,,,,37.7620692,-122.5080578,0.014,37.761953,-122.508005,0.0,37.76196619,-122.508032,0.003,37.762069,-122.508058,0.014,37.739175,-122.4167091,8.434,37.761953,-122.508005,0.0,37.7620692,-122.5080578,0.014,37.7619638,-122.5080323,0.003,37.761952,-122.508007,0.0,37.7619638,-122.5080323,0.003,37.762069,-122.508058,0.014,37.7619638,-122.5080323,0.003,37.7619638,-122.5080323,0.003,37.762069,-122.508058,0.014,37.761953,-122.508005,0.0,37.7619638,-122.5080323,0.003,,,,0.0,0.0,12813.366
San Francisco,801,TARAVAL ST,San Francisco,,CA,94116.0,-122.4747965,37.7429653,"801 TARAVAL ST, San Francisco",258_San,,,,37.7428603,-122.474785,0.012,37.742965,-122.474796,0.0,37.74286618,-122.474782,0.011,37.742844,-122.474785,0.014,37.74283097,-122.4838238,0.796,37.742842,-122.474788,0.014,,,,37.7428603,-122.474785,0.012,37.742916,-122.474772,0.006,37.7428603,-122.474785,0.012,37.742903,-122.474788,0.007,37.7428603,-122.474785,0.012,37.7428603,-122.474785,0.012,37.742921,-122.474795,0.005,37.7430591,-122.4746158,0.019,37.7428603,-122.474785,0.012,,,,0.0,0.0,12811.414
San Francisco,2802,23RD ST,San Francisco,,CA,94110.0,-122.4085888,37.7546171,"2802 23RD ST, San Francisco",183_San,,,,37.75452446,-122.408531,0.011,37.754617,-122.408589,0.0,37.75553619,-122.385712,2.019,37.754616,-122.40859,0.0,37.7524987,-122.420878,1.108,,,,37.7544918,-122.403066,0.487,37.754616,-122.40859,0.0,37.75462,-122.40859,0.0,37.7545245,-122.408531,0.011,37.754616,-122.40859,0.0,37.7545245,-122.408531,0.011,37.7545245,-122.408531,0.011,37.7546171,-122.4085888,0.0,37.754617,-122.408589,0.0,37.7553756,-122.3880198,1.815,,,,0.0,0.0,12805.51
San Francisco,1592,FUNSTON AVE,San Francisco,,CA,94122.0,-122.4699774,37.7584818,"1592 FUNSTON AVE, San Francisco",178_San,,,,37.7584731,-122.4700847,0.01,37.758482,-122.469977,0.0,37.75849619,-122.470042,0.006,37.75848,-122.46998,0.0,37.739175,-122.4167091,5.161,,,,32.03536606,-106.6846924,1573.607,37.7584942,-122.4700443,0.006,37.758481,-122.469978,0.0,37.7584942,-122.4700443,0.006,37.758473,-122.470085,0.01,37.7584942,-122.4700443,0.006,37.7584942,-122.4700443,0.006,37.758473,-122.470085,0.01,37.758482,-122.469977,0.0,37.7584942,-122.4700443,0.006,,,,0.0,0.0,12810.388
San Francisco,289,MARINA BLVD,San Francisco,,CA,94123.0,-122.4370248,37.8061794,"289 MARINA BLVD, San Francisco",126_San,,,,37.8062481,-122.4370398,0.008,37.806179,-122.437025,0.0,37.80624619,-122.437032,0.007,37.80618,-122.43703,0.0,37.806643,-122.430359,0.589,,,,31.86790875,-116.6565339,844.309,37.8062481,-122.4370398,0.008,37.80625,-122.43704,0.008,37.8062481,-122.4370398,0.008,37.806248,-122.43704,0.008,37.8062481,-122.4370398,0.008,37.8062481,-122.4370398,0.008,37.806235,-122.437048,0.007,37.806251,-122.4370405,0.008,37.8062481,-122.4370398,0.008,,,,0.0,0.0,12805.75
San Francisco,138,GOLD MINE DR,San Francisco,,CA,94131.0,-122.4388578,37.7426829,"138 GOLD MINE DR, San Francisco",177_San,,,,37.742651,-122.438942,0.008,37.742683,-122.438858,0.0,37.74178618,-122.439142,0.103,37.742683,-122.43886,0.0,37.74199489,-122.439132,0.08,37.742683,-122.438858,0.0,37.74268341,-122.438858,0.0,37.742683,-122.43886,0.0,37.74268,-122.43886,0.0,37.7426537,-122.4389642,0.01,37.742683,-122.43886,0.0,37.742651,-122.438942,0.008,37.7426537,-122.4389642,0.01,37.7426829,-122.4388578,0.0,37.74274,-122.4388036,0.008,37.7417879,-122.4391425,0.102,,,,0.0,0.0,12808.477
San Francisco,1222,CLAYTON ST,San Francisco,,CA,94114.0,-122.446093,37.7613799,"1222 CLAYTON ST, San Francisco",819_San,,,,37.7614055,-122.4461537,0.006,37.76138,-122.446093,0.0,37.76140619,-122.446152,0.006,37.76138,-122.44609,0.0,37.77040392,-122.4490035,1.034,37.76138,-122.446093,0.0,32.03462982,-106.6871262,1571.559,37.7614055,-122.4461537,0.006,37.76138,-122.446091,0.0,37.7614055,-122.4461537,0.006,37.761406,-122.446154,0.006,37.7614055,-122.4461537,0.006,37.7614055,-122.4461537,0.006,37.761406,-122.446154,0.006,37.7615282,-122.446029,0.017,37.7614055,-122.4461537,0.006,,,,0.0,0.0,12808.312
San Francisco,1920,PACIFIC AVE,San Francisco,,CA,94109.0,-122.4271968,37.794613,"1920 PACIFIC AVE, San Francisco",161_San,,,,37.7945708,-122.4271884,0.005,37.794613,-122.427197,0.0,37.79457619,-122.427182,0.004,37.794613,-122.4272,0.0,37.7927171,-122.4356445,0.773,,,,32.03536606,-106.6846924,1571.364,37.7945708,-122.4271884,0.005,37.794558,-122.427201,0.006,37.7945708,-122.4271884,0.005,37.794571,-122.42719,0.005,37.7945708,-122.4271884,0.005,37.7945708,-122.4271884,0.005,37.794581,-122.427191,0.004,37.7946212,-122.4271307,0.006,37.7945708,-122.4271884,0.005,37.80048,-122.19163,20.757,0.0,0.0,12805.414
San Francisco,868,ARKANSAS ST,San Francisco,,CA,94107.0,-122.3980789,37.7552272,"868 ARKANSAS ST, San Francisco",154_San,,,,37.7552363,-122.3980233,0.005,37.755227,-122.398079,0.0,37.75523619,-122.398022,0.005,37.755226,-122.39808,0.0,37.75616881,-122.3971999,0.13,,,,37.75524475,-122.3980185,0.006,37.7552363,-122.3980233,0.005,37.755229,-122.398079,0.0,37.7552363,-122.3980233,0.005,37.755241,-122.398026,0.005,37.7552363,-122.3980233,0.005,37.7552363,-122.3980233,0.005,37.755251,-122.398006,0.007,37.755227,-122.398079,0.0,37.7552363,-122.3980233,0.005,34.62481,-90.59382,2867.824,0.0,0.0,12804.623
San Francisco,2294,FILBERT ST,San Francisco,,CA,94123.0,-122.4371673,37.7979412,"2294 FILBERT ST, San Francisco",208_San,,,,37.79791898,-122.4371343,0.004,37.797941,-122.437167,0.0,37.79979619,-122.421712,1.377,37.79802,-122.43719,0.009,37.80192138,-122.4050343,2.864,,,,37.80181301,-122.405544,2.818,37.79802,-122.43719,0.009,37.797994,-122.437181,0.006,37.797919,-122.4371343,0.004,37.79802,-122.43719,0.009,37.797919,-122.4371343,0.004,37.797919,-122.4371343,0.004,37.7979412,-122.4371673,0.0,37.79802,-122.43719,0.009,37.8001707,-122.4190088,1.618,,,,0.0,0.0,12806.096
San Francisco,1275,GENEVA AVE,San Francisco,,CA,94112.0,-122.4347375,37.7138873,"1275 GENEVA AVE, San Francisco",155_San,,,,37.7138762,-122.4347624,0.003,37.713887,-122.434737,0.0,37.71387618,-122.434762,0.002,37.713886,-122.43474,0.0,37.71989027,-122.446413,1.226,,,,32.03473626,-106.6861466,1568.969,37.7138762,-122.4347624,0.003,37.713889,-122.434738,0.0,37.7138762,-122.4347624,0.003,37.713882,-122.434759,0.002,37.7138762,-122.4347624,0.003,37.7138762,-122.4347624,0.003,37.713895,-122.434748,0.001,37.713887,-122.434738,0.0,37.7138762,-122.4347624,0.003,,,,0.0,0.0,12809.306
San Francisco,4115,LINCOLN WAY,San Francisco,,CA,94122.0,-122.5022474,37.7640777,"4115 LINCOLN WAY, San Francisco",300_San,,,,37.7640791,-122.5022852,0.003,37.764078,-122.502247,0.0,37.76407619,-122.502282,0.003,37.764076,-122.50225,0.0,37.7659691,-122.4581475,3.891,37.764078,-122.502247,0.0,37.76392519,-122.508008,0.508,37.7640791,-122.5022852,0.003,37.764079,-122.502249,0.0,37.7640791,-122.5022852,0.003,37.764082,-122.502263,0.001,37.7640791,-122.5022852,0.003,37.7640791,-122.5022852,0.003,37.764093,-122.502263,0.002,37.7640906,-122.5022501,0.001,37.7640791,-122.5022852,0.003,,,,0.0,0.0,12812.807
San Francisco,2472,CHESTNUT ST,San Francisco,,CA,94123.0,-122.4440815,37.8000545,"2472 CHESTNUT ST, San Francisco",206_San,,,,37.8000358,-122.4440796,0.002,37.800055,-122.444081,0.0,37.80003619,-122.444072,0.002,37.800053,-122.444084,0.0,37.7999053,-122.4425316,0.138,,,,32.03467178,-106.6869812,1572.813,37.8000358,-122.4440796,0.002,37.800053,-122.444081,0.0,37.8000358,-122.4440796,0.002,37.800053,-122.444084,0.0,37.8000358,-122.4440796,0.002,37.8000358,-122.4440796,0.002,37.799996,-122.444092,0.007,37.800054,-122.444082,0.0,37.8000358,-122.4440796,0.002,,,,0.0,0.0,12806.577
San Francisco,181,GRAYSTONE TER,San Francisco,,CA,94114.0,-122.445402,37.7573193,"181 GRAYSTONE TER, San Francisco",771_San,,,,37.7573244,-122.4454215,0.002,37.757319,-122.445402,0.0,37.75732619,-122.445422,0.002,37.75732,-122.445404,0.0,37.75905205,-122.4473751,0.259,37.757319,-122.445402,0.0,37.75732576,-122.4454031,0.001,37.7573244,-122.4454215,0.002,37.75732,-122.445401,0.0,37.7573244,-122.4454215,0.002,37.757324,-122.445406,0.001,37.7573244,-122.4454215,0.002,37.7573244,-122.4454215,0.002,37.757333,-122.445402,0.002,37.7573247,-122.4454141,0.001,37.7573244,-122.4454215,0.002,,,,0.0,0.0,12808.42
San Francisco,353,WALLER ST,San Francisco,,CA,94117.0,-122.4294451,37.7710929,"353 WALLER ST, San Francisco",194_San,,,,37.7710888,-122.429459,0.001,37.771093,-122.429445,0.0,37.77108619,-122.429452,0.001,37.77109,-122.42944,0.001,37.7713924,-122.4286167,0.08,,,,37.77003236,-122.4392466,0.872,37.7710888,-122.429459,0.001,37.771092,-122.429447,0.0,37.7710888,-122.429459,0.001,37.77109,-122.42944,0.001,37.7710888,-122.429459,0.001,37.7710888,-122.429459,0.001,37.771117,-122.429476,0.004,37.771093,-122.429445,0.0,37.7710888,-122.429459,0.001,,,,0.0,0.0,12806.552
San Francisco,1454,CLAY ST,San Francisco,,CA,94109.0,-122.4170176,37.7930095,"1454 CLAY ST, San Francisco",159_San,,,,37.793009,-122.417018,0.0,37.793009,-122.417018,0.0,37.79306619,-122.417072,0.008,37.79301,-122.417015,0.0,37.794437,-122.4043325,1.128,37.79301,-122.417018,0.0,32.03467178,-106.6869812,1570.305,37.7930652,-122.4170702,0.008,37.793007,-122.417023,0.001,37.7930652,-122.4170702,0.008,37.79301,-122.417015,0.0,37.7930652,-122.4170702,0.008,37.7930652,-122.4170702,0.008,37.793047,-122.417046,0.005,37.79301,-122.417018,0.0,37.7930652,-122.4170702,0.008,,,,0.0,0.0,12804.644
San Francisco,3451,18TH ST,San Francisco,,CA,94110.0,-122.420494,37.7615613,"3451 18TH ST, San Francisco",142_San,,,,37.761561,-122.420494,0.0,37.761561,-122.420494,0.0,37.76161619,-122.420512,0.006,37.761562,-122.420494,0.0,,,,37.761561,-122.420494,0.0,37.76172774,-122.4759422,4.886,37.7616133,-122.4205165,0.006,37.761561,-122.420492,0.0,37.7616133,-122.4205165,0.006,37.761562,-122.420494,0.0,37.7616133,-122.4205165,0.006,37.7616133,-122.4205165,0.006,37.761583,-122.420519,0.003,37.761561,-122.420494,0.0,37.7616133,-122.4205165,0.006,,,,0.0,0.0,12806.205
San Francisco,183,ALPINE TER,San Francisco,,CA,94117.0,-122.4370644,37.7676229,"183 ALPINE TER, San Francisco",49_San,,,,37.767623,-122.437064,0.0,37.767623,-122.437064,0.0,37.76763619,-122.437122,0.005,37.767624,-122.437065,0.0,37.76987556,-122.4379396,0.262,37.767623,-122.437064,0.0,37.76752853,-122.4372177,0.017,37.7676304,-122.4371289,0.006,37.767622,-122.437062,0.0,37.7676304,-122.4371289,0.006,37.767624,-122.437065,0.0,37.7676304,-122.4371289,0.006,37.7676304,-122.4371289,0.006,37.767624,-122.437121,0.005,37.767623,-122.437064,0.0,37.7676304,-122.4371289,0.006,,,,0.0,0.0,12807.318
Hong Kong,350,SHAU KEI WAN ROAD,,EASTERN DISTRICT,HK,,114.22628,22.27845,"350 SHAU KEI WAN ROAD, EASTERN DISTRICT, Hong Kong",423_Hon,,,,22.27845,114.22628,0.0,22.27845,114.22628,0.0,22.27845365,114.2262719,0.001,22.278446,114.226273,0.001,22.2790972,114.2286665,0.256,,,,22.27844599,114.2262731,0.001,22.2784586,114.2262731,0.001,22.27845,114.22628,0.0,22.2784586,114.2262731,0.001,22.27997181,114.2248792,0.222,22.2784586,114.2262731,0.001,22.2784586,114.2262731,0.001,22.27845,114.22628,0.0,22.278467,114.226282,0.002,22.2784586,114.2262731,0.001,,,,0.0,0.0,12501.311
Hong Kong,638,PRINCE EDWARD ROAD EAST,,WONG TAI SIN DISTRICT,KLN,,114.19658,22.33315,"638 PRINCE EDWARD ROAD EAST, WONG TAI SIN DISTRICT, Hong Kong",190_Hon,,,,22.33316,114.19624,0.035,,,,22.33344366,114.1971119,0.064,22.342573,114.19348,1.091,22.33252911,114.1965855,0.069,,,,22.34352206,114.1918512,1.248,22.3334486,114.1971156,0.064,22.33346,114.196796,0.041,22.3322194,114.1969501,0.11,22.333567,114.196879,0.056,22.3334486,114.1971156,0.064,22.3334486,114.1971156,0.064,22.342573,114.19348,1.091,22.3315318,114.1950852,0.236,22.333431,114.1966921,0.033,,,,0.0,0.0,12497.263
San Francisco,111,JONES ST,San Francisco,,CA,94102.0,-122.4123925,37.7821727,"111 JONES ST, San Francisco",237_San,,,,37.782315,-122.4124922,0.018,,,,37.78231619,-122.412492,0.018,37.782173,-122.41239,0.0,37.8072971,-122.41737,2.823,37.782173,-122.412393,0.0,38.41871262,-121.455307,109.723,37.782315,-122.4124922,0.018,37.78217,-122.41239,0.0,37.782315,-122.4124922,0.018,37.782291,-122.412593,0.022,37.782315,-122.4124922,0.018,37.782315,-122.4124922,0.018,37.7821727,-122.4123925,0.0,37.7824188,-122.4125505,0.031,37.782315,-122.4124922,0.018,,,,0.0,0.0,12804.705
