geonameid,asciiname,latitude,longitude,country code,timezone,country_full_name,query_string,ArcGIS_lat,ArcGIS_lon,ArcGIS_error_km,Geoapify_lat,Geoapify_lon,Geoapify_error_km,GeocodeEarth_lat,GeocodeEarth_lon,GeocodeEarth_error_km,GeocodeFarm_lat,GeocodeFarm_lon,GeocodeFarm_error_km,Geocodify_lat,Geocodify_lon,Geocodify_error_km,Geokeo_lat,Geokeo_lon,Geokeo_error_km,Geolake_lat,Geolake_lon,Geolake_error_km,GeoNames_lat,GeoNames_lon,GeoNames_error_km,Gisgraphy_lat,Gisgraphy_lon,Gisgraphy_error_km,LocationIQ_lat,LocationIQ_lon,LocationIQ_error_km,Mapbox_lat,Mapbox_lon,Mapbox_error_km,MapMaker_lat,MapMaker_lon,MapMaker_error_km,MapTiler_lat,MapTiler_lon,MapTiler_error_km,OpenCage_lat,OpenCage_lon,OpenCage_error_km,Nominatim_lat,Nominatim_lon,Nominatim_error_km,Stadia_lat,Stadia_lon,Stadia_error_km,TomTom_lat,TomTom_lon,TomTom_error_km,Photon_lat,Photon_lon,Photon_error_km,Geocode.xyz_lat,Geocode.xyz_lon,Geocode.xyz_error_km
13118145,Bandar Bukit Raja,3.08737,101.43339,MY,Asia/Kuala_Lumpur,Malaysia,"Bandar Bukit Raja, Malaysia",3.0810644,101.4294626,0.823,3.078263,101.457981,2.913,3.08737,101.43339,0.0,3.085205055,101.4376917,0.535,3.089603,101.440599,0.839,,,,2.841124,101.820212,50.899,3.08737,101.43339,0.0,3.109906845,101.4133952,3.339,3.0852015,101.437697,0.535,3.496438,101.633354,50.398,3.0852015,101.437697,0.535,3.08520151,101.437697,0.535,3.0852015,101.437697,0.535,3.0852015,101.437697,0.535,3.087369919,101.4333878,0.0,3.0810644,101.4294626,0.823,3.0852015,101.437697,0.535,0.0,0.0,11289.603
11257324,Spinaceto,41.77861,12.44236,IT,Europe/Rome,Italy,"Spinaceto, Italy",41.7925332,12.4484999,1.628,41.7876705,12.446635,1.067,42.43524,12.77032,77.816,41.78767685,12.44663204,1.068,42.43524,12.77032,77.816,,,,41.77861,12.44236,0.0,,,,41.77861023,12.44235992,0.0,41.7876705,12.446635,1.067,41.743443,12.884635,36.986,41.7876705,12.446635,1.067,41.78767051,12.44663469,1.067,41.7876705,12.446635,1.067,41.7876705,12.446635,1.067,42.43524,12.77032,77.816,41.7925332,12.4484999,1.628,41.7876705,12.446635,1.067,41.78789,12.44529,1.059
6317055,Eldorado do Sul,-30.08389,-51.61611,BR,America/Sao_Paulo,Brazil,"Eldorado do Sul, Brazil",-29.9972887,-51.3081767,31.212,-29.9976311,-51.3063965,31.364,-30.026419,-51.366538,24.896,-29.99763491,-51.30639841,31.364,-30.026419,-51.366538,24.896,-29.9984639,-51.3091977,31.078,,,,-30.08389,-51.61611,0.0,-29.9976311,-51.3063965,31.364,-29.9976311,-51.3063965,31.364,-29.997314,-51.308163,31.213,-29.9976311,-51.3063965,31.364,-29.99763109,-51.30639676,31.364,-29.9976311,-51.3063965,31.364,-29.9976311,-51.3063965,31.364,-30.026419,-51.366538,24.896,-29.9972887,-51.3081767,31.212,-29.9976311,-51.3063965,31.364,-30.04228,-51.42399,19.091
293100,Safed,32.96465,35.496,IL,Asia/Jerusalem,Israel,"Safed, Israel",32.96465,35.496,0.0,32.9646301,35.502451,0.603,32.96564,35.50049,0.434,32.9646354,35.50245582,0.604,32.96564,35.50049,0.434,33.2074733,35.5707828,27.821,32.96465,35.496,0.0,32.96465,35.496,0.0,32.9646492,35.49599838,0.0,32.9646301,35.502451,0.603,32.795,35.536323,19.189,32.9646301,35.502451,0.603,32.9646301,35.50245076,0.603,32.9646301,35.502451,0.603,32.9646301,35.502451,0.603,32.96564,35.50049,0.434,32.0699928,34.9183837,113.087,32.9707037,35.4996327,0.752,32.0882,34.82405,115.896
2809777,Wickede,51.53365,7.61636,DE,Europe/Berlin,Germany,"Wickede, Germany",51.49641,7.870363,18.113,51.5323341,7.6108916,0.407,51.493753,7.860606,17.527,51.53103844,7.618131248,0.315,51.493753,7.860606,17.527,51.49614454,7.869315489,18.049,51.498032,7.905163,20.436,51.4964,7.86587,17.809,51.49639893,7.865869999,17.809,51.5310343,7.6181331,0.316,51.4944,7.868324,18.028,51.5310343,7.6181331,0.316,51.53233428,7.610891461,0.407,51.5323341,7.6108916,0.407,51.4960475,7.8696034,18.071,51.493753,7.860606,17.527,51.4940638,7.8690585,18.087,51.5310343,7.6181331,0.316,51.49606,7.86936,18.054
6115355,Quinte West,44.18342,-77.56618,CA,America/Toronto,Canada,"Quinte West, Canada",44.178923,-77.585282,1.607,44.0988246,-77.5748551,9.425,44.18035,-77.578647,1.054,44.09882723,-77.57485127,9.425,44.18035,-77.578647,1.054,44.1766476,-77.58167996,1.45,,,,44.18342,-77.56618,0.0,44.18341827,-77.56617737,0.0,44.0988246,-77.5748551,9.425,44.06106,-77.67471,16.134,44.0988246,-77.5748551,9.425,44.09882477,-77.57485516,9.425,44.0988246,-77.5748551,9.425,44.0988246,-77.5748551,9.425,44.18035,-77.578647,1.054,44.040411,-77.658187,17.514,44.0988246,-77.5748551,9.425,44.14025,-77.57764,4.884
6713355,Subulussalam,2.662,97.8827,ID,Asia/Jakarta,Indonesia,"Subulussalam, Indonesia",2.6417784,98.0081704,14.13,2.6403146,98.0052459,13.837,2.636287,98.010016,14.44,2.640314326,98.00524161,13.836,2.636287,98.010016,14.44,2.6403146,98.0052459,13.837,2.662,97.8827,0.0,2.662,97.8827,0.0,2.642299891,98.00409698,13.674,2.6403146,98.0052459,13.837,2.643674,98.00435,13.679,2.6403146,98.0052459,13.837,2.792634587,97.90161811,14.598,2.6403146,98.0052459,13.837,2.6403146,98.0052459,13.837,2.636287,98.010016,14.44,2.6417784,98.0081704,14.13,2.6403146,98.0052459,13.837,2.64173,98.00993,14.325
5937615,Delta,49.14399,-122.9068,CA,America/Vancouver,Canada,"Delta, Canada",49.08957577,-123.057303,12.543,49.0846258,-123.057938,12.858,49.077483,-123.001417,10.121,49.08462804,-123.057932,12.858,49.077483,-123.001417,10.121,49.0846258,-123.0579384,12.858,,,,49.14399,-122.9068,0.0,49.14398956,-122.9067993,0.0,49.0846258,-123.057938,12.858,49.085167,-123.056625,12.745,49.0846258,-123.057938,12.858,49.08462595,-123.0579381,12.858,49.0846258,-123.057938,12.858,49.0846258,-123.057938,12.858,49.077483,-123.001417,10.121,49.0902099,-123.0652716,13.023,49.0846258,-123.057938,12.858,49.10306,-122.988,7.473
1818845,Sheung Shui,22.51667,114.11667,HK,Asia/Hong_Kong,Hong Kong,"Sheung Shui, Hong Kong",22.50439104,114.1270168,1.727,22.51667,114.11667,0.0,22.381131,114.135572,15.135,22.50141369,114.1287019,2.094,22.381131,114.135572,15.135,22.3353694,114.1624086,20.621,22.51667,114.11667,0.0,22.51667,114.11667,0.0,22.51667023,114.1166687,0.0,22.5014146,114.1287033,2.094,22.548429,114.21875,11.074,22.5014146,114.1287033,2.094,22.50141471,114.128703,2.094,22.5014146,114.1287033,2.094,22.5014146,114.1287033,2.094,22.381131,114.135572,15.135,22.507723,114.1271248,1.462,22.5014146,114.1287033,2.094,22.50405,114.12777,1.805
6822173,Inabe,35.11344,136.57205,JP,Asia/Tokyo,Japan,"Inabe, Japan",35.15850392,136.516635,7.106,35.1584088,136.5166632,7.097,35.186988,136.456203,13.342,35.15840576,136.5166622,7.097,35.186988,136.456203,13.342,35.16064915,136.5078672,7.852,35.11344,136.57205,0.0,35.16061,136.50788,7.848,35.11344147,136.572052,0.0,35.1584088,136.5166632,7.097,35.160213,136.50702,7.877,35.1584088,136.5166632,7.097,35.15840894,136.5166631,7.097,35.1584088,136.5166632,7.097,35.1584088,136.5166632,7.097,35.186988,136.456203,13.342,35.8419128,137.9615555,149.779,35.1584088,136.5166632,7.097,35.11398,136.5417,2.767
2014624,Udachny,66.42989,112.4021,RU,Asia/Yakutsk,Russia,"Udachny, Russia",66.4056446,112.3096552,4.935,66.411768,112.2517294,7.012,66.42989,112.4021,0.0,66.42910811,112.4021842,0.087,66.42989,112.4021,0.0,66.411768,112.2517294,7.012,66.42989,112.4021,0.0,66.42989,112.4021,0.0,66.42989349,112.4020996,0.0,66.411768,112.2517294,7.012,66.41273,112.25544,6.823,66.411768,112.2517294,7.012,66.41176805,112.2517294,7.012,66.411768,112.2517294,7.012,66.411768,112.2517294,7.012,66.42989,112.4021,0.0,66.4056446,112.3096552,4.935,66.411768,112.2517294,7.012,0.0,0.0,10982.863
99169,Khalis,33.80809,44.53343,IQ,Asia/Baghdad,Iraq,"Khalis, Iraq",33.80809,44.53343,0.0,33.8565767,44.5166811,5.597,33.847765,44.518337,4.617,34.07800558,44.65229732,31.892,33.847765,44.518337,4.617,33.8535469,44.5300565,5.052,33.80809,44.53343,0.0,34.0,44.6,22.159,33.80809021,44.53342819,0.0,34.078002,44.6522924,31.892,33.856577,44.516681,5.597,34.078002,44.6522924,31.892,33.85657673,44.51668102,5.597,34.078002,44.6522924,31.892,34.078002,44.6522924,31.892,33.847765,44.518337,4.617,34.0445536,44.5354934,26.229,34.078002,44.6522924,31.892,33.80639,44.50965,2.21
6822195,Susono,35.17388,138.90691,JP,Asia/Tokyo,Japan,"Susono, Japan",35.17389252,138.9067479,0.015,35.1738739,138.9068006,0.01,35.290469,138.779297,17.386,35.17387576,138.9068023,0.01,35.290469,138.779297,17.386,,,,35.17388,138.90691,0.0,35.17388,138.90691,0.0,35.17388153,138.9069061,0.0,35.1738739,138.9068006,0.01,35.220802,138.88452,5.591,35.1738739,138.9068006,0.01,35.17387409,138.9068004,0.01,35.1738739,138.9068006,0.01,35.1738739,138.9068006,0.01,35.290469,138.779297,17.386,35.6869628,139.7494616,95.363,35.1739006,138.9067754,0.012,35.19368,138.90283,2.228
285603,Janub as Surrah,29.26917,47.97806,KW,Asia/Kuwait,Kuwait,"Janub as Surrah, Kuwait",29.26917,47.97806,0.0,29.26917,47.97806,0.0,29.42198,47.329435,65.227,,,,29.329477,47.945901,7.379,,,,29.27528,47.99,1.344,29.26917,47.97806,0.0,29.26917076,47.97806168,0.0,29.42198,47.329435,65.227,29.313065,48.0058,5.562,,,,29.31377748,48.00736177,5.705,29.26917,47.97806,0.0,,,,29.329477,47.945901,7.379,29.0861981,48.0738136,22.317,29.3144991,48.0069616,5.756,29.27717,47.96988,1.191
7259265,Fort Leonard Wood,37.70573,-92.15717,US,America/Chicago,United States,"Fort Leonard Wood, United States",37.716853,-92.142675,1.777,37.70114,-92.1693303,1.187,37.756534,-92.127361,6.221,37.76776162,-92.11215015,7.947,37.756534,-92.127361,6.221,,,,37.773735,-92.121913,8.163,37.82463,-92.20766,13.927,37.70573044,-92.15717316,0.0,37.70114,-92.1693303,1.187,37.746521,-92.121509,5.512,37.70114,-92.1693303,1.187,37.76316162,-92.12164697,7.102,37.70114,-92.1693303,1.187,37.70114,-92.1693303,1.187,37.756534,-92.127361,6.221,37.716853,-92.142675,1.777,37.70114,-92.1693303,1.187,37.76299,-92.12127,7.1
182880,Nyamira,-0.56333,34.93583,KE,Africa/Nairobi,Kenya,"Nyamira, Kenya",-0.64062624,34.96738795,9.241,-0.566595,34.9357117,0.361,-0.657474,34.965658,10.927,-0.651791068,34.93416572,9.783,-0.657474,34.965658,10.927,-0.708424319,34.86474007,17.889,-0.56333,34.93583,0.0,-0.75,35.0,21.842,-0.643127918,34.96470627,9.391,-0.6517907,34.934167,9.783,-0.520844,34.91312,5.335,-0.6517907,34.934167,9.783,-0.566594679,34.9357114,0.361,-0.6517907,34.934167,9.783,-0.6517907,34.934167,9.783,-0.657474,34.965658,10.927,-0.5302602,35.0272085,10.809,-0.6517907,34.934167,9.783,-0.61973,34.97418,7.558
1624725,Tarakan,3.31332,117.59152,ID,Asia/Makassar,Indonesia,"Tarakan, Indonesia",3.309142,117.58397,0.958,3.3000169,117.6330159,4.841,3.295864,117.601967,2.253,3.300015407,117.6330119,4.84,3.295864,117.601967,2.253,3.359408113,117.5995092,5.173,3.31332,117.59152,0.0,3.31332,117.59152,0.0,3.313319921,117.5915222,0.0,3.3000169,117.6330159,4.841,3.300017,117.63302,4.841,3.3000169,117.6330159,4.841,3.300017169,117.6330158,4.841,3.3000169,117.6330159,4.841,3.3000169,117.6330159,4.841,3.295864,117.601967,2.253,3.309142,117.58397,0.958,3.3000169,117.6330159,4.841,3.35324,117.56078,5.582
482283,Tolyatti,53.5303,49.3461,RU,Europe/Samara,Russia,"Tolyatti, Russia",53.5085801,49.41915,5.415,53.5098845,49.4189187,5.338,53.527479,49.272471,4.893,53.53087788,49.34680881,0.08,53.527479,49.272471,4.893,53.51495,49.407574,4.421,53.5303,49.3461,0.0,53.5303,49.3461,0.0,53.53030014,49.34609985,0.0,53.5098845,49.4189187,5.338,53.51387,49.410442,4.643,53.5098845,49.4189187,5.338,53.50988464,49.41891856,5.338,53.5098845,49.4189187,5.338,53.5098845,49.4189187,5.338,53.527479,49.272471,4.893,53.5085801,49.41915,5.415,53.5098845,49.4189187,5.338,0.0,0.0,7464.319
72968,Ma'rib,15.46253,45.32581,YE,Asia/Aden,Yemen,"Ma'rib, Yemen",15.4769914,45.3347547,1.866,15.5986243,45.2598934,16.637,15.46253,45.32581,0.0,15.45787253,45.32302743,0.596,15.46253,45.32581,0.0,15.5986243,45.2598934,16.637,,,,15.4591,45.32534,0.383,15.49292571,45.51562987,20.645,15.4578788,45.3230242,0.595,15.471915,45.366933,4.534,15.4578788,45.3230242,0.595,15.41566923,45.30341785,5.715,15.4578788,45.3230242,0.595,15.4578788,45.3230242,0.595,15.688846,45.839969,60.567,15.4769914,45.3347547,1.866,15.5986243,45.2598934,16.637,15.35843,45.3833,13.068
3662762,Porto Velho,-8.76194,-63.90389,BR,America/Porto_Velho,Brazil,"Porto Velho, Brazil",-8.7610724,-63.8859771,1.973,-8.7494525,-63.8735438,3.613,-8.767546,-63.873493,3.402,-8.749451434,-63.87354105,3.614,-8.767546,-63.873493,3.402,-10.7804239,-65.3327825,272.797,-8.886134,-64.108318,26.352,-8.76194,-63.90389,0.0,-8.761940002,-63.9038887,0.0,-8.7494525,-63.8735438,3.613,-8.749078,-63.871857,3.801,-8.7494525,-63.8735438,3.613,-8.749452321,-63.87354411,3.613,-8.7494525,-63.8735438,3.613,-8.7494525,-63.8735438,3.613,-8.767546,-63.873493,3.402,-8.7610724,-63.8859771,1.973,-8.7494525,-63.8735438,3.613,-8.79555,-63.89487,3.847
605155,Kiruna,67.85572,20.22513,SE,Europe/Stockholm,Sweden,"Kiruna, Sweden",68.1615149,20.71581917,39.801,67.8496111,20.30625,3.481,67.8465,20.259791,1.785,67.84961111,20.30625333,3.482,67.8465,20.259791,1.785,68.16969225,20.70883193,40.436,67.85572,20.22513,0.0,67.85572,20.22513,0.0,67.85572052,20.22513008,0.0,67.8496111,20.30625,3.481,67.84812,20.307302,3.561,67.8496111,20.30625,3.481,67.84961119,20.30624975,3.481,67.8496111,20.30625,3.481,67.8496111,20.30625,3.481,67.8465,20.259791,1.785,67.8557368,20.2252312,0.005,67.8496111,20.30625,3.481,67.85276,20.24924,1.067
1803834,Liaocheng,36.45064,116.00247,CN,Asia/Shanghai,China,"Liaocheng, China",36.45064,116.00247,0.0,36.4441808,115.9642007,3.505,36.458172,115.995513,1.043,36.44418597,115.9642019,3.505,36.458172,115.995513,1.043,36.4441808,115.9642007,3.505,36.45596,115.97766,2.301,36.45064,116.00247,0.0,36.45064163,116.0024719,0.0,36.4441808,115.9642007,3.505,36.444168,115.96377,3.543,36.4441808,115.9642007,3.505,36.44418081,115.9642007,3.505,36.4441808,115.9642007,3.505,36.4441808,115.9642007,3.505,36.458172,115.995513,1.043,36.4461657,115.9802208,2.056,36.4441808,115.9642007,3.505,36.44604,115.98267,1.847
495112,Shebekino,50.41342,36.92537,RU,Europe/Moscow,Russia,"Shebekino, Russia",50.41389,36.89471,2.18,50.4049335,36.8796822,3.382,,,,50.41382583,36.9256046,0.048,50.416419,36.921266,0.443,,,,50.40967,36.9136,0.935,50.41342,36.92537,0.0,50.40967178,36.91360092,0.935,50.4049335,36.8796822,3.382,50.40529,36.87921,3.404,50.4049335,36.8796822,3.382,50.40493364,36.87968194,3.382,50.4049335,36.8796822,3.382,50.4049335,36.8796822,3.382,50.416419,36.921266,0.443,50.41389,36.89471,2.18,50.4049335,36.8796822,3.382,0.0,0.0,6589.391
4363990,North Potomac,39.08289,-77.26498,US,America/New_York,United States,"North Potomac, United States",39.112985,-77.252857,3.502,39.0980055,-77.2368904,2.953,39.096564,-77.247636,2.135,39.09851641,-77.23774127,2.926,39.096564,-77.247636,2.135,39.09552471,-77.23737157,2.77,39.096526,-77.236141,2.918,39.01817,-77.20859,8.686,39.0181694,-77.20858765,8.686,39.0985183,-77.2377429,2.926,39.101337,-77.234497,3.339,39.0985183,-77.2377429,2.926,39.09800551,-77.23689046,2.953,39.0980055,-77.2368904,2.953,39.0985183,-77.2377429,2.926,39.096564,-77.247636,2.135,39.112985,-77.252857,3.502,39.0985183,-77.2377429,2.926,0.0,0.0,8913.654
1792892,Tianshui,34.57952,105.74238,CN,Asia/Shanghai,China,"Tianshui, China",34.57952,105.74238,0.0,34.5797531,105.7062921,3.311,34.57952,105.74238,0.0,34.65388568,105.8003817,9.816,34.57952,105.74238,0.0,34.64910117,105.7365739,7.737,,,,34.57952,105.74238,0.0,34.57952118,105.7423782,0.0,34.6538841,105.8003895,9.816,34.579803,105.70641,3.3,34.6538841,105.8003895,9.816,34.65388437,105.8003894,9.816,34.6538841,105.8003895,9.816,34.6538841,105.8003895,9.816,34.57952,105.74238,0.0,34.5814905,105.7198334,2.08,34.6538841,105.8003895,9.816,34.57412,105.72628,1.594
1529195,Shihezi,44.3023,86.03694,CN,Asia/Urumqi,China,"Shihezi, China",44.3023,86.03694,0.0,44.3017013,86.0775574,3.242,44.3,86.03333,0.385,44.29883726,86.07764141,3.271,44.3,86.03333,0.385,44.3017013,86.0775574,3.242,44.3023,86.03694,0.0,44.3023,86.03694,0.0,44.3022995,86.03694153,0.0,44.2988343,86.0776475,3.271,44.302113,86.07638,3.147,44.3017013,86.0775574,3.242,44.30170148,86.07755732,3.242,44.3017013,86.0775574,3.242,44.3017013,86.0775574,3.242,44.3,86.03333,0.385,44.2999691,86.029932,0.616,44.3017013,86.0775574,3.242,44.29071,86.06395,2.511
6573901,Uiwang,37.36528,126.94778,KR,Asia/Seoul,South Korea,"Uiwang, South Korea",37.36528,126.94778,0.0,37.3449082,126.9689861,2.94,37.367773,126.992184,3.943,37.34490612,126.9689821,2.94,37.367773,126.992184,3.943,37.3449082,126.9689861,2.94,37.36528,126.94778,0.0,37.36528,126.94778,0.0,37.36528015,126.9477768,0.0,37.3449082,126.9689861,2.94,37.345135,126.970436,3.005,37.3449082,126.9689861,2.94,37.34490826,126.9689861,2.94,37.3449082,126.9689861,2.94,37.3449082,126.9689861,2.94,37.367773,126.992184,3.943,37.568295,126.9977851,22.962,37.3449082,126.9689861,2.94,37.35961,126.97427,2.43
1736458,Kudat,6.88732,116.82364,MY,Asia/Kuching,Malaysia,"Kudat, Malaysia",6.8862809,116.8537979,3.335,6.8824598,116.8494435,2.902,6.903964,116.84469,2.967,7.231641185,117.1711519,54.075,6.903964,116.84469,2.967,6.882479799,116.851085,3.08,,,,6.91667,116.83333,3.418,6.887320042,116.8236389,0.0,7.2316455,117.1711562,54.075,6.88075,116.849655,2.966,7.2316455,117.1711562,54.075,6.882460059,116.8494433,2.902,7.2316455,117.1711562,54.075,7.2316455,117.1711562,54.075,6.903964,116.84469,2.967,6.8862809,116.8537979,3.335,7.2316455,117.1711562,54.075,6.90664,116.83886,2.719
6822102,Hitachiomiya,36.56447,140.40269,JP,Asia/Tokyo,Japan,"Hitachiomiya, Japan",36.54248096,140.4110086,2.551,36.5429197,140.4116172,2.521,36.575413,140.339782,5.76,36.54291599,140.4116123,2.522,36.575413,140.339782,5.76,36.6635114,140.3071442,13.923,36.56447,140.40269,0.0,36.61371,140.3399,7.838,36.5429197,140.4116172,2.521,36.5429197,140.4116172,2.521,36.540245,140.41144,2.8,36.5429197,140.4116172,2.521,36.54291981,140.4116172,2.521,36.5429197,140.4116172,2.521,36.5429197,140.4116172,2.521,,,,35.6869628,139.7494616,113.748,36.5429197,140.4116172,2.521,36.56878,140.38506,1.649
2346812,Bonny,4.4516,7.17074,NG,Africa/Lagos,Nigeria,"Bonny, Nigeria",4.4338383,7.1782062,2.132,4.4340554,7.1754202,2.008,4.413328,7.164962,4.28,4.505787382,7.20346118,7.007,4.413328,7.164962,4.28,4.444044579,7.234737504,7.152,4.421231,7.214407,5.896,4.43963,7.23287,7.022,4.451600075,7.170740128,0.0,4.505781,7.203466,7.006,4.427325,7.176526,2.76,4.505781,7.203466,7.006,4.434055705,7.175420076,2.008,4.505781,7.203466,7.006,4.505781,7.203466,7.006,4.413328,7.164962,4.28,4.4338383,7.1782062,2.132,4.505781,7.203466,7.006,4.44751,7.25758,9.649
2172434,Capalaba,-27.54333,153.20287,AU,Australia/Brisbane,Australia,"Capalaba, Australia",-27.52849981,153.195145,1.812,-27.522037,153.1918063,2.6,-27.532079,153.189961,1.783,-27.52203451,153.1918025,2.601,-27.532079,153.189961,1.783,,,,,,,-27.54333,153.20287,0.0,-27.54332924,153.2028656,0.0,-27.522037,153.1918063,2.6,-27.52147,153.19017,2.728,-27.522037,153.1918063,2.6,-27.54336216,153.2028925,0.004,-27.522037,153.1918063,2.6,-27.522037,153.1918063,2.6,-27.532079,153.189961,1.783,-27.5223491,153.1913229,2.59,-27.522037,153.1918063,2.6,-27.53829,153.20234,0.561
338404,Durame,7.23333,37.88333,ET,Africa/Addis_Ababa,Ethiopia,"Durame, Ethiopia",7.2426602,37.9011148,2.219,7.2438769,37.9049922,2.662,7.23333,37.88333,0.0,7.243871187,37.90499621,2.662,7.23333,37.88333,0.0,7.243876899,37.9049922,2.662,7.23333,37.88333,0.0,7.23333,37.88333,0.0,7.233329773,37.8833313,0.0,7.2438769,37.9049922,2.662,7.243877,37.904992,2.662,7.2438769,37.9049922,2.662,7.243877025,37.90499188,2.662,7.2438769,37.9049922,2.662,7.2438769,37.9049922,2.662,7.23333,37.88333,0.0,7.2426602,37.9011148,2.219,7.2438769,37.9049922,2.662,0.0,0.0,4281.044
1907309,Miura,35.14,139.61917,JP,Asia/Tokyo,Japan,"Miura, Japan",35.14421382,139.620761,0.489,35.1441984,139.6207589,0.488,35.162985,139.633827,2.879,35.14419576,139.6207523,0.487,35.162985,139.633827,2.879,35.08443589,139.5645478,7.924,35.14,139.61917,0.0,35.14,139.61917,0.0,35.13999939,139.6191711,0.0,35.1441984,139.6207589,0.488,35.1553,139.64165,2.66,35.1441984,139.6207589,0.488,35.14419842,139.6207588,0.488,35.1441984,139.6207589,0.488,35.1441984,139.6207589,0.488,35.162985,139.633827,2.879,35.143859,139.6200256,0.435,35.1441984,139.6207589,0.488,35.1821,139.63129,4.799
1790630,Xi'an,34.25833,108.92861,CN,Asia/Shanghai,China,"Xi'an, China",34.25833,108.92861,0.0,34.261004,108.9423363,1.299,34.234808,108.944699,3.001,34.26100561,108.9423318,1.298,34.234808,108.944699,3.001,34.64992134,109.2605585,53.079,34.242373,108.927218,1.775,34.25833,108.92861,0.0,34.2583313,108.9286118,0.0,34.261004,108.9423363,1.299,34.261143,108.95584,2.527,34.261004,108.9423363,1.299,34.2610042,108.9423361,1.299,34.261004,108.9423363,1.299,34.261004,108.9423363,1.299,34.234808,108.944699,3.001,34.2694238,108.9061673,2.406,34.261004,108.9423363,1.299,34.25029,108.92853,0.892
1648473,Bogor,-6.59444,106.78917,ID,Asia/Jakarta,Indonesia,"Bogor, Indonesia",-6.59444,106.78917,0.0,-6.5963564,106.7973188,0.926,-6.408106,106.583521,30.692,-6.596291081,106.7972417,0.916,-6.408106,106.583521,30.692,-6.5962986,106.7972421,0.916,-6.59444,106.78917,0.0,-6.59444,106.78917,0.0,-6.594439983,106.7891693,0.0,-6.5963564,106.7973188,0.926,-6.608808,106.80683,2.518,-6.5962986,106.7972421,0.916,-6.596356321,106.7973185,0.926,-6.5963564,106.7973188,0.926,-6.5963564,106.7973188,0.926,-6.408106,106.583521,30.692,-6.5971222,106.7952225,0.732,-6.5963564,106.7973188,0.926,-6.55704,106.81686,5.146
1252822,Yadgir,16.77007,77.13755,IN,Asia/Kolkata,India,"Yadgir, India",16.7446,77.1297,2.94,16.758374,77.141302,1.355,16.758374,77.141302,1.355,16.57441272,76.92544126,31.317,16.758374,77.141302,1.355,16.7446491,77.1297018,2.935,16.755683,77.132582,1.678,16.77007,77.13755,0.0,16.77006912,77.13755035,0.0,16.5744123,76.9254434,31.317,16.748774,77.13082,2.464,16.5744123,76.9254434,31.317,16.76335729,77.13849932,0.75,16.5744123,76.9254434,31.317,16.5744123,76.9254434,31.317,16.758374,77.141302,1.355,16.7446,77.1297,2.94,16.5744123,76.9254434,31.317,16.76154,77.13686,0.947
156111,Kyela,-9.58333,33.85,TZ,Africa/Dar_es_Salaam,Tanzania,"Kyela, Tanzania",-9.535014568,33.87369507,5.943,-9.5905693,33.8698055,2.317,-9.58333,33.85,0.0,-9.544571564,33.82107554,5.335,-9.58333,33.85,0.0,-9.504247589,33.95532989,14.499,-9.58333,33.85,0.0,-9.58333,33.85,0.0,-9.583330154,33.84999847,0.0,-9.5445786,33.8210736,5.334,-9.592291,33.869935,2.402,-9.5445786,33.8210736,5.334,-9.580289376,33.77706651,8.013,-9.5445786,33.8210736,5.334,-9.5445786,33.8210736,5.334,-9.58333,33.85,0.0,-9.5848,33.8621473,1.343,-9.5445786,33.8210736,5.334,-9.56964,33.88396,4.024
380174,Ad-Damazin,11.7891,34.3592,SD,Africa/Khartoum,Sudan,"Ad-Damazin, Sudan",11.7891,34.3592,0.0,11.8073636,34.3656298,2.138,11.7891,34.3592,0.0,11.80736193,34.36562563,2.138,11.7891,34.3592,0.0,11.9566972,34.122894,31.727,11.7891,34.3592,0.0,11.7891,34.3592,0.0,11.8073636,34.3656298,2.138,11.7897923,34.359864,0.105,11.807364,34.36563,2.138,11.8073636,34.3656298,2.138,11.80736384,34.36562967,2.138,11.7897923,34.359864,0.105,11.7897923,34.359864,0.105,11.7891,34.3592,0.0,11.7953919,34.3499012,1.229,11.8073636,34.3656298,2.138,11.78523,34.33295,2.893
1897000,Seongnam-si,37.43861,127.13778,KR,Asia/Seoul,South Korea,"Seongnam-si, South Korea",37.43861,127.13778,0.0,37.4201556,127.1262092,2.29,37.393565,127.110205,5.563,37.42015613,127.1262021,2.29,37.393565,127.110205,5.563,37.40730642,127.1161793,3.966,37.43861,127.13778,0.0,37.43861,127.13778,0.0,37.43861008,127.1377792,0.0,37.4201556,127.1262092,2.29,37.42158,127.12873,2.053,37.4201556,127.1262092,2.29,37.42015584,127.1262091,2.29,37.4201556,127.1262092,2.29,37.4201556,127.1262092,2.29,37.393565,127.110205,5.563,37.440557,127.1358319,0.276,37.4156914,127.0986922,4.294,37.4463,127.12708,1.275
744562,Karabuek,41.20488,32.62768,TR,Europe/Istanbul,Turkey,"Karabuek, Turkey",41.195756,32.621713,1.13,41.1955402,32.6231154,1.106,41.20488,32.62768,0.0,41.19554675,32.62311534,1.105,41.20488,32.62768,0.0,,,,,,,41.20488,32.62768,0.0,41.20487976,32.62768173,0.0,41.1955402,32.6231154,1.106,41.18685,32.62232,2.052,41.1955402,32.6231154,1.106,41.19554025,32.62311514,1.106,41.1955402,32.6231154,1.106,41.1955402,32.6231154,1.106,41.20488,32.62768,0.0,41.195756,32.621713,1.13,41.1110349,32.6193901,10.445,0.0,0.0,5623.608
1496511,Novyy Urengoy,66.08333,76.63333,RU,Asia/Yekaterinburg,Russia,"Novyy Urengoy, Russia",66.0882427,76.692629,2.739,66.08333,76.63333,0.0,66.08333,76.63333,0.0,66.08310811,76.63312513,0.026,66.08333,76.63333,0.0,66.085196,76.6799167,2.119,66.08333,76.63333,0.0,66.08333,76.63333,0.0,66.08332825,76.6333313,0.0,66.08333,76.63333,0.0,66.083694,76.67801,2.022,,,,66.08140564,76.78076754,6.676,66.08333,76.63333,0.0,,,,66.08333,76.63333,0.0,66.0882427,76.692629,2.739,66.085196,76.6799167,2.119,0.0,0.0,9404.278
933305,Molepolole,-24.40659,25.49508,BW,Africa/Gaborone,Botswana,"Molepolole, Botswana",-24.4086774,25.5097878,1.51,-24.4058025,25.5151645,2.039,-24.40659,25.49508,0.0,-24.405804,25.51516418,2.039,-24.40659,25.49508,0.0,-24.4058025,25.5151645,2.039,-24.410602,25.503317,0.946,-24.40659,25.49508,0.0,-24.40658951,25.49508095,0.0,-24.4058025,25.5151645,2.039,-24.405977,25.514753,1.997,-24.4058025,25.5151645,2.039,-24.40580247,25.51516436,2.039,-24.4058025,25.5151645,2.039,-24.4058025,25.5151645,2.039,-24.40659,25.49508,0.0,-24.4086774,25.5097878,1.51,-24.4058025,25.5151645,2.039,-24.40446,25.52857,3.405
1259286,Pugalur,11.07401,78.02095,IN,Asia/Kolkata,India,"Pugalur, India",11.07401,78.02095,0.0,11.076244,78.0040454,1.863,11.07401,78.02095,0.0,11.07624181,78.00404128,1.864,11.07401,78.02095,0.0,11.0816362,78.00347655,2.087,11.069814,78.019173,0.503,11.07401,78.02095,0.0,11.0740099,78.02095032,0.0,11.076244,78.0040454,1.863,11.074626,78.002686,1.997,11.076244,78.0040454,1.863,11.0762442,78.00404515,1.863,11.076244,78.0040454,1.863,11.076244,78.0040454,1.863,11.07401,78.02095,0.0,11.0819535,78.016838,0.987,11.076244,78.0040454,1.863,11.07,78.00909,1.37
3013403,Herouville-Saint-Clair,49.21088,-0.30653,FR,Europe/Paris,France,"Herouville-Saint-Clair, France",49.20347081,-0.333827516,2.153,49.2031097,-0.3353513,2.271,49.201635,-0.329574,1.969,49.20310806,-0.335355494,2.271,49.201635,-0.329574,1.969,49.21043922,-0.334814124,2.061,49.21088,-0.30653,0.0,49.21088,-0.30653,0.0,49.2031097,-0.3353513,2.271,49.2031097,-0.3353513,2.271,49.202988,-0.331138,1.996,49.2031097,-0.3353513,2.271,49.20310977,-0.335351564,2.271,49.2031097,-0.3353513,2.271,49.2031097,-0.3353513,2.271,49.201635,-0.329574,1.969,49.20376,-0.3285768,1.791,49.2031097,-0.3353513,2.271,49.20411,-0.32947,1.833
6082231,Mount Pearl,47.51659,-52.78135,CA,America/St_Johns,Canada,"Mount Pearl, Canada",47.518659,-52.805789,1.855,47.5239607,-52.811664,2.426,47.51659,-52.78135,0.0,47.52396779,-52.81166865,2.426,47.51659,-52.78135,0.0,47.5251576,-52.8414473,4.625,47.51659,-52.78135,0.0,47.51951,-52.81234,2.357,47.51659012,-52.78134918,0.0,47.5239607,-52.811664,2.426,47.518806,-52.807438,1.98,47.5239607,-52.811664,2.426,47.52396071,-52.81166419,2.426,47.5239607,-52.811664,2.426,47.5239607,-52.811664,2.426,47.51659,-52.78135,0.0,47.507911,-52.820439,3.099,47.5239607,-52.811664,2.426,47.51819,-52.80779,1.999
3466255,Nova Xavantina,-14.66429,-52.35859,BR,America/Cuiaba,Brazil,"Nova Xavantina, Brazil",-14.66532,-52.3592163,0.132,-14.6794165,-52.351994,1.818,-14.648479,-52.364237,1.852,-14.67941241,-52.35199858,1.818,-14.648479,-52.364237,1.852,-14.6794165,-52.351994,1.818,-14.670299,-52.352365,0.944,-14.58752,-52.3258,9.2,-14.6794165,-52.351994,1.818,-14.6794165,-52.351994,1.818,-14.680463,-52.35091,1.971,-14.6794165,-52.351994,1.818,-14.67941639,-52.35199425,1.818,-14.6794165,-52.351994,1.818,-14.6794165,-52.351994,1.818,-14.648479,-52.364237,1.852,-14.66532,-52.3592163,0.132,-14.6794165,-52.351994,1.818,-14.65175,-52.3653,1.564
3933024,Paramonga,-10.66667,-77.83333,PE,America/Lima,Peru,"Paramonga, Peru",-10.6758443,-77.8166598,2.087,-10.6751894,-77.8185202,1.874,-10.66667,-77.83333,0.0,-10.67518175,-77.81852127,1.874,-10.66667,-77.83333,0.0,-10.4866931,-77.74207333,22.272,-10.664472,-77.821639,1.302,-10.66667,-77.83333,0.0,-10.66666985,-77.83332825,0.0,-10.6751894,-77.8185202,1.874,-10.674709,-77.817276,1.969,-10.6751894,-77.8185202,1.874,-10.67518915,-77.81852044,1.874,-10.5077023,-77.7512346,19.746,-10.5077023,-77.7512346,19.746,-10.66667,-77.83333,0.0,-10.6758443,-77.8166598,2.087,-10.5077023,-77.7512346,19.746,-10.57033,-77.77431,12.461
1580142,Hung Yen,20.64637,106.05112,VN,Asia/Bangkok,Vietnam,"Hung Yen, Vietnam",20.6544009,106.057307,1.098,20.65,106.06667,1.67,20.65,106.06667,1.67,20.60658338,106.2843417,24.704,20.65,106.06667,1.67,20.8193369,106.0314504,19.259,20.754043,106.030515,12.113,20.64637,106.05112,0.0,20.81463594,106.0604969,18.655,20.6065846,106.2843471,24.704,20.662567,106.058484,1.951,20.6065846,106.2843471,24.704,20.60658464,106.2843471,24.704,20.6065846,106.2843471,24.704,20.6065846,106.2843471,24.704,20.65,106.06667,1.67,20.618722,106.270774,23.097,20.6065846,106.2843471,24.704,0.0,0.0,11686.47
5173048,Steubenville,40.36979,-80.63396,US,America/New_York,United States,"Steubenville, United States",40.369896,-80.632082,0.16,40.3600714,-80.6151034,1.931,40.368202,-80.634108,0.177,40.36986666,-80.63413213,0.017,40.368202,-80.634108,0.177,40.3697905,-80.6339638,0.0,40.372211,-80.657516,2.019,,,,40.35673904,-80.59924316,3.286,40.3600714,-80.6151034,1.931,40.360003,-80.615103,1.936,40.3600714,-80.6151034,1.931,40.36543901,-80.65187164,1.596,40.3600714,-80.6151034,1.931,40.3600714,-80.6151034,1.931,40.368202,-80.634108,0.177,40.369896,-80.632082,0.16,40.3600714,-80.6151034,1.931,0.0,0.0,9217.652
1796134,Shangqiu,34.4143,115.65613,CN,Asia/Shanghai,China,"Shangqiu, China",34.45,115.65,4.0,34.4168215,115.6507447,0.569,34.408737,115.665859,1.087,34.41682564,115.6507419,0.569,34.408737,115.665859,1.087,34.36323558,115.9024511,23.35,34.45,115.65,4.0,34.45,115.65,4.0,34.45000076,115.6500015,4.0,34.4168215,115.6507447,0.569,34.431374,115.65207,1.93,34.4168215,115.6507447,0.569,34.41682168,115.6507447,0.569,34.4168215,115.6507447,0.569,34.4168215,115.6507447,0.569,34.408737,115.665859,1.087,34.4395294,115.6431541,3.042,34.4168215,115.6507447,0.569,34.41626,115.63529,1.928
3466165,Cidreira,-30.18111,-50.20556,BR,America/Sao_Paulo,Brazil,"Cidreira, Brazil",-30.1748355,-50.2075923,0.723,-30.1657063,-50.218331,2.105,-30.176336,-50.21983,1.473,-30.16570494,-50.21833823,2.105,-30.176336,-50.21983,1.473,-30.1657063,-50.218331,2.105,-30.179806,-50.208986,0.36,-30.09103,-50.26938,11.727,-30.1657063,-50.218331,2.105,-30.1657063,-50.218331,2.105,-30.166798,-50.21599,1.878,-30.1657063,-50.218331,2.105,-30.16570616,-50.21833118,2.105,-30.1657063,-50.218331,2.105,-30.1657063,-50.218331,2.105,-30.176336,-50.21983,1.473,-30.1748355,-50.2075923,0.723,-30.1657063,-50.218331,2.105,-30.18369,-50.21338,0.806
2027296,Aykhal,65.93381,111.4834,RU,Asia/Yakutsk,Russia,"Aykhal, Russia",65.9481552,111.4971155,1.717,65.9516363,111.4917562,2.024,66.0,111.5,7.419,65.93310811,111.4831822,0.079,66.0,111.5,7.419,65.9516363,111.4917562,2.024,65.93381,111.4834,0.0,65.93381,111.4834,0.0,65.93380737,111.4833984,0.0,65.9516363,111.4917562,2.024,65.95042,111.489,1.87,65.9516363,111.4917562,2.024,65.95163641,111.491756,2.024,65.9516363,111.4917562,2.024,65.9516363,111.4917562,2.024,66.0,111.5,7.419,65.9481552,111.4971155,1.717,65.9516363,111.4917562,2.024,0.0,0.0,10963.256
3526355,Juchitepec,19.10059,-98.8788,MX,America/Mexico_City,Mexico,"Juchitepec, Mexico",19.09359394,-98.90408244,2.771,19.100827,-98.8788452,0.027,19.100993,-98.880053,0.139,19.09908313,-98.90256162,2.506,19.100993,-98.880053,0.139,19.09360447,-98.90408309,2.771,19.10059,-98.8788,0.0,19.10223,-98.87914,0.185,19.10058975,-98.87879944,0.0,19.0990826,-98.9025676,2.507,19.117367,-98.87984,1.86,19.0990826,-98.9025676,2.507,19.09359804,-98.90407877,2.77,19.0990826,-98.9025676,2.507,19.0990826,-98.9025676,2.507,19.100993,-98.880053,0.139,19.1019967,-98.8842879,0.598,19.0990826,-98.9025676,2.507,19.09876,-98.87531,0.419
2704136,Huskvarna,57.78596,14.30214,SE,Europe/Stockholm,Sweden,"Huskvarna, Sweden",57.7903701,14.2744392,1.719,57.7918701,14.2739261,1.803,57.78596,14.30214,0.0,57.79187947,14.27392234,1.803,57.78596,14.30214,0.0,57.7918701,14.2739261,1.803,57.78596,14.30214,0.0,,,,57.78596115,14.30214024,0.0,57.7918701,14.2739261,1.803,57.790512,14.272683,1.824,57.7918701,14.2739261,1.803,57.79187017,14.2739258,1.803,57.7918701,14.2739261,1.803,57.7918701,14.2739261,1.803,57.78596,14.30214,0.0,57.7903701,14.2744392,1.719,57.7918701,14.2739261,1.803,57.79664,14.29066,1.372
2949012,Bietigheim-Bissingen,48.94407,9.11755,DE,Europe/Berlin,Germany,"Bietigheim-Bissingen, Germany",48.948358,9.132652,1.205,48.9493243,9.1364229,1.501,48.950239,9.137948,1.644,48.94932802,9.136421497,1.501,48.950239,9.137948,1.644,48.9502631,9.1383314,1.671,48.952332,9.123105,1.005,48.94407,9.11755,0.0,48.94406891,9.117549896,0.0,48.9493243,9.1364229,1.501,48.959497,9.125884,1.821,48.9493243,9.1364229,1.501,48.9493243,9.136422649,1.501,48.9493243,9.1364229,1.501,48.9493243,9.1364229,1.501,48.950239,9.137948,1.644,48.9569412,9.140978,2.235,48.9493243,9.1364229,1.501,48.951,9.12325,0.877
1253986,Udaipur,24.58584,73.71346,IN,Asia/Kolkata,India,"Udaipur, India",24.5761142,73.7005006,1.698,24.578721,73.6862571,2.866,24.591951,73.710029,0.761,24.57872403,73.68625121,2.866,24.591951,73.710029,0.761,24.578721,73.6862571,2.866,24.575404,73.693718,2.31,24.58584,73.71346,0.0,24.58584023,73.71346283,0.0,24.578721,73.6862571,2.866,24.58224,73.69663,1.751,24.578721,73.6862571,2.866,24.5787212,73.68625693,2.866,24.578721,73.6862571,2.866,24.578721,73.6862571,2.866,24.591951,73.710029,0.761,24.5761142,73.7005006,1.698,24.578721,73.6862571,2.866,24.53363,73.69084,6.221
3465228,Coxim,-18.50667,-54.76,BR,America/Campo_Grande,Brazil,"Coxim, Brazil",-18.5081893,-54.7588031,0.21,-18.504915,-54.7450251,1.593,-18.501585,-54.722716,3.977,-18.50491303,-54.74502897,1.593,-18.501585,-54.722716,3.977,-18.504915,-54.7450251,1.593,-18.499588,-54.742148,2.042,-18.21262,-54.71695,32.863,-18.504915,-54.7450251,1.593,-18.504915,-54.7450251,1.593,-18.504087,-54.74365,1.75,-18.504915,-54.7450251,1.593,-18.50491491,-54.74502526,1.593,-18.504915,-54.7450251,1.593,-18.504915,-54.7450251,1.593,-18.501585,-54.722716,3.977,-18.5081893,-54.7588031,0.21,-18.504915,-54.7450251,1.593,-18.50401,-54.7399,2.143
688148,Yenakiyeve,48.23857,38.20403,UA,Europe/Kyiv,Ukraine,"Yenakiyeve, Ukraine",48.258797,38.18995,2.48,48.1795653,38.2018661,6.563,48.233498,38.20288,0.57,48.17956789,38.20186626,6.563,48.233498,38.20288,0.57,48.1795653,38.2018661,6.563,48.23331,38.21137,0.8,48.23857,38.20403,0.0,48.2333107,38.21136856,0.799,48.1795653,38.2018661,6.563,48.23023,38.18441,1.728,48.1795653,38.2018661,6.563,48.23345931,38.21525971,1.009,48.1795653,38.2018661,6.563,48.1795653,38.2018661,6.563,48.233498,38.20288,0.57,48.258797,38.18995,2.48,48.1795653,38.2018661,6.563,48.26074,38.21715,2.651
1849498,Ube,33.94306,131.25111,JP,Asia/Tokyo,Japan,"Ube, Japan",33.95180887,131.2473236,1.032,33.9518498,131.2472243,1.039,33.94306,131.25111,0.0,33.95184556,131.2472222,1.039,33.94306,131.25111,0.0,33.9516458,131.2468368,1.031,33.94306,131.25111,0.0,33.94306,131.25111,0.0,33.94306183,131.2511139,0.0,33.9518498,131.2472243,1.039,33.95561,131.24065,1.695,33.9518498,131.2472243,1.039,33.95185008,131.2472241,1.039,33.9518498,131.2472243,1.039,33.9518498,131.2472243,1.039,33.94306,131.25111,0.0,33.9527405,131.2470093,1.139,33.9518498,131.2472243,1.039,33.98803,131.26104,5.072
2642096,Mountsorrel,52.71667,-1.15,GB,Europe/London,United Kingdom,"Mountsorrel, United Kingdom",52.72709281,-1.137156712,1.449,52.7301363,-1.1434981,1.562,52.726067,-1.148281,1.052,52.73013864,-1.143491874,1.562,52.726067,-1.148281,1.052,54.7023545,-3.2765753,261.815,52.732738,-1.144849,1.822,52.71667,-1.15,0.0,52.71667099,-1.149999976,0.0,52.7301363,-1.1434981,1.562,52.73059,-1.140609,1.674,52.7301363,-1.1434981,1.562,52.73228599,-1.142715923,1.806,52.7301363,-1.1434981,1.562,52.7301363,-1.1434981,1.562,52.726067,-1.148281,1.052,52.7187035,-1.1397682,0.727,52.7301363,-1.1434981,1.562,52.72224,-1.13842,0.998
289915,Al Wakrah,25.17151,51.60337,QA,Asia/Qatar,Qatar,"Al Wakrah, Qatar",25.1535159,51.5940875,2.202,25.1566623,51.6013212,1.658,25.118582,51.595812,5.912,25.15666412,51.60132845,1.657,25.118582,51.595812,5.912,25.0044465,51.5346919,19.761,25.17151,51.60337,0.0,25.17151,51.60337,0.0,25.1715107,51.60337067,0.0,25.0037453,51.4103338,26.918,25.156662,51.601321,1.658,25.1566623,51.6013212,1.658,25.00374543,51.4103337,26.918,25.0037453,51.4103338,26.918,25.0037453,51.4103338,26.918,25.118582,51.595812,5.912,25.1535159,51.5940875,2.202,25.0037453,51.4103338,26.918,25.16513,51.58102,2.361
99608,Al 'Amarah,31.83561,47.14483,IQ,Asia/Baghdad,Iraq,"Al 'Amarah, Iraq",31.83561,47.14483,0.0,31.8497708,47.1496466,1.635,31.83588,47.144,0.084,31.84977522,47.14964772,1.636,31.83588,47.144,0.084,31.8497708,47.1496466,1.635,31.83561,47.14483,0.0,31.83561,47.14483,0.0,31.83560944,47.1448288,0.0,31.8497708,47.1496466,1.635,31.849771,47.149647,1.635,31.8497708,47.1496466,1.635,31.84977095,47.14964636,1.635,31.8497708,47.1496466,1.635,31.8497708,47.1496466,1.635,31.83588,47.144,0.084,31.8406591,47.145097,0.56,31.8497708,47.1496466,1.635,31.84028,47.15306,0.935
1848933,Wakimachi,34.06667,134.15,JP,Asia/Tokyo,Japan,"Wakimachi, Japan",34.09315108,134.1429594,3.008,34.06667,134.15,0.0,34.06667,134.15,0.0,34.12046559,134.1745322,6.382,34.068167,134.149623,0.17,34.0767307,134.1728533,2.387,,,,34.06667,134.15,0.0,34.06666946,134.1499939,0.001,34.0987287,134.0959398,6.127,34.063168,134.167,1.617,34.0987287,134.0959398,6.127,34.12046742,134.1745344,6.383,34.1204674,134.1745347,6.383,34.1204674,134.1745347,6.383,34.06666946,134.1499939,0.001,34.0685784,134.1484222,0.257,34.0681674,134.1496233,0.17,34.05646,134.15095,1.136
1624058,Terbanggi Besar,-4.87898,105.21818,ID,Asia/Jakarta,Indonesia,"Terbanggi Besar, Indonesia",,,,-4.8711722,105.2082838,1.397,-4.819114,105.226984,6.692,-4.871177981,105.2082817,1.396,-4.819114,105.226984,6.692,-4.824069402,105.2717296,8.494,,,,-4.87898,105.21818,0.0,-4.87898016,105.2181778,0.0,-4.8711722,105.2082838,1.397,-4.872772,105.20507,1.608,-4.8711722,105.2082838,1.397,-4.871172116,105.2082837,1.397,-4.8711722,105.2082838,1.397,-4.8711722,105.2082838,1.397,-4.819114,105.226984,6.692,-4.9479423,105.1908072,8.208,-4.8711722,105.2082838,1.397,-4.88504,105.22154,0.767
1134720,Lashkar Gah,31.59382,64.37161,AF,Asia/Kabul,Afghanistan,"Lashkar Gah, Afghanistan",31.582604,64.3597571,1.677,31.5830558,64.3601386,1.616,31.59382,64.37161,0.0,31.58305517,64.36013105,1.616,31.59382,64.37161,0.0,31.56459143,64.55774901,17.963,,,,31.59382,64.37161,0.0,31.59382057,64.37161255,0.0,31.5830558,64.3601386,1.616,31.584438,64.358765,1.603,31.5830558,64.3601386,1.616,31.58305597,64.3601384,1.616,31.5830558,64.3601386,1.616,31.5830558,64.3601386,1.616,31.59382,64.37161,0.0,31.582604,64.3597571,1.677,31.5830558,64.3601386,1.616,31.56402,64.31689,6.156
1993459,Changhua,24.0692,120.5512,TW,Asia/Taipei,Taiwan,"Changhua, Taiwan",24.07555,120.545069,0.94,24.0807667,120.5423,1.569,23.95361,120.49083,14.2,24.07556394,120.544462,0.983,23.95361,120.49083,14.2,24.0755667,120.5444667,0.983,24.07327,120.56276,1.259,24.0692,120.5512,0.0,23.96458319,120.4687947,14.302,24.0755667,120.5444667,0.983,24.080767,120.5423,1.569,24.0755667,120.5444667,0.983,24.0807668,120.5423,1.569,24.0755667,120.5444667,0.983,24.0755667,120.5444667,0.983,24.081574,120.536499,2.028,24.07555,120.545069,0.94,24.0755667,120.5444667,0.983,24.07002,120.55514,0.411
1858296,Kure,34.23222,132.56658,JP,Asia/Tokyo,Japan,"Kure, Japan",34.24897526,132.5653767,1.862,34.2484488,132.5652498,1.804,34.246767,132.570087,1.646,34.24844561,132.5652422,1.804,34.246767,132.570087,1.646,34.2484488,132.5652498,1.804,34.23222,132.56658,0.0,34.23222,132.56658,0.0,34.2322197,132.5665741,0.001,34.2484488,132.5652498,1.804,34.24635,132.566,1.568,34.2484488,132.5652498,1.804,34.24844899,132.5652496,1.804,34.2484488,132.5652498,1.804,34.2484488,132.5652498,1.804,34.246767,132.570087,1.646,34.2509701,132.5655928,2.082,34.2484488,132.5652498,1.804,34.2359,132.58681,1.908
1840536,Naju,35.0292,126.7175,KR,Asia/Seoul,South Korea,"Naju, South Korea",35.0292,126.7175,0.0,35.0158859,126.7108313,1.598,35.02833,126.7175,0.097,35.01588574,126.7108321,1.598,35.02833,126.7175,0.097,35.0158859,126.7108313,1.598,35.0292,126.7175,0.0,35.0292,126.7175,0.0,35.02920151,126.7174988,0.0,35.0158859,126.7108313,1.598,35.01594,126.711655,1.565,35.0158859,126.7108313,1.598,35.01588592,126.7108312,1.598,35.0158859,126.7108313,1.598,35.0158859,126.7108313,1.598,35.02833,126.7175,0.097,35.02703,126.7208402,0.388,35.0158859,126.7108313,1.598,35.0199,126.72247,1.127
3625829,Turmero,10.22856,-67.47421,VE,America/Caracas,Venezuela,"Turmero, Venezuela",10.2255654,-67.4775138,0.491,10.2217183,-67.4865808,1.552,10.23262,-67.47319,0.463,10.22171167,-67.48658111,1.553,10.23262,-67.47319,0.463,10.2230698,-67.4807443,0.939,10.20603,-67.473878,2.492,10.22856,-67.47421,0.0,,,,10.2217183,-67.4865808,1.552,10.221718,-67.486581,1.552,10.2217183,-67.4865808,1.552,10.22171847,-67.48658091,1.552,10.2217183,-67.4865808,1.552,10.2217183,-67.4865808,1.552,10.23262,-67.47319,0.463,10.229945,-67.560556,9.461,10.2217183,-67.4865808,1.552,10.20325,-67.50628,4.493
3083988,Swietochlowice,50.29636,18.91726,PL,Europe/Warsaw,Poland,"Swietochlowice, Poland",50.29202101,18.91587369,0.493,50.2905758,18.9195066,0.663,50.300614,18.906076,0.927,50.29057824,18.9195031,0.663,50.300614,18.906076,0.927,,,,50.296768,18.912212,0.363,50.29636,18.91726,0.0,50.2854551,18.9308513,1.552,50.2979616,18.9061863,0.809,50.285873,18.93068,1.508,50.2979616,18.9061863,0.809,50.29057588,18.91950645,0.663,50.2905758,18.9195066,0.663,50.2905758,18.9195066,0.663,50.300614,18.906076,0.927,50.2906916,18.918659,0.638,50.2979616,18.9061863,0.809,50.3136,18.9176,1.918
3433753,Gobernador Virasora,-28.05,-56.03333,AR,America/Argentina/Cordoba,Argentina,"Gobernador Virasora, Argentina",-28.05,-56.03333,0.0,-28.05083,-56.01484,1.82,-28.05083,-56.01484,1.82,,,,-28.05083,-56.01484,1.82,-28.04064058,-56.01057377,2.466,-28.05,-56.03333,0.0,-28.05,-56.03333,0.0,-28.04999924,-56.03332901,0.0,-28.05083,-56.01484,1.82,-28.0529,-56.0184,1.503,,,,-28.05290002,-56.01839997,1.503,-28.05083,-56.01484,1.82,,,,-28.05083,-56.01484,1.82,-28.0470947,-56.0127249,2.051,-28.0529003,-56.0183999,1.503,0.0,0.0,6722.708
2855525,Papenburg,53.07769,7.41516,DE,Europe/Berlin,Germany,"Papenburg, Germany",53.078104,7.393067,1.481,53.0822606,7.3928398,1.58,53.077423,7.407581,0.509,53.0822687,7.392831211,1.581,53.077423,7.407581,0.509,53.0822606,7.3928398,1.58,53.072211,7.395991,1.422,53.07769,7.41516,0.0,53.0822606,7.3928398,1.58,53.0822606,7.3928398,1.58,53.077717,7.392855,1.495,53.0822606,7.3928398,1.58,53.08226069,7.392839603,1.58,53.0822606,7.3928398,1.58,53.0822606,7.3928398,1.58,53.077423,7.407581,0.509,53.0781884,7.3933708,1.461,53.0898943,7.3869777,2.326,53.07001,7.40234,1.212
81302,Tobruk,32.08963,23.95385,LY,Africa/Tripoli,Libya,"Tobruk, Libya",32.0791772,23.9516188,1.178,32.0773764,23.9599988,1.478,32.08361,23.97639,2.23,32.07737526,23.95999393,1.478,32.08361,23.97639,2.23,32.0773764,23.9599988,1.478,32.08963,23.95385,0.0,32.08963,23.95385,0.0,32.08963013,23.95384979,0.0,32.0773764,23.9599988,1.478,32.077376,23.959999,1.478,32.0773764,23.9599988,1.478,32.07737643,23.95999879,1.478,32.0773764,23.9599988,1.478,32.0773764,23.9599988,1.478,32.08361,23.97639,2.23,32.0791772,23.9516188,1.178,32.0793969,23.9653181,1.568,32.05299,23.96553,4.21
726050,Varna,43.21912,27.91024,BG,Europe/Sofia,Bulgaria,"Varna, Bulgaria",43.2166452,27.9118058,0.303,43.2073873,27.9166653,1.404,43.210214,27.906614,1.032,43.20738708,27.91666457,1.404,43.210214,27.906614,1.032,43.2073873,27.9166653,1.404,43.21667,27.91667,0.589,43.21912,27.91024,0.0,43.2073873,27.9166653,1.404,43.2073873,27.9166653,1.404,43.206253,27.914743,1.476,43.2073873,27.9166653,1.404,43.20738746,27.91666511,1.404,43.2073873,27.9166653,1.404,43.2073873,27.9166653,1.404,43.210214,27.906614,1.032,43.2166452,27.9118058,0.303,43.2073873,27.9166653,1.404,43.29717,28.04721,14.103
1804430,Lanzhou,36.05701,103.83987,CN,Asia/Shanghai,China,"Lanzhou, China",36.05701,103.83987,0.0,36.0526223,103.8394984,0.488,36.050357,103.850246,1.191,36.47443598,103.7332217,47.3,36.050357,103.850246,1.191,36.0620781,103.8318566,0.915,36.05701,103.83987,0.0,36.05701,103.83987,0.0,36.05701065,103.8398666,0.0,36.474436,103.733224,47.3,36.054787,103.82373,1.475,36.474436,103.733224,47.3,36.28586202,103.632326,31.52,36.285862,103.632326,31.52,36.285862,103.632326,31.52,36.050357,103.850246,1.191,36.0579737,103.7900544,4.49,36.0526223,103.8394984,0.488,36.06036,103.83531,0.554
6822219,Gujo,35.73691,136.95852,JP,Asia/Tokyo,Japan,"Gujo, Japan",35.74851901,136.9643048,1.39,35.748417,136.9643095,1.38,35.73691,136.95852,0.0,35.74841586,136.9643022,1.38,35.73691,136.95852,0.0,35.7867449,137.0460777,9.658,35.73691,136.95852,0.0,35.73691,136.95852,0.0,35.73691177,136.9585266,0.001,35.748417,136.9643095,1.38,35.749893,136.9568,1.449,35.748417,136.9643095,1.38,35.74841703,136.9643094,1.38,35.748417,136.9643095,1.38,35.748417,136.9643095,1.38,35.73691,136.95852,0.0,36.7013111,137.097374,107.739,35.748608,136.964382,1.402,35.76672,136.94605,3.495
5814616,Vancouver,45.63873,-122.66149,US,America/Los_Angeles,United States,"Vancouver, United States",45.631061,-122.671567,1.159,45.6306954,-122.6744557,1.349,45.632518,-122.543137,9.254,45.64187475,-122.6820092,1.637,45.632518,-122.543137,9.254,45.63580535,-122.5979993,4.961,45.657776,-122.592674,5.767,45.63873,-122.66149,0.0,45.6387291,-122.6614914,0.0,45.6306954,-122.6744557,1.349,45.628774,-122.672709,1.411,45.6306954,-122.6744557,1.349,45.63069559,-122.674456,1.349,45.6306954,-122.6744557,1.349,45.6306954,-122.6744557,1.349,45.632518,-122.543137,9.254,45.631061,-122.671567,1.159,45.6306954,-122.6744557,1.349,0.0,0.0,12480.752
3183719,Vlore,40.4696,19.48379,AL,Europe/Tirane,Albania,"Vlore, Albania",40.4705112,19.4911579,0.633,40.4707602,19.4912716,0.647,40.458128,19.492896,1.49,40.47076663,19.49127319,0.648,40.458128,19.492896,1.49,40.4636084,19.49181,0.951,40.4686,19.48318,0.123,40.4696,19.48379,0.0,40.4707602,19.4912716,0.647,40.4707602,19.4912716,0.647,40.457493,19.48748,1.38,40.4707602,19.4912716,0.647,40.47076035,19.49127126,0.647,40.4707602,19.4912716,0.647,40.4707602,19.4912716,0.647,40.458128,19.492896,1.49,40.4705112,19.4911579,0.633,40.4707602,19.4912716,0.647,40.46186,19.48931,0.979
711390,Brovary,50.51809,30.80671,UA,Europe/Kyiv,Ukraine,"Brovary, Ukraine",50.51809,30.80671,0.0,50.5111168,30.7900482,1.414,50.521189,30.818203,0.885,50.51111828,30.79004504,1.414,50.521189,30.818203,0.885,50.50665702,30.80102081,1.334,50.51809,30.80671,0.0,50.51809,30.80671,0.0,50.5111168,30.7900482,1.414,50.5111168,30.7900482,1.414,50.511063,30.790945,1.364,50.5111168,30.7900482,1.414,50.51111686,30.79004791,1.414,50.5111168,30.7900482,1.414,50.5111168,30.7900482,1.414,50.521189,30.818203,0.885,50.518247,30.764882,2.967,50.5111168,30.7900482,1.414,50.51276,30.80205,0.679
2111704,Namie,37.48333,141.0,JP,Asia/Tokyo,Japan,"Namie, Japan",37.49452328,141.0007002,1.244,37.4945619,141.0005837,1.248,37.48333,141.0,0.0,37.49456614,141.0005823,1.248,37.48333,141.0,0.0,37.4945619,141.0005837,1.248,37.48333,141.0,0.0,37.48333,141.0,0.0,37.48332977,141.0,0.0,37.4945619,141.0005837,1.248,37.495445,141.00171,1.353,37.4945619,141.0005837,1.248,37.49456205,141.0005837,1.248,37.4945619,141.0005837,1.248,37.4945619,141.0005837,1.248,37.48333,141.0,0.0,37.4938622,140.9970551,1.198,37.4945619,141.0005837,1.248,37.48361,140.98229,1.567
1850185,Tokoname,34.88333,136.85,JP,Asia/Tokyo,Japan,"Tokoname, Japan",34.89605685,136.8544811,1.47,34.895858,136.838323,1.752,34.888234,136.836112,1.381,34.89585572,136.8383222,1.752,34.888234,136.836112,1.381,,,,34.88333,136.85,0.0,34.88333,136.85,0.0,34.8833313,136.8500061,0.001,34.895858,136.838323,1.752,34.88751,136.83612,1.351,34.895858,136.838323,1.752,34.89585817,136.8383227,1.752,34.895858,136.838323,1.752,34.895858,136.838323,1.752,34.888234,136.836112,1.381,34.8754433,136.8414078,1.176,34.895858,136.838323,1.752,34.89446,136.84316,1.384
564719,Dubna,56.74049,37.18648,RU,Europe/Moscow,Russia,"Dubna, Russia",56.7457,37.19487,0.775,56.7362705,37.1623696,1.549,56.75546,37.145905,2.99,56.74092993,37.18660961,0.05,56.75546,37.145905,2.99,56.7362705,37.1623696,1.549,,,,56.74049,37.18648,0.0,56.74048996,37.18648148,0.0,56.7362705,37.1623696,1.549,56.737514,37.16515,1.347,56.7417768,37.175533,0.685,56.74227206,37.17218108,0.897,56.7362705,37.1623696,1.549,56.7362705,37.1623696,1.549,,,,56.7457,37.19487,0.775,56.7362705,37.1623696,1.549,56.81041,37.25017,8.705
173377,Al Qamishli,37.05215,41.23142,SY,Asia/Damascus,Syria,"Al Qamishli, Syria",37.0542221,41.2363319,0.494,37.0495912,41.2306547,0.292,37.030025,41.229979,2.459,37.04959607,41.23065676,0.291,37.030025,41.229979,2.459,37.05035144,41.23284944,0.237,,,,37.05215,41.23142,0.0,37.05215073,41.23141861,0.0,37.0495912,41.2306547,0.292,37.040253,41.232883,1.327,37.0495912,41.2306547,0.292,37.0495914,41.23065446,0.292,37.0495912,41.2306547,0.292,37.0495912,41.2306547,0.292,37.05215,41.23142,0.0,37.0542221,41.2363319,0.494,37.0495912,41.2306547,0.292,37.05064,41.23535,0.388
1278710,Amritsar,31.62234,74.87534,IN,Asia/Kolkata,India,"Amritsar, India",31.62234,74.87534,0.0,31.6356659,74.8787496,1.513,31.642889,74.86655,2.426,31.63566518,74.87874123,1.512,31.642889,74.86655,2.426,31.6343083,74.8736788,1.336,31.637776,74.889182,2.157,31.62234,74.87534,0.0,31.62233925,74.87534332,0.0,31.6356659,74.8787496,1.513,31.63423,74.87388,1.326,31.6356659,74.8787496,1.513,31.63566608,74.87874929,1.513,31.6356659,74.8787496,1.513,31.6356659,74.8787496,1.513,31.642889,74.86655,2.426,31.6397735,74.8387598,3.972,31.6356659,74.8787496,1.513,31.64842,74.87127,2.917
6544881,Amsterdam-Zuidoost,52.3075,4.97222,NL,Europe/Amsterdam,The Netherlands,"Amsterdam-Zuidoost, The Netherlands",52.3075,4.97222,0.0,52.30771,4.971317,0.066,52.30771,4.971317,0.066,52.28637857,4.948468108,2.855,52.30771,4.971317,0.066,52.3105137,4.9606947,0.855,,,,52.3075,4.97222,0.0,52.30749893,4.972219944,0.0,52.2996907,4.9474238,1.902,52.314964,4.957276,1.315,52.2996907,4.9474238,1.902,52.31343298,4.942882061,2.107,52.3075,4.97222,0.0,52.2863793,4.9484635,2.855,52.30771,4.971317,0.066,52.3158713,4.9536729,1.571,52.3151853,4.9537077,1.525,0.0,0.0,5816.19
1710544,Iriga City,13.4324,123.4115,PH,Asia/Manila,Philippines,"Iriga City, Philippines",13.4204394,123.4105769,1.327,13.4222626,123.4129406,1.132,13.4324,123.4115,0.0,13.52733222,123.452082,11.385,13.4324,123.4115,0.0,13.4222626,123.4129406,1.132,13.4324,123.4115,0.0,13.4324,123.4115,0.0,13.43239975,123.411499,0.0,13.4222626,123.4129406,1.132,13.420574,123.41179,1.309,13.4222626,123.4129406,1.132,13.42799274,123.398375,1.503,13.4222626,123.4129406,1.132,13.4222626,123.4129406,1.132,13.4324,123.4115,0.0,13.4204394,123.4105769,1.327,13.5111557,123.4648871,10.456,13.44012,123.41177,0.855
6173331,Vancouver,49.24966,-123.11934,CA,America/Vancouver,Canada,"Vancouver, Canada",49.261636,-123.11335,1.401,49.2608724,-123.113952,1.307,49.2819,-123.11874,3.586,49.26087807,-123.113952,1.308,49.2819,-123.11874,3.586,49.25393022,-123.1129459,0.665,49.237321,-123.039378,5.982,49.24966,-123.11934,0.0,49.24966049,-123.119339,0.0,49.2608724,-123.113952,1.307,49.260975,-123.11498,1.298,49.2608724,-123.113952,1.307,49.26087259,-123.113952,1.307,49.2608724,-123.113952,1.307,49.2608724,-123.113952,1.307,49.2819,-123.11874,3.586,49.2635259,-123.1385729,2.083,49.2608724,-123.113952,1.307,49.24926,-123.10677,0.916
2554006,Bouskoura,33.44976,-7.65239,MA,Africa/Casablanca,Morocco,"Bouskoura, Morocco",33.4493322,-7.648521,0.363,33.456443,-7.650666,0.758,33.47629,-7.64711,2.983,33.45644548,-7.650661253,0.759,33.47629,-7.64711,2.983,33.456443,-7.650666,0.758,33.44976,-7.65239,0.0,33.44976,-7.65239,0.0,33.456443,-7.650666,0.758,33.456443,-7.650666,0.758,33.460094,-7.645839,1.298,33.456443,-7.650666,0.758,33.45644319,-7.650666274,0.758,33.456443,-7.650666,0.758,33.456443,-7.650666,0.758,33.457484,-7.639617,1.464,33.4493322,-7.648521,0.363,33.456443,-7.650666,0.758,33.48097,-7.60838,5.359
13546320,Montreal-Nord,45.6016,-73.63063,CA,America/Toronto,Canada,"Montreal-Nord, Canada",45.60385343,-73.63018202,0.253,45.5938992,-73.6376062,1.014,45.607432,-73.625777,0.751,45.59389747,-73.63760121,1.014,45.607432,-73.625777,0.751,45.52636977,-73.64945116,8.489,,,,45.6016,-73.63063,0.0,45.60381083,-73.63013505,0.249,45.5938992,-73.6376062,1.014,45.591015,-73.63734,1.288,45.5938992,-73.6376062,1.014,45.5938994,-73.63760635,1.014,45.5938992,-73.6376062,1.014,45.5938992,-73.6376062,1.014,45.607432,-73.625777,0.751,45.5961021,-73.63247,0.628,45.5938992,-73.6376062,1.014,45.6007,-73.63098,0.104
10281812,Choudwar,20.53917,85.91512,IN,Asia/Kolkata,India,"Choudwar, India",20.5191209,85.9057726,2.424,20.5276823,85.910155,1.373,20.531554,85.909062,1.054,20.60076338,85.89120141,7.261,20.531554,85.909062,1.054,20.5472346,85.89012449,2.755,20.543383,85.897755,1.87,20.53917,85.91512,0.0,20.53916931,85.91512299,0.0,20.6007612,85.8912043,7.26,20.52779,85.913,1.279,20.6007612,85.8912043,7.26,20.52768248,85.91015495,1.373,20.6007612,85.8912043,7.26,20.6007612,85.8912043,7.26,20.531554,85.909062,1.054,20.5191209,85.9057726,2.424,20.6007612,85.8912043,7.26,20.5293,85.91161,1.152
529505,Manturovo,58.32582,44.75881,RU,Europe/Moscow,Russia,"Manturovo, Russia",58.29331823,44.69071441,5.389,58.333271,44.761791,0.848,58.339013,44.77043,1.62,58.32595596,44.75873373,0.016,58.339013,44.77043,1.62,58.333271,44.761791,0.848,58.32889,44.76406,0.46,58.32582,44.75881,0.0,58.32582092,44.75880814,0.0,58.333271,44.761791,0.848,58.334553,44.772633,1.266,58.333271,44.761791,0.848,58.33327101,44.76179067,0.848,58.333271,44.761791,0.848,58.333271,44.761791,0.848,58.339013,44.77043,1.62,58.3345779,44.7724579,1.261,58.333271,44.761791,0.848,58.33393,44.74176,1.347
957487,Sasolburg,-26.81358,27.81695,ZA,Africa/Johannesburg,South Africa,"Sasolburg, South Africa",-26.81358,27.81695,0.0,-26.810278,27.821389,0.573,-26.806012,27.819742,0.883,-26.81027439,27.82138456,0.573,-26.806012,27.819742,0.883,-26.810278,27.821389,0.573,-26.787531,27.839453,3.652,-26.81358,27.81695,0.0,-26.81357956,27.81694984,0.0,-26.810278,27.821389,0.573,-26.816158,27.829119,1.243,-26.810278,27.821389,0.573,-26.81027776,27.82138869,0.573,-26.810278,27.821389,0.573,-26.810278,27.821389,0.573,-26.806012,27.819742,0.883,-26.8160945,27.8297207,1.3,-26.810278,27.821389,0.573,-26.7996,27.82715,1.851
2234974,Bamenda,5.9597,10.14597,CM,Africa/Douala,Cameroon,"Bamenda, Cameroon",5.958647,10.1475107,0.207,5.9614117,10.1516505,0.657,5.95266,10.15824,1.566,5.961419767,10.15165166,0.657,5.95266,10.15824,1.566,5.961411699,10.1516505,0.657,5.972166,10.176487,3.649,5.9597,10.14597,0.0,5.9614117,10.1516505,0.657,5.9614117,10.1516505,0.657,5.963662,10.155619,1.155,5.9614117,10.1516505,0.657,5.961412,10.1516505,0.657,5.9614117,10.1516505,0.657,5.9614117,10.1516505,0.657,5.95266,10.15824,1.566,5.958647,10.1475107,0.207,5.9614117,10.1516505,0.657,5.95569,10.14651,0.447
3804949,Guasdualito,7.24241,-70.73235,VE,America/Caracas,Venezuela,"Guasdualito, Venezuela",7.2415714,-70.7319641,0.102,7.2379797,-70.7279689,0.689,7.24241,-70.73236,0.001,7.235661185,-70.72441116,1.151,7.24241,-70.73236,0.001,7.244382999,-70.7300492,0.335,7.24241,-70.73235,0.0,7.21108,-70.75645,4.369,,,,7.2379797,-70.7279689,0.689,7.235666,-70.724417,1.151,7.2356662,-70.7244166,1.151,7.237979987,-70.72796915,0.689,7.2379797,-70.7279689,0.689,7.2379797,-70.7279689,0.689,7.24241,-70.73236,0.001,7.2415714,-70.7319641,0.102,7.2379797,-70.7279689,0.689,7.2315,-70.7183,1.966
570427,Buzuluk,52.77825,52.25854,RU,Asia/Yekaterinburg,Russia,"Buzuluk, Russia",52.7839434,52.2524694,0.754,52.788502,52.253899,1.183,52.78371,52.270155,0.992,52.77886486,52.25885686,0.072,52.78371,52.270155,0.992,52.788502,52.253899,1.183,52.7807,52.2635,0.432,52.77825,52.25854,0.0,52.78070068,52.26350021,0.432,52.788502,52.253899,1.183,52.788254,52.26248,1.145,52.7586837,52.2883167,2.963,52.78850214,52.25389883,1.183,52.788502,52.253899,1.183,52.788502,52.253899,1.183,52.78371,52.270155,0.992,52.7839434,52.2524694,0.754,52.7586837,52.2883167,2.963,52.7885,52.2539,1.183
1277950,Baduria,22.74431,88.78655,IN,Asia/Kolkata,India,"Baduria, India",22.733101,88.782402,1.312,22.7366796,88.7873803,0.849,22.744586,88.787566,0.109,22.77973373,88.79255145,3.971,22.744586,88.787566,0.109,22.7483803,88.7425195,4.545,22.741857,88.790337,0.474,22.74431,88.78655,0.0,22.76082673,88.80352107,2.527,22.7797328,88.7925594,3.971,22.734709,88.78301,1.124,22.7797328,88.7925594,3.971,22.73667976,88.78738001,0.849,22.7797328,88.7925594,3.971,22.7797328,88.7925594,3.971,22.744586,88.787566,0.109,22.733101,88.782402,1.312,22.7797328,88.7925594,3.971,22.74314,88.78642,0.13
3010529,La Celle-Saint-Cloud,48.85029,2.14523,FR,Europe/Paris,France,"La Celle-Saint-Cloud, France",48.84839007,2.136211735,0.695,48.8478753,2.136145,0.719,48.846141,2.137139,0.752,48.847878,2.1361435,0.719,48.846141,2.137139,0.752,48.84688141,2.134507737,0.873,48.85029,2.14523,0.0,48.85029,2.14523,0.0,48.8478753,2.136145,0.719,48.8478753,2.136145,0.719,48.84504,2.132284,1.115,48.8478753,2.136145,0.719,48.84787543,2.136144787,0.719,48.8478753,2.136145,0.719,48.8478753,2.136145,0.719,48.846141,2.137139,0.752,48.852546,2.1434103,0.284,48.8478753,2.136145,0.719,48.84784,2.13888,0.54
2297289,Nkoranza,7.57127,-1.7087,GH,Africa/Accra,Ghana,"Nkoranza, Ghana",7.606939241,-1.623123918,10.234,7.5624941,-1.703932,1.104,7.622251,-1.626728,10.659,7.562491239,-1.703932792,1.104,7.622251,-1.626728,10.659,7.562494099,-1.703932,1.104,7.57127,-1.7087,0.0,7.57127,-1.7087,0.0,7.571269989,-1.708699942,0.0,7.5624941,-1.703932,1.104,7.562494,-1.703932,1.104,7.5624941,-1.703932,1.104,7.562494395,-1.703932285,1.104,7.5624941,-1.703932,1.104,7.5624941,-1.703932,1.104,7.622251,-1.626728,10.659,7.5682133,-1.7080808,0.345,7.5562639,-1.699915,1.922,7.56571,-1.76508,6.252
1052373,Beira,-19.84361,34.83889,MZ,Africa/Maputo,Mozambique,"Beira, Mozambique",-19.8305017,34.8430167,1.514,-19.8340679,34.8358075,1.105,-19.84361,34.83889,0.0,-19.83406325,34.83580571,1.105,-19.84361,34.83889,0.0,-19.828707,34.841782,1.677,-19.831885,34.868542,3.366,-19.84361,34.83889,0.0,-19.84361076,34.83889008,0.0,-19.834068,34.8358076,1.105,-19.83412,34.83595,1.095,-19.834068,34.8358076,1.105,-19.83406782,34.83580749,1.105,-19.8340679,34.8358075,1.105,-19.8340679,34.8358075,1.105,-19.84361,34.83889,0.0,-19.8305017,34.8430167,1.514,-19.8473059,34.8654536,2.812,-19.8298,34.85213,2.064
2269282,Charneca de Caparica,38.62032,-9.19426,PT,Europe/Lisbon,Portugal,"Charneca de Caparica, Portugal",38.62032,-9.19426,0.0,38.6285507,-9.1974387,0.955,38.626916,-9.199641,0.869,38.62855633,-9.197431507,0.955,38.626916,-9.199641,0.869,38.6285507,-9.1974387,0.955,38.62032,-9.19426,0.0,38.62032,-9.19426,0.0,38.6285507,-9.1974387,0.955,38.6285507,-9.1974387,0.955,38.629578,-9.198517,1.093,38.6285507,-9.1974387,0.955,38.62855073,-9.197438881,0.955,38.6285507,-9.1974387,0.955,38.6285507,-9.1974387,0.955,38.626916,-9.199641,0.869,38.6484332,-9.1853912,3.215,38.6285507,-9.1974387,0.955,38.61529,-9.1883,0.762
699753,Novhorod-Siverskyi,52.00684,33.2634,UA,Europe/Kyiv,Ukraine,"Novhorod-Siverskyi, Ukraine",51.9971329,33.2633841,1.08,52.004259,33.2779899,1.042,52.003736,33.276832,0.985,52.00425852,33.27798545,1.042,52.003736,33.276832,0.985,52.004259,33.2779899,1.042,52.00577,33.2615,0.177,52.00684,33.2634,0.0,52.004259,33.2779899,1.042,52.004259,33.2779899,1.042,52.004276,33.278664,1.086,52.004259,33.2779899,1.042,52.00425902,33.27798989,1.042,52.004259,33.2779899,1.042,52.004259,33.2779899,1.042,52.003736,33.276832,0.985,51.9971329,33.2633841,1.08,52.004259,33.2779899,1.042,52.1014,33.11542,14.62
1276449,Berasia,23.63134,77.43351,IN,Asia/Kolkata,India,"Berasia, India",23.6222,77.431198,1.039,23.6968782,76.9666528,48.176,23.623873,77.432234,0.837,23.62992387,77.42516127,0.866,23.623873,77.432234,0.837,23.5,77.416667,14.647,23.63134,77.43351,0.0,23.63134,77.43351,0.0,23.63134003,77.43350983,0.0,23.6299232,77.4251686,0.866,23.621895,77.43076,1.083,23.6299232,77.4251686,0.866,23.62819408,77.42475547,0.959,23.6299232,77.4251686,0.866,23.6299232,77.4251686,0.866,23.623873,77.432234,0.837,23.6222,77.431198,1.039,23.6299232,77.4251686,0.866,23.65447,77.44387,2.771
7521471,Docklands,-37.8149,144.95052,AU,Australia/Melbourne,Australia,"Docklands, Australia",-37.81889186,144.9457874,0.608,-37.8175423,144.9394923,1.014,-37.818898,144.948291,0.485,-37.8175462,144.9394924,1.014,-37.818898,144.948291,0.485,-37.81655299,144.9475464,0.32,-37.819381,144.947118,0.581,-37.8149,144.95052,0.0,-37.81489944,144.9505157,0.0,-37.8175423,144.9394923,1.014,-37.820248,144.94043,1.068,-37.8175423,144.9394923,1.014,-37.81754229,144.9394921,1.014,-37.8175423,144.9394923,1.014,-37.8175423,144.9394923,1.014,-37.818898,144.948291,0.485,-37.8158665,144.945165,0.484,-37.816529,144.947517,0.32,-37.81837,144.94427,0.672
1274868,Chalisgaon,20.45781,75.01596,IN,Asia/Kolkata,India,"Chalisgaon, India",20.4634,74.999901,1.786,20.4626213,75.0069134,1.084,20.464315,75.000642,1.753,20.50236336,74.96557123,7.209,20.464315,75.000642,1.753,20.4640201,74.9990707,1.892,20.45781,75.01596,0.0,20.45781,75.01596,0.0,20.45780945,75.01596069,0.0,20.5023656,74.96557,7.209,20.461744,75.00663,1.066,20.5023656,74.96557,7.209,20.46262154,75.00691328,1.084,20.5023656,74.96557,7.209,20.5023656,74.96557,7.209,20.464315,75.000642,1.753,20.4634,74.999901,1.786,20.4640201,74.9990707,1.892,20.51965,74.96049,8.964
147429,Naxcivan,39.20889,45.41222,AZ,Asia/Baku,Azerbaijan,"Naxcivan, Azerbaijan",39.213055,45.421437,0.921,39.217497,45.4069671,1.058,39.20922,45.412205,0.037,39.21749643,45.40696744,1.058,39.20922,45.412205,0.037,39.30929976,45.50567643,13.76,,,,39.20889,45.41222,0.0,39.30824567,45.50635242,13.7,39.217497,45.4069671,1.058,39.217497,45.406967,1.058,39.217497,45.4069671,1.058,39.21749719,45.40696688,1.058,39.217497,45.4069671,1.058,39.217497,45.4069671,1.058,39.20922,45.412205,0.037,39.213055,45.421437,0.921,39.2078884,45.4116946,0.12,39.23965,45.42315,3.543
2377539,Nema,16.61702,-7.25649,MR,Africa/Nouakchott,Mauritania,"Nema, Mauritania",16.40734193,-7.3119852,23.948,16.6173344,-7.2663798,1.056,16.61702,-7.25649,0.0,16.61733272,-7.266371191,1.055,16.61702,-7.25649,0.0,16.6173344,-7.2663798,1.056,16.61702,-7.25649,0.0,16.61702,-7.25649,0.0,16.61701965,-7.256490231,0.0,16.6173344,-7.2663798,1.056,16.617334,-7.26638,1.056,16.6173344,-7.2663798,1.056,16.61733468,-7.266379818,1.056,16.6173344,-7.2663798,1.056,16.6173344,-7.2663798,1.056,16.61702,-7.25649,0.0,16.6134591,-7.2602796,0.565,16.6173344,-7.2663798,1.056,16.44474,-7.7353,54.552
2993207,Mons-en-Baroeul,50.63333,3.11667,FR,Europe/Paris,France,"Mons-en-Baroeul, France",50.64255738,3.110415054,1.118,50.6428547,3.1093516,1.179,50.643753,3.108378,1.299,50.6428583,3.109355094,1.18,50.643753,3.108378,1.299,50.64773542,3.110882987,1.654,,,,50.63333,3.11667,0.0,50.6333313,3.116669893,0.0,50.6428547,3.1093516,1.179,50.64211,3.111082,1.054,50.6428547,3.1093516,1.179,50.64285475,3.109351471,1.179,50.6428547,3.1093516,1.179,50.6428547,3.1093516,1.179,50.643753,3.108378,1.299,50.6427719,3.1108888,1.127,50.6428547,3.1093516,1.179,50.64157,3.10656,1.163
154470,Mazinde,-4.8,38.21667,TZ,Africa/Dar_es_Salaam,Tanzania,"Mazinde, Tanzania",-4.8,38.21667,0.0,-4.8065793,38.2103091,1.014,-4.8,38.21667,0.0,-4.806577875,38.21030626,1.014,-4.8,38.21667,0.0,-6.76465405,39.24863887,245.491,-4.8,38.21667,0.0,-4.8,38.21667,0.0,-4.800000191,38.21667099,0.0,-4.8065793,38.2103091,1.014,-4.806631,38.210099,1.034,-4.8065793,38.2103091,1.014,-4.806579199,38.21030907,1.014,-4.8065793,38.2103091,1.014,-4.8065793,38.2103091,1.014,-4.8,38.21667,0.0,-3.6552816,37.443753,152.925,-4.8065793,38.2103091,1.014,-4.80741,38.22936,1.629
5350207,Fountain Valley,33.70918,-117.95367,US,America/Los_Angeles,United States,"Fountain Valley, United States",33.710735,-117.945728,0.756,33.7038145,-117.9627349,1.03,33.709629,-117.951352,0.221,33.71025555,-117.9519322,0.2,33.709629,-117.951352,0.221,33.71051774,-117.9513673,0.26,33.709671,-117.953856,0.057,33.70918,-117.95367,0.0,33.70917892,-117.9536667,0.0,33.7038145,-117.9627349,1.03,33.704288,-117.962994,1.021,33.7038145,-117.9627349,1.03,33.71051695,-117.9513869,0.258,33.7038145,-117.9627349,1.03,33.7038145,-117.9627349,1.03,33.709629,-117.951352,0.221,33.710735,-117.945728,0.756,33.7038145,-117.9627349,1.03,0.0,0.0,12570.183
13546316,Le Plateau-Mont-Royal,45.52833,-73.58081,CA,America/Toronto,Canada,"Le Plateau-Mont-Royal, Canada",45.5276898,-73.57619619,0.367,45.5218361,-73.5821731,0.73,45.523889,-73.578776,0.519,45.52183746,-73.58217121,0.729,45.523889,-73.578776,0.519,45.52289495,-73.56548935,1.341,,,,,,,45.5251954,-73.5911465,0.879,45.5218361,-73.5821731,0.73,45.519367,-73.58042,0.997,45.5218361,-73.5821731,0.73,45.52183622,-73.58217314,0.73,45.5218361,-73.5821731,0.73,45.5218361,-73.5821731,0.73,45.523889,-73.578776,0.519,45.5150034,-73.6459648,5.302,45.5218361,-73.5821731,0.73,45.52568,-73.57921,0.32
496267,Severskaya,44.85393,38.67924,RU,Europe/Moscow,Russia,"Severskaya, Russia",44.8516231,38.6771317,0.306,44.853421,38.6781253,0.105,44.847724,38.676067,0.734,44.85373473,38.67963363,0.038,44.847724,38.676067,0.734,44.853421,38.6781253,0.105,44.85407,38.67686,0.189,44.85393,38.67924,0.0,44.85406876,38.67686081,0.189,44.853421,38.6781253,0.105,44.846375,38.67254,0.993,44.853421,38.6781253,0.105,44.85314143,38.68359223,0.355,44.853421,38.6781253,0.105,44.853421,38.6781253,0.105,44.847724,38.676067,0.734,44.8516231,38.6771317,0.306,44.853421,38.6781253,0.105,44.85342,38.67813,0.104
1256846,Shendurjana,21.52488,78.2835,IN,Asia/Kolkata,India,"Shendurjana, India",21.5223839,78.2883198,0.571,21.5198553,78.291974,1.039,20.72311,78.063257,91.672,21.52154353,78.28943128,0.717,20.72311,78.063257,91.672,21.5189672,78.2920829,1.104,21.52488,78.2835,0.0,21.52488,78.2835,0.0,21.52487946,78.28350067,0.0,21.5215432,78.2894318,0.717,21.520094,78.291595,0.992,21.5215432,78.2894318,0.717,21.51985548,78.29197392,1.039,21.5215432,78.2894318,0.717,21.5215432,78.2894318,0.717,20.72311,78.063257,91.672,21.5223839,78.2883198,0.571,21.5198553,78.291974,1.039,21.5289,78.29003,0.81
260114,Chania,35.51124,24.02921,GR,Europe/Athens,Greece,"Chania, Greece",35.516236,24.018807,1.094,35.5120831,24.0191544,0.917,35.509146,24.027326,0.288,35.51208582,24.01915394,0.917,35.509146,24.027326,0.288,35.5120831,24.0191544,0.917,35.51124,24.02921,0.0,35.51124,24.02921,0.0,35.5112381,24.02920914,0.0,35.5120831,24.0191544,0.917,35.5149,24.01925,0.991,35.5120831,24.0191544,0.917,35.51208318,24.01915424,0.917,35.5120831,24.0191544,0.917,35.5120831,24.0191544,0.917,35.509146,24.027326,0.288,35.516236,24.018807,1.094,35.5120831,24.0191544,0.917,35.4952,23.99963,3.22
1566319,Thai Nguyen,21.59422,105.84817,VN,Asia/Bangkok,Vietnam,"Thai Nguyen, Vietnam",21.593699,105.844509,0.383,21.5954448,105.8386957,0.99,21.59278,105.84417,0.444,21.9610936,105.8440717,40.625,21.59278,105.84417,0.444,21.6929267,105.8238355,11.216,21.587476,105.782484,6.843,21.59422,105.84817,0.0,21.59421921,105.8481674,0.0,21.9610968,105.8440789,40.625,21.595445,105.838696,0.99,21.9610968,105.8440789,40.625,21.96109689,105.8440789,40.625,21.9610968,105.8440789,40.625,21.9610968,105.8440789,40.625,21.59278,105.84417,0.444,22.022294,105.825354,47.458,21.9610968,105.8440789,40.625,21.62621,105.82185,4.469
1277214,Banswara,23.54109,74.4425,IN,Asia/Kolkata,India,"Banswara, India",23.547001,74.443001,0.657,23.550075,74.446294,1.068,23.549029,74.434736,1.184,23.49150385,74.35021122,10.909,23.549029,74.434736,1.184,23.47922028,74.36213543,10.692,23.54109,74.4425,0.0,23.54109,74.4425,0.0,24.15340042,74.34210205,68.584,23.4915047,74.3502172,10.908,23.549854,74.443436,0.975,23.4915047,74.3502172,10.908,23.5500753,74.44629371,1.068,23.4915047,74.3502172,10.908,23.4915047,74.3502172,10.908,23.549029,74.434736,1.184,23.547001,74.443001,0.657,23.4915047,74.3502172,10.908,23.53862,74.3983,4.522
3430513,Muniz,-34.55622,-58.70739,AR,America/Argentina/Buenos_Aires,Argentina,"Muniz, Argentina",-34.5552803,-58.7070357,0.109,-34.5550359,-58.7065136,0.154,-34.54675,-58.6984,1.336,-34.55503566,-58.70651962,0.154,-34.54675,-58.6984,1.336,,,,-34.550964,-58.703867,0.667,-34.55622,-58.70739,0.0,-34.55622101,-58.70738983,0.0,-34.5550359,-58.7065136,0.154,-34.547794,-58.704407,0.974,-34.5550359,-58.7065136,0.154,-34.55486807,-58.70704175,0.153,-34.5550359,-58.7065136,0.154,-34.5550359,-58.7065136,0.154,-34.54675,-58.6984,1.336,-34.5552803,-58.7070357,0.109,-34.5550359,-58.7065136,0.154,-34.54776,-58.71884,1.409
3521081,Puebla,19.04778,-98.20723,MX,America/Mexico_City,Mexico,"Puebla, Mexico",19.03793,-98.20346,1.16,19.0437196,-98.1981486,1.056,19.051201,-98.212116,0.639,18.83333309,-98.00000161,32.247,19.051201,-98.212116,0.639,19.00914984,-97.89933965,32.694,19.039769,-98.20435,0.937,19.04778,-98.20723,0.0,19.08359909,-98.26319885,7.101,18.833333,-98.0,32.247,19.043692,-98.19906,0.972,18.833333,-98.0,32.247,18.83333325,-98.00000019,32.247,18.833333,-98.0,32.247,18.833333,-98.0,32.247,19.051201,-98.212116,0.639,19.0436786,-98.1990388,0.974,18.833333,-98.0,32.247,19.02555,-98.21127,2.497
5265838,Oshkosh,44.02471,-88.54261,US,America/Chicago,United States,"Oshkosh, United States",,,,44.0206919,-88.5408574,0.468,44.017678,-88.561028,1.671,44.02272172,-88.54361415,0.235,44.017678,-88.561028,1.671,44.02499815,-88.55986204,1.384,,,,44.02471,-88.54261,0.0,44.0206919,-88.5408574,0.468,44.0206919,-88.5408574,0.468,44.016893,-88.537528,0.959,44.0206919,-88.5408574,0.468,44.02069192,-88.54085751,0.468,44.0206919,-88.5408574,0.468,44.0206919,-88.5408574,0.468,44.017678,-88.561028,1.671,44.020796,-88.540014,0.482,44.0206919,-88.5408574,0.468,44.03415,-88.56854,2.328
2341580,Gaya,11.86064,9.0027,NG,Africa/Lagos,Nigeria,"Gaya, Nigeria",11.8619179,9.0018183,0.171,11.8876063,9.0394902,4.997,11.86136,8.99714,0.611,11.81895194,9.026711479,5.302,11.86136,8.99714,0.611,11.81622407,9.030212407,5.756,11.86064,9.0027,0.0,,,,11.86063957,9.002699852,0.0,11.8189571,9.0267113,5.302,11.86914,9.004359,0.957,11.8189571,9.0267113,5.302,11.81620317,9.030213915,5.758,11.8189571,9.0267113,5.302,11.8189571,9.0267113,5.302,11.86136,8.99714,0.611,11.8619179,9.0018183,0.171,11.8189571,9.0267113,5.302,11.8189,8.99631,4.67
2566676,Alimosho,6.60656,3.30235,NG,Africa/Lagos,Nigeria,"Alimosho, Nigeria",6.591758284,3.24958057,6.061,6.5843883,3.2575876,5.524,6.565456,3.248432,7.498,6.584381079,3.257585337,5.525,6.565456,3.248432,7.498,6.550122599,3.239455,9.345,,,,6.60656,3.30235,0.0,6.60656023,3.302350044,0.0,6.5843883,3.2575876,5.524,6.611337,3.295263,0.945,6.5843883,3.2575876,5.524,6.575411069,3.258353301,5.962,6.5843883,3.2575876,5.524,6.5843883,3.2575876,5.524,6.565456,3.248432,7.498,6.4550543,3.4105581,20.59,6.5843883,3.2575876,5.524,6.59086,3.27215,3.764
7281987,Novena,1.31697,103.8438,SG,Asia/Singapore,Singapore,"Novena, Singapore",1.3169613,103.8442105,0.046,1.321148,103.842986,0.471,1.323231,103.842971,0.698,1.323182168,103.8370817,1.015,1.324389,103.842448,0.834,1.320489275,103.8438518,0.389,1.324339,103.842623,0.825,1.31697,103.8438,0.0,,,,1.3269837,103.8353089,1.456,1.322411,103.83735,0.937,1.3231845,103.8370863,1.015,1.326981054,103.835311,1.455,1.3269837,103.8353089,1.456,1.3269837,103.8353089,1.456,1.323232,103.842971,0.699,1.3169613,103.8442105,0.046,1.3269837,103.8353089,1.456,1.32266,103.84262,0.643
3190103,Sremska Mitrovica,44.97639,19.61222,RS,Europe/Belgrade,Serbia,"Sremska Mitrovica, Serbia",44.968784,19.608676,0.89,44.9685558,19.6083864,0.922,44.973213,19.608805,0.444,44.97016737,19.61241321,0.692,44.973213,19.608805,0.444,44.9701654,19.6124132,0.692,44.97639,19.61222,0.0,44.97639,19.61222,0.0,44.9701654,19.6124132,0.692,44.9685558,19.6083864,0.922,44.968555,19.608385,0.922,44.9701654,19.6124132,0.692,44.96855587,19.60838623,0.922,44.9685558,19.6083864,0.922,44.9685558,19.6083864,0.922,44.973213,19.608805,0.444,44.968784,19.608676,0.89,44.9685558,19.6083864,0.922,44.98948,19.59728,1.872
1261580,Nayagarh,20.12882,85.09626,IN,Asia/Kolkata,India,"Nayagarh, India",,,,20.1272799,85.1044062,0.869,20.12856,85.09563,0.072,20.23936332,85.05072139,13.131,20.12856,85.09563,0.072,,,,,,,20.12882,85.09626,0.0,20.11504465,85.1166991,2.626,20.2393682,85.050728,13.131,20.12712,85.10489,0.922,20.2393682,85.050728,13.131,20.12728017,85.10440595,0.869,20.2393682,85.050728,13.131,20.2393682,85.050728,13.131,20.12856,85.09563,0.072,20.1269003,85.1046984,0.908,20.2393682,85.050728,13.131,20.08615,85.14907,7.267
2511102,Santa Pola,38.19165,-0.5658,ES,Europe/Madrid,Spain,"Santa Pola, Spain",38.192358,-0.5551824,0.933,38.1923641,-0.5555464,0.902,38.194063,-0.554262,1.046,38.19236626,-0.555549102,0.902,38.194063,-0.554262,1.046,38.20357723,-0.577051412,1.65,38.203463,-0.555708,1.581,38.19165,-0.5658,0.0,38.19165039,-0.565800011,0.0,38.1923641,-0.5555464,0.902,38.190216,-0.555643,0.904,38.1923641,-0.5555464,0.902,38.19236414,-0.555546507,0.902,38.1923641,-0.5555464,0.902,38.1923641,-0.5555464,0.902,38.194063,-0.554262,1.046,38.192358,-0.5551824,0.933,38.1923641,-0.5555464,0.902,38.2021,-0.57085,1.241
3817714,Tulantongo,19.53159,-98.87464,MX,America/Mexico_City,Mexico,"Tulantongo, Mexico",19.53159,-98.87464,0.0,19.5349848,-98.8824009,0.897,19.53159,-98.87464,0.0,19.5349832,-98.88240162,0.897,19.534937,-98.883009,0.953,19.5348775,-98.88238404,0.891,,,,19.53159,-98.87464,0.0,19.53158951,-98.87464142,0.0,19.5349848,-98.8824009,0.897,19.534985,-98.882401,0.897,19.5349848,-98.8824009,0.897,19.53498502,-98.88240103,0.897,19.5349848,-98.8824009,0.897,19.5349848,-98.8824009,0.897,19.534937,-98.883009,0.953,19.5361184,-98.8886315,1.552,19.5349848,-98.8824009,0.897,0.0,0.0,10947.848
3003952,Le Grand-Quevilly,49.40076,1.04582,FR,Europe/Paris,France,"Le Grand-Quevilly, France",49.40659222,1.052542637,0.812,49.4068986,1.0507926,0.772,49.41247,1.04034,1.362,49.40689809,1.050791722,0.772,49.41247,1.04034,1.362,49.4068986,1.0507926,0.772,49.40076,1.04582,0.0,49.40076,1.04582,0.0,49.4068986,1.0507926,0.772,49.4068986,1.0507926,0.772,49.40809,1.050683,0.888,49.4068986,1.0507926,0.772,49.40689861,1.050792597,0.772,49.4068986,1.0507926,0.772,49.4068986,1.0507926,0.772,49.41247,1.04034,1.362,49.4060478,1.0516518,0.725,49.4068986,1.0507926,0.772,49.4085,1.04838,0.881
1732905,Klang,3.03667,101.44333,MY,Asia/Kuala_Lumpur,Malaysia,"Klang, Malaysia",,,,3.0448394,101.4447363,0.917,3.106163,101.399359,9.107,3.044834989,101.4447317,0.916,3.106163,101.399359,9.107,3.033402814,101.3864083,6.338,3.03667,101.44333,0.0,3.03667,101.44333,0.0,3.03666997,101.4433289,0.0,3.0448394,101.4447363,0.917,3.044345,101.44537,0.878,3.0448394,101.4447363,0.917,3.044839447,101.4447361,0.917,3.0448394,101.4447363,0.917,3.0448394,101.4447363,0.917,3.106163,101.399359,9.107,3.108985,101.4044341,9.09,3.0448394,101.4447363,0.917,3.02595,101.44482,1.197
1007061,Dysselsdorp,-33.57565,22.44391,ZA,Africa/Johannesburg,South Africa,"Dysselsdorp, South Africa",-33.575944,22.4318174,1.123,-33.573611,22.433333,1.008,-33.57564,22.44391,0.001,-33.5736155,22.43333368,1.008,-33.57564,22.44391,0.001,-33.573611,22.433333,1.008,-33.57565,22.44391,0.0,-33.57565,22.44391,0.0,-33.57564926,22.4439106,0.0,-33.573611,22.433333,1.008,-33.574318,22.434654,0.872,-33.573611,22.433333,1.008,-33.573611,22.43333269,1.008,-33.573611,22.433333,1.008,-33.573611,22.433333,1.008,-33.57564,22.44391,0.001,-33.575944,22.4318174,1.123,-33.573611,22.433333,1.008,-33.57676,22.43234,1.081
1000501,Grahamstown,-33.30422,26.53276,ZA,Africa/Johannesburg,South Africa,"Grahamstown, South Africa",-33.2971263,26.5272846,0.938,-33.3070589,26.5272648,0.601,-33.308962,26.534265,0.544,-33.30705546,26.52726435,0.601,-33.308962,26.534265,0.544,-33.3070589,26.5272648,0.601,-33.30507,26.529492,0.319,-33.30422,26.53276,0.0,-33.30421829,26.53276062,0.0,-33.3070589,26.5272648,0.601,-33.30977,26.526255,0.864,-33.3070589,26.5272648,0.601,-33.30800531,26.52567233,0.782,-33.3070589,26.5272648,0.601,-33.3070589,26.5272648,0.601,-33.308962,26.534265,0.544,-33.2971263,26.5272846,0.938,-33.9168541,25.6090769,109.386,-33.29948,26.54126,0.95
312024,Hizan,38.22498,42.4183,TR,Europe/Istanbul,Turkey,"Hizan, Turkey",38.17362294,42.50809589,9.714,38.2250087,42.4263243,0.703,38.143606,42.525588,13.036,38.22500626,42.42632695,0.703,38.143606,42.525588,13.036,38.270733,42.649963,20.905,38.22498,42.4183,0.0,38.226,42.42491,0.59,38.2249794,42.41830063,0.0,38.2250087,42.4263243,0.703,38.225567,42.428047,0.856,38.2250087,42.4263243,0.703,38.22500873,42.42632423,0.703,38.2250087,42.4263243,0.703,38.2250087,42.4263243,0.703,38.143606,42.525588,13.036,38.225511,42.428073,0.858,38.2250087,42.4263243,0.703,38.20589,42.44297,3.026
2745154,Vught,51.65333,5.2875,NL,Europe/Amsterdam,The Netherlands,"Vught, The Netherlands",51.65134785,5.287036559,0.223,51.6511806,5.2368001,3.517,51.653506,5.289702,0.154,51.65118846,5.23680858,3.516,51.653506,5.289702,0.154,51.65036834,5.242606198,3.125,51.650873,5.284894,0.328,51.65333,5.2875,0.0,51.656821,5.2893308,0.409,51.6511806,5.2368001,3.517,51.6573,5.297861,0.842,51.6511806,5.2368001,3.517,51.65682116,5.289330594,0.409,51.6511806,5.2368001,3.517,51.6511806,5.2368001,3.517,51.653506,5.289702,0.154,51.6584499,5.2985422,0.953,51.6603799,5.2319003,3.927,0.0,0.0,5746.336
2993572,Moissy-Cramayel,48.62605,2.60125,FR,Europe/Paris,France,"Moissy-Cramayel, France",48.62681874,2.593876075,0.55,48.6272298,2.5937073,0.571,48.624131,2.586922,1.078,48.62722797,2.59370425,0.571,48.624131,2.586922,1.078,48.62852234,2.595873324,0.482,48.62605,2.60125,0.0,48.62605,2.60125,0.0,48.6272298,2.5937073,0.571,48.6272298,2.5937073,0.571,48.627384,2.590015,0.841,48.6272298,2.5937073,0.571,48.6272299,2.593707182,0.571,48.6272298,2.5937073,0.571,48.6272298,2.5937073,0.571,48.624131,2.586922,1.078,48.6273782,2.5922945,0.676,48.6272298,2.5937073,0.571,48.62686,2.59038,0.806
3023763,Corbeil-Essonnes,48.60603,2.48757,FR,Europe/Paris,France,"Corbeil-Essonnes, France",48.61391428,2.482119823,0.964,48.6137734,2.4818087,0.96,48.605323,2.471112,1.216,48.61377796,2.481804066,0.961,48.605323,2.471112,1.216,48.6137734,2.4818087,0.96,48.60603,2.48757,0.0,48.60603,2.48757,0.0,48.6137734,2.4818087,0.96,48.6137734,2.4818087,0.96,48.613064,2.483485,0.838,48.6137734,2.4818087,0.96,48.61377351,2.481808439,0.96,48.6137734,2.4818087,0.96,48.6137734,2.4818087,0.96,48.605323,2.471112,1.216,48.6110546,2.4792871,0.828,48.6137734,2.4818087,0.96,48.60255,2.4736,1.101
2924599,Friedrichsfelde,52.50575,13.50812,DE,Europe/Berlin,Germany,"Friedrichsfelde, Germany",52.50575,13.50812,0.0,52.5029358,13.5205456,0.9,52.50337,13.516861,0.65,52.5029386,13.52054222,0.9,52.50337,13.516861,0.65,52.5028495,13.51727727,0.701,52.50575,13.50812,0.0,52.50575,13.50812,0.0,52.50574875,13.50811958,0.0,52.5029358,13.5205456,0.9,52.503773,13.520031,0.838,52.5029358,13.5205456,0.9,52.50293583,13.52054559,0.9,52.5029358,13.5205456,0.9,52.5029358,13.5205456,0.9,52.50337,13.516861,0.65,52.5055509,13.511454,0.227,52.5029358,13.5205456,0.9,52.5038,13.51232,0.358
176146,Mbala,-8.84024,31.36587,ZM,Africa/Lusaka,Zambia,"Mbala, Zambia",-9.176473651,31.567684,43.305,-8.8456071,31.3709227,0.813,-8.84024,31.36587,0.0,-8.845601449,31.37092514,0.813,-8.84024,31.36587,0.0,-8.8456071,31.3709227,0.813,-8.84024,31.36587,0.0,-8.84024,31.36587,0.0,-8.840239525,31.36586952,0.0,-8.8456071,31.3709227,0.813,-8.845607,31.370923,0.813,-8.8456071,31.3709227,0.813,-8.845607057,31.37092251,0.813,-8.8456071,31.3709227,0.813,-8.8456071,31.3709227,0.813,-8.84024,31.36587,0.0,-8.8452146,31.3679729,0.597,-8.8456071,31.3709227,0.813,-8.84183,31.37312,0.817
9212571,Palavakkam,12.9535,80.2572,IN,Asia/Kolkata,India,"Palavakkam, India",12.9581836,80.2581419,0.528,12.95999,80.2560268,0.729,13.317707,79.96158,51.487,12.95999212,80.25602131,0.73,13.317707,79.96158,51.487,12.95999,80.2560268,0.729,12.9535,80.2572,0.0,12.9535,80.2572,0.0,12.95349979,80.25720215,0.0,12.95999,80.2560268,0.729,12.960713,80.256134,0.806,12.95999,80.2560268,0.729,12.9599901,80.2560265,0.729,12.95999,80.2560268,0.729,12.95999,80.2560268,0.729,13.317707,79.96158,51.487,13.352554,80.082227,48.051,12.95999,80.2560268,0.729,12.96139,80.25583,0.885
926747,Mchinji,-13.79841,32.88019,MW,Africa/Blantyre,Malawi,"Mchinji, Malawi",-13.69618727,33.05637046,22.158,-13.7971726,32.8874963,0.802,-13.79841,32.88019,0.0,-13.78288226,33.02047541,15.266,-13.79841,32.88019,0.0,-13.69506634,33.05733414,22.311,-13.79841,32.88019,0.0,-13.7623,33.07998,21.971,-13.79841042,32.8801918,0.0,-13.7828897,33.0204739,15.266,-13.797173,32.887496,0.802,-13.7828897,33.0204739,15.266,-13.79717228,32.88749613,0.802,-13.7828897,33.0204739,15.266,-13.7828897,33.0204739,15.266,-13.79841,32.88019,0.0,-13.7213623,32.9153903,9.336,-13.7828897,33.0204739,15.266,-13.79184,32.89064,1.344
1223648,Welisara,7.0281,79.9014,LK,Asia/Colombo,Sri Lanka,"Welisara, Sri Lanka",7.0317848,79.8943217,0.882,7.0291349,79.8982416,0.367,7.0281,79.9014,0.0,7.014851149,79.89842131,1.502,7.0281,79.9014,0.0,7.555494199,80.7137847,107.001,7.0281,79.9014,0.0,7.0281,79.9014,0.0,7.028100014,79.90139771,0.0,7.0148567,79.8984288,1.501,7.030636,79.894632,0.799,7.0148567,79.8984288,1.501,7.029135026,79.89824127,0.367,7.0291349,79.8982416,0.367,7.0291349,79.8982416,0.367,7.0281,79.9014,0.0,7.0317848,79.8943217,0.882,7.0208172,79.9029687,0.824,7.04863,79.96551,7.438
1163967,Tando Adam,25.76818,68.66196,PK,Asia/Karachi,Pakistan,"Tando Adam, Pakistan",25.76818,68.66196,0.0,25.7620954,68.6578079,0.792,25.76555,68.658105,0.484,25.76074422,68.66218112,0.824,25.76555,68.658105,0.484,25.7620954,68.6578079,0.792,25.720177,68.593188,8.712,25.76818,68.66196,0.0,25.76818085,68.66195679,0.0,25.7607497,68.6621855,0.823,25.762016,68.65787,0.797,25.7620954,68.6578079,0.792,25.76209555,68.65780771,0.792,25.7607497,68.6621855,0.823,25.7607497,68.6621855,0.823,25.76555,68.658105,0.484,25.7780781,68.6607455,1.103,25.7607497,68.6621855,0.823,25.70848,68.6099,8.428
797781,Neftekumsk,44.75583,44.9925,RU,Europe/Moscow,Russia,"Neftekumsk, Russia",44.7513327,44.9918075,0.503,44.747298,44.9817618,1.274,44.75583,44.9925,0.0,44.75573373,44.99273774,0.022,44.75583,44.9925,0.0,44.752205,44.985077,0.713,44.75583,44.9925,0.0,44.75583,44.9925,0.0,44.75582886,44.99250031,0.0,44.747298,44.9817618,1.274,44.752834,44.983566,0.782,44.747298,44.9817618,1.274,44.74729806,44.98176165,1.274,44.747298,44.9817618,1.274,44.747298,44.9817618,1.274,44.75583,44.9925,0.0,44.7513327,44.9918075,0.503,44.747298,44.9817618,1.274,44.7522,44.98508,0.713
2516336,Javea,38.78333,0.16667,ES,Europe/Madrid,Spain,"Javea, Spain",38.7889466,0.1664241,0.624,38.7893804,0.1634168,0.729,38.785694,0.150464,1.432,38.78938636,0.163412677,0.729,38.785694,0.150464,1.432,38.7889961,0.1635342,0.685,38.768999,0.175666,1.773,38.78333,0.16667,0.0,38.78332901,0.166669995,0.0,38.7893804,0.1634168,0.729,38.790028,0.164019,0.778,38.7893804,0.1634168,0.729,38.7893805,0.163416602,0.729,38.7893804,0.1634168,0.729,38.7893804,0.1634168,0.729,38.785694,0.150464,1.432,38.7889466,0.1664241,0.624,38.7893804,0.1634168,0.729,38.77061,0.17943,1.795
2871736,Merseburg,51.35478,11.98923,DE,Europe/Berlin,Germany,"Merseburg, Germany",51.357561,11.99274,0.394,51.3564413,11.996148,0.516,51.352387,11.987637,0.288,51.35644841,11.99614197,0.516,51.352387,11.987637,0.288,51.3564413,11.996148,0.516,51.359234,11.988536,0.498,51.35478,11.98923,0.0,51.3564413,11.996148,0.516,51.3564413,11.996148,0.516,51.356747,11.999861,0.772,51.3564413,11.996148,0.516,51.35644149,11.99614797,0.516,51.3564413,11.996148,0.516,51.3564413,11.996148,0.516,51.352387,11.987637,0.288,51.3572055,11.9922732,0.343,51.3564413,11.996148,0.516,51.35408,11.98264,0.466
304196,Mucur,39.06147,34.38286,TR,Europe/Istanbul,Turkey,"Mucur, Turkey",39.09698128,34.42553024,5.401,39.0598745,34.3800057,0.304,39.118008,34.424478,7.236,39.0602164,34.38004563,0.281,39.118008,34.424478,7.236,,,,39.06147,34.38286,0.0,39.07146,34.3867,1.158,39.0602118,34.3800488,0.281,39.0602118,34.3800488,0.281,39.0634,34.37434,0.768,39.0602118,34.3800488,0.281,39.05987476,34.38000564,0.304,39.0598745,34.3800057,0.304,39.0598745,34.3800057,0.304,39.118008,34.424478,7.236,39.063548,34.3747064,0.742,39.0598745,34.3800057,0.304,39.0513,34.44562,5.548
3171728,Padua,45.40797,11.88586,IT,Europe/Rome,Italy,"Padua, Italy",45.4095409,11.8765508,0.749,45.4077172,11.8734455,0.972,45.311817,11.813992,12.079,45.40771744,11.87344195,0.973,45.311817,11.813992,12.079,45.40330508,11.88325972,0.557,45.40797,11.88586,0.0,45.40797,11.88586,0.0,45.4077172,11.8734455,0.972,45.4077172,11.8734455,0.972,45.40779,11.876048,0.768,45.4077172,11.8734455,0.972,45.40771729,11.87344529,0.972,45.3984428,11.8956829,1.309,45.3984428,11.8956829,1.309,45.311817,11.813992,12.079,45.4095409,11.8765508,0.749,45.391408,11.8058487,6.529,45.39844,11.89568,1.309
3000060,Les Pavillons-sous-Bois,48.90683,2.50648,FR,Europe/Paris,France,"Les Pavillons-sous-Bois, France",48.90258947,2.507040811,0.473,48.9082988,2.5034999,0.273,48.910064,2.5032,0.433,48.90829801,2.503494102,0.273,48.910064,2.5032,0.433,,,,48.90683,2.50648,0.0,48.90683,2.50648,0.0,48.9082988,2.5034999,0.273,48.9082988,2.5034999,0.273,48.908787,2.516518,0.767,48.9082988,2.5034999,0.273,48.90829894,2.503499798,0.273,48.9082988,2.5034999,0.273,48.9082988,2.5034999,0.273,48.910064,2.5032,0.433,48.9042686,2.5047494,0.312,48.9082988,2.5034999,0.273,48.90814,2.50434,0.214
1166993,Rawalpindi,33.59733,73.0479,PK,Asia/Karachi,Pakistan,"Rawalpindi, Pakistan",33.59733,73.0479,0.0,33.5915446,73.053721,0.839,33.592242,73.075446,2.618,33.60370551,73.0483112,0.708,33.592242,73.075446,2.618,33.5914237,73.0535122,0.837,33.534726,73.086286,7.805,33.59733,73.0479,0.0,33.59732819,73.04789734,0.0,33.6037053,73.0483132,0.708,33.591337,73.051906,0.762,33.5915446,73.053721,0.839,33.25518551,72.82665549,43.167,33.5915446,73.053721,0.839,33.5915446,73.053721,0.839,33.592242,73.075446,2.618,33.6019221,73.0380814,1.044,33.5915446,73.053721,0.839,33.56126,73.06931,4.467
610824,Zugdidi,42.5084,41.86796,GE,Asia/Tbilisi,Georgia,"Zugdidi, Georgia",42.5066239,41.8715443,0.355,42.5072124,41.8716891,0.334,42.5088,41.87088,0.244,42.50721696,41.87168686,0.333,42.5088,41.87088,0.244,42.5067616,41.8713297,0.331,42.5088,41.87088,0.244,42.5084,41.86796,0.0,42.50880051,41.87088013,0.244,42.5072124,41.8716891,0.334,42.512314,41.875541,0.76,42.5072124,41.8716891,0.334,42.50721256,41.871689,0.334,42.5072124,41.8716891,0.334,42.5072124,41.8716891,0.334,42.5088,41.87088,0.244,42.5066239,41.8715443,0.355,42.5072124,41.8716891,0.334,42.50575,41.85739,0.917
2507943,Ain Sefra,32.75,-0.58333,DZ,Africa/Algiers,Algeria,"Ain Sefra, Algeria",32.7552229,-0.590542,0.89,32.7568151,-0.577859,0.913,32.75,-0.58333,0.0,32.75681537,-0.577859468,0.913,32.75,-0.58333,0.0,,,,32.75,-0.58333,0.0,32.75,-0.58333,0.0,32.7568151,-0.577859,0.913,32.7568151,-0.577859,0.913,32.756794,-0.583538,0.754,32.7568151,-0.577859,0.913,32.75681523,-0.577859133,0.913,32.7568151,-0.577859,0.913,32.7568151,-0.577859,0.913,32.75,-0.58333,0.0,32.7552229,-0.590542,0.89,32.7568151,-0.577859,0.913,32.75868,-0.58355,0.963
1586296,Can Giuoc,10.60857,106.67135,VN,Asia/Ho_Chi_Minh,Vietnam,"Can Giuoc, Vietnam",10.60857,106.67135,0.0,10.6080487,106.6711044,0.064,10.61667,106.66667,1.032,10.60804174,106.6711017,0.064,10.61667,106.66667,1.032,10.58334609,106.6679209,2.815,10.60857,106.67135,0.0,10.60857,106.67135,0.0,10.6085701,106.6713486,0.0,10.6080487,106.6711044,0.064,10.602092,106.66952,0.744,10.6080487,106.6711044,0.064,10.61495809,106.6871968,1.873,10.6080487,106.6711044,0.064,10.6080487,106.6711044,0.064,10.61667,106.66667,1.032,10.602888,106.666789,0.803,10.6080487,106.6711044,0.064,0.0,0.0,11841.569
2849483,Regensburg,49.01513,12.10161,DE,Europe/Berlin,Germany,"Regensburg, Germany",49.017834,12.097392,0.431,49.0195333,12.0974869,0.575,49.021388,12.114729,1.185,49.01953803,12.09748198,0.576,49.021388,12.114729,1.185,49.01303934,12.11352294,0.902,49.015152,12.103054,0.106,49.01513,12.10161,0.0,49.0195333,12.0974869,0.575,49.0195333,12.0974869,0.575,49.02017,12.095035,0.739,49.0195333,12.0974869,0.575,49.01953334,12.09748685,0.575,49.0195333,12.0974869,0.575,49.0195333,12.0974869,0.575,49.021388,12.114729,1.185,49.016427,12.101756,0.145,49.0195333,12.0974869,0.575,49.01544,12.10369,0.156
2814131,Waren,53.51986,12.68128,DE,Europe/Berlin,Germany,"Waren, Germany",53.513209,12.686242,0.81,53.5156249,12.6850606,0.534,53.52249,12.678995,0.33,53.51562877,12.68506208,0.534,53.52249,12.678995,0.33,,,,53.5204,12.67985,0.112,53.51986,12.68128,0.0,53.520401,12.67984962,0.112,53.5156249,12.6850606,0.534,53.51446,12.687702,0.737,53.5156249,12.6850606,0.534,53.48223894,12.69188382,4.246,53.5156249,12.6850606,0.534,53.5156249,12.6850606,0.534,53.52249,12.678995,0.33,53.5204182,12.6809267,0.066,53.5156249,12.6850606,0.534,53.51926,12.68268,0.114
3595237,Jalapa,14.63542,-89.99112,GT,America/Guatemala,Guatemala,"Jalapa, Guatemala",14.63488396,-89.98111062,1.08,14.6344164,-89.9897996,0.18,14.63472,-89.98889,0.252,14.6507924,-89.93908147,5.858,14.63472,-89.98889,0.252,14.62088091,-89.9435293,5.374,14.63472,-89.98889,0.252,14.63542,-89.99112,0.0,14.63471985,-89.9888916,0.252,14.6507936,-89.9390853,5.858,14.632089,-89.98524,0.733,14.6507936,-89.9390853,5.858,14.63441649,-89.98979989,0.18,14.6507936,-89.9390853,5.858,14.6507936,-89.9390853,5.858,14.63472,-89.98889,0.252,14.63666,-89.98114,1.084,14.6507936,-89.9390853,5.858,14.65161,-89.99982,2.022
3622716,Nicoya,10.15038,-85.45093,CR,America/Costa_Rica,Costa Rica,"Nicoya, Costa Rica",10.1473198,-85.4598188,1.031,10.1492227,-85.4531221,0.272,10.14828,-85.45201,0.261,10.10334166,-85.4152914,6.506,10.14828,-85.45201,0.261,,,,10.15038,-85.45093,0.0,10.0,-85.41667,17.052,10.15038013,-85.45092773,0.0,10.103348,-85.4152942,6.505,10.1441,-85.45306,0.733,10.103348,-85.4152942,6.505,10.14922279,-85.4531223,0.272,10.103348,-85.4152942,6.505,10.103348,-85.4152942,6.505,10.14828,-85.45201,0.261,10.1473198,-85.4598188,1.031,10.103348,-85.4152942,6.505,10.14189,-85.45803,1.22
1640765,Kebomas,-7.16667,112.6333,ID,Asia/Jakarta,Indonesia,"Kebomas, Indonesia",-7.1628462,112.6357204,0.5,-7.1702337,112.6287178,0.641,-7.16667,112.6333,0.0,-7.170231175,112.6287118,0.642,-7.16667,112.6333,0.0,-7.168861614,112.6305299,0.39,,,,-7.16667,112.6333,0.0,-7.166669846,112.6333008,0.0,-7.1702337,112.6287178,0.641,-7.171134,112.628456,0.728,-7.1702337,112.6287178,0.641,-7.170233369,112.6287175,0.641,-7.1702337,112.6287178,0.641,-7.1702337,112.6287178,0.641,-7.16667,112.6333,0.0,-7.1686572,112.637683,0.532,-7.1702337,112.6287178,0.641,-7.18531,112.62049,2.5
6316976,Curionopolis,-6.10167,-49.59806,BR,America/Belem,Brazil,"Curionopolis, Brazil",-6.0967962,-49.6052794,0.964,-6.0990443,-49.6059039,0.916,-6.095182,-49.6012,0.797,-6.099049993,-49.60590813,0.916,-6.095182,-49.6012,0.797,,,,-6.084841,-49.605012,2.014,-6.10167,-49.59806,0.0,-6.0990443,-49.6059039,0.916,-6.0990443,-49.6059039,0.916,-6.098026,-49.60353,0.727,-6.0990443,-49.6059039,0.916,-6.099044118,-49.60590407,0.916,-6.2505405,-49.6942688,19.607,-6.0990443,-49.6059039,0.916,-6.095182,-49.6012,0.797,-6.0967962,-49.6052794,0.964,-6.0990443,-49.6059039,0.916,-6.05718,-49.61441,5.242
10628608,Kadakkavoor,8.67921,76.76714,IN,Asia/Kolkata,India,"Kadakkavoor, India",8.671897,76.768454,0.822,8.6838747,76.7709099,0.662,8.683885,76.757925,1.138,8.683871423,76.77090126,0.661,8.683885,76.757925,1.138,8.662687142,76.76445647,1.851,8.67921,76.76714,0.0,8.67921,76.76714,0.0,8.679209709,76.76714325,0.0,8.6838747,76.7709099,0.662,8.684055,76.771576,0.725,8.6838747,76.7709099,0.662,8.683874836,76.77090961,0.662,8.6838747,76.7709099,0.662,8.6838747,76.7709099,0.662,8.683885,76.757925,1.138,8.671897,76.768454,0.822,8.6838747,76.7709099,0.662,8.65895,76.79868,4.132
5886586,Arbutus Ridge,49.24966,-123.16934,CA,America/Vancouver,Canada,"Arbutus Ridge, Canada",,,,49.2462132,-123.1612616,0.702,49.246033,-123.161368,0.707,49.24621807,-123.161262,0.702,49.246033,-123.161368,0.707,49.24685273,-123.1616522,0.641,,,,49.24966,-123.16934,0.0,49.24966049,-123.169342,0.0,49.2462132,-123.1612616,0.702,49.246,-123.16111,0.724,49.2462132,-123.1612616,0.702,,,,49.2462132,-123.1612616,0.702,49.2462132,-123.1612616,0.702,49.246033,-123.161368,0.707,48.456822,-123.279479,88.539,49.2462132,-123.1612616,0.702,48.69272,-123.54011,67.624
1497393,Nizhnyaya Salda,58.07756,60.7202,RU,Asia/Yekaterinburg,Russia,"Nizhnyaya Salda, Russia",58.11278016,60.95004719,14.112,58.071352,60.7146772,0.764,58.092038,60.729783,1.709,58.07795195,60.72099499,0.064,58.092038,60.729783,1.709,58.071352,60.7146772,0.764,58.07756,60.7202,0.0,58.10626,60.94479,13.627,58.07756042,60.72019958,0.0,58.071352,60.7146772,0.764,58.071384,60.71647,0.722,58.071352,60.7146772,0.764,58.07135202,60.71467705,0.764,58.071352,60.7146772,0.764,58.071352,60.7146772,0.764,58.092038,60.729783,1.709,58.0773,60.7282801,0.478,58.071352,60.7146772,0.764,0.0,0.0,8333.377
2847645,Rheine,52.28509,7.44055,DE,Europe/Berlin,Germany,"Rheine, Germany",,,,52.2797707,7.4373615,0.631,52.28562,7.442977,0.176,52.27977857,7.437361219,0.63,52.28562,7.442977,0.176,,,,,,,52.28509,7.44055,0.0,52.2797707,7.4373615,0.631,52.2797707,7.4373615,0.631,52.278767,7.438285,0.72,52.2797707,7.4373615,0.631,52.27977076,7.437361255,0.631,52.2797707,7.4373615,0.631,52.2797707,7.4373615,0.631,52.28562,7.442977,0.176,52.2766061,7.4384403,0.955,52.2797707,7.4373615,0.631,52.27161,7.45357,1.743
3072934,Kralovo Pole,49.22522,16.58987,CZ,Europe/Prague,Czechia,"Kralovo Pole, Czechia",49.22482923,16.59084451,0.083,49.2310811,16.5922421,0.674,49.230139,16.595329,0.676,49.23108807,16.59224272,0.675,49.219063,16.591236,0.692,,,,,,,49.22522,16.58987,0.0,49.22521973,16.58987045,0.0,49.2310811,16.5922421,0.674,49.231369,16.592879,0.718,49.2310811,16.5922421,0.674,49.23108118,16.59224186,0.674,49.2310811,16.5922421,0.674,49.2273121,16.5859981,0.366,49.230139,16.59533,0.676,49.225074,16.5901155,0.024,49.2273121,16.5859981,0.366,0.0,0.0,5681.529
1253750,Unjha,23.80366,72.39101,IN,Asia/Kolkata,India,"Unjha, India",23.8008,72.381599,1.01,23.8042717,72.3912763,0.073,23.804299,72.385909,0.525,23.7968439,72.38189119,1.197,23.804299,72.385909,0.525,23.7968484,72.3818955,1.197,23.780097,72.373826,3.143,23.80366,72.39101,0.0,23.80365944,72.39100647,0.0,23.7968484,72.3818955,1.197,23.803995,72.384,0.715,23.7968484,72.3818955,1.197,23.80427199,72.39127602,0.073,23.7968484,72.3818955,1.197,23.7968484,72.3818955,1.197,23.804299,72.385909,0.525,23.8008,72.381599,1.01,23.7968484,72.3818955,1.197,23.7769,72.37743,3.271
10924923,Eramala,11.68591,75.59104,IN,Asia/Kolkata,India,"Eramala, India",11.6766144,75.5950501,1.117,11.6790509,75.5911302,0.759,11.67963,75.590205,0.701,11.67905191,75.59113124,0.759,11.67963,75.590205,0.701,11.67893409,75.6008183,1.316,11.684444,75.602535,1.264,11.66909,75.60101,2.155,11.66909027,75.60101318,2.155,11.6790509,75.5911302,0.759,11.679545,75.590195,0.71,11.6790509,75.5911302,0.759,11.67905117,75.59112992,0.759,11.6790509,75.5911302,0.759,11.6790509,75.5911302,0.759,11.67963,75.590205,0.701,11.6766144,75.5950501,1.117,11.6790509,75.5911302,0.759,11.70153,75.6089,2.603
2448322,Zegoua,10.48804,-5.64943,ML,Africa/Bamako,Mali,"Zegoua, Mali",10.4823726,-5.6509159,0.648,10.4828008,-5.6531417,0.708,10.5,-5.66667,2.305,10.48280172,-5.653149262,0.708,10.5,-5.66667,2.305,10.4828008,-5.6531417,0.708,10.5,-5.66667,2.305,10.48804,-5.64943,0.0,10.48803997,-5.649429798,0.0,10.4828008,-5.6531417,0.708,10.482801,-5.653142,0.708,10.4828008,-5.6531417,0.708,10.48280111,-5.653141737,0.708,10.4828008,-5.6531417,0.708,10.4828008,-5.6531417,0.708,10.5,-5.66667,2.305,10.4823726,-5.6509159,0.648,10.4828008,-5.6531417,0.708,0.0,0.0,1317.697
981827,Louis Trichardt,-23.04385,29.90319,ZA,Africa/Johannesburg,South Africa,"Louis Trichardt, South Africa",-23.0409438,29.9071834,0.521,-23.038326,29.906665,0.708,-23.039955,29.910953,0.905,-23.03832377,29.9066649,0.708,-23.039955,29.910953,0.905,-23.038326,29.906665,0.708,-23.04385,29.90319,0.0,-23.04385,29.90319,0.0,-23.04384995,29.90319061,0.0,-23.038326,29.906665,0.708,-23.038326,29.906665,0.708,-23.038326,29.906665,0.708,-23.03832586,29.90666471,0.708,-23.038326,29.906665,0.708,-23.038326,29.906665,0.708,-23.039955,29.910953,0.905,-23.0409438,29.9071834,0.521,-23.038326,29.906665,0.708,-23.04058,29.90466,0.392
1700917,Marilao,14.75778,120.94833,PH,Asia/Manila,Philippines,"Marilao, Philippines",14.7599312,120.94692,0.282,14.7575956,120.9484672,0.025,14.75778,120.94833,0.0,14.75759242,120.948462,0.025,14.75778,120.94833,0.0,14.78608328,121.0192538,8.253,14.75778,120.94833,0.0,14.75778,120.94833,0.0,14.7575517,120.9482162,0.028,14.7575956,120.9484672,0.025,14.754667,120.954,0.701,14.7740516,120.9593854,2.158,14.75759567,120.9484669,0.025,14.7575956,120.9484672,0.025,14.7575956,120.9484672,0.025,14.75778,120.94833,0.0,14.7599312,120.94692,0.282,14.7575956,120.9484672,0.025,14.76804,120.97017,2.611
146516,Kato Polemidia,34.69721,32.99324,CY,Asia/Nicosia,Cyprus,"Kato Polemidia, Cyprus",34.6934817,33.0003892,0.775,34.690548,33.0034555,1.193,34.686701,33.001941,1.412,34.69054568,33.00345541,1.193,34.686701,33.001941,1.412,,,,34.69721,32.99324,0.0,34.69721,32.99324,0.0,34.6972084,32.99324036,0.0,34.690548,33.0034555,1.193,34.692944,32.99883,0.697,34.690548,33.0034555,1.193,34.69054812,33.0034554,1.193,34.690548,33.0034555,1.193,34.690548,33.0034555,1.193,34.686701,33.001941,1.412,34.6934817,33.0003892,0.775,34.690548,33.0034555,1.193,34.69242,33.01147,1.753
3427687,Tortuguitas,-34.47513,-58.75367,AR,America/Argentina/Buenos_Aires,Argentina,"Tortuguitas, Argentina",-34.4750623,-58.7472918,0.586,-34.4705116,-58.7587082,0.69,-34.46968,-58.75917,0.788,-34.47051565,-58.75870963,0.69,-34.46968,-58.75917,0.788,,,,-34.458937,-58.739473,2.22,-34.47513,-58.75367,0.0,-34.47512817,-58.75366974,0.0,-34.4705116,-58.7587082,0.69,-34.470722,-58.75905,0.695,-34.4705116,-58.7587082,0.69,-34.47367488,-58.75253725,0.192,-34.4705116,-58.7587082,0.69,-34.4705116,-58.7587082,0.69,-34.46968,-58.75917,0.788,-34.4750623,-58.7472918,0.586,-34.4705116,-58.7587082,0.69,-34.47254,-58.75421,0.292
2336985,Itu,5.20131,7.98373,NG,Africa/Lagos,Nigeria,"Itu, Nigeria",5.2016828,7.9992451,1.721,5.2009517,7.9781849,0.616,5.2004,7.98475,0.151,5.14517843,8.003291311,6.575,5.2004,7.98475,0.151,5.154304613,7.988175189,5.221,5.182524,7.983622,2.077,5.14318,7.97788,6.461,5.201310158,7.983729839,0.0,5.1451749,8.0032914,6.576,5.20155,7.977539,0.687,5.1451749,8.0032914,6.576,5.200952004,7.978184782,0.616,5.1451749,8.0032914,6.576,5.1451749,8.0032914,6.576,5.2004,7.98475,0.151,5.2016828,7.9992451,1.721,5.1451749,8.0032914,6.576,5.17392,8.03813,6.749
2129034,Nakashibetsu,43.54849,144.97181,JP,Asia/Tokyo,Japan,"Nakashibetsu, Japan",43.55520004,144.9714154,0.746,43.5551604,144.9716731,0.741,43.587422,144.87016,9.281,43.55516714,144.9716724,0.742,43.587422,144.87016,9.281,43.57655319,144.9597338,3.267,43.54849,144.97181,0.0,43.5775,144.96,3.361,43.54848862,144.971817,0.001,43.5551604,144.9716731,0.741,43.55455,144.9701,0.687,43.5551604,144.9716731,0.741,43.5551604,144.9716729,0.741,43.5551604,144.9716731,0.741,43.5551604,144.9716731,0.741,43.587422,144.87016,9.281,43.5481159,144.982933,0.9,43.5551604,144.9716731,0.741,43.55153,144.97771,0.584
2225991,Mora,11.04611,14.14011,CM,Africa/Douala,Cameroon,"Mora, Cameroon",,,,11.0484452,14.1342835,0.687,11.04611,14.14011,0.0,11.04844181,14.13428232,0.687,11.04611,14.14011,0.0,11.0484189,14.1342057,0.694,11.008549,14.209678,8.663,11.04611,14.14011,0.0,11.04611015,14.14011002,0.0,11.0484452,14.1342835,0.687,11.048445,14.134284,0.687,11.0484452,14.1342835,0.687,11.04844538,14.13428329,0.687,11.0484452,14.1342835,0.687,11.0484452,14.1342835,0.687,11.04611,14.14011,0.0,11.0471044,14.1367189,0.387,11.0484452,14.1342835,0.687,11.01578,14.1876,6.18
1264317,Maihar,24.26594,80.76063,IN,Asia/Kolkata,India,"Maihar, India",24.2596703,80.7584863,0.728,24.260444,80.7592749,0.624,24.256452,80.761898,1.059,24.25674397,80.76373132,1.066,24.256452,80.761898,1.059,24.260444,80.7592749,0.624,24.268775,80.729956,3.13,24.26594,80.76063,0.0,24.26593971,80.76062775,0.0,24.2437541,81.0446912,28.951,24.259914,80.76195,0.681,24.2567489,80.7637341,1.066,24.26044426,80.75927462,0.624,24.2437541,81.0446912,28.951,24.2437541,81.0446912,28.951,24.256452,80.761898,1.059,24.2596703,80.7584863,0.728,24.2437541,81.0446912,28.951,24.22333,80.77159,4.849
3190359,Solin,43.5432,16.49314,HR,Europe/Zagreb,Croatia,"Solin, Croatia",,,,43.5442913,16.4853016,0.645,43.546227,16.488794,0.486,43.54429713,16.4853027,0.645,43.546227,16.488794,0.486,,,,,,,43.5432,16.49314,0.0,43.5442913,16.4853016,0.645,43.5442913,16.4853016,0.645,43.54247,16.484774,0.681,43.5442913,16.4853016,0.645,43.54429148,16.48530152,0.645,43.5442913,16.4853016,0.645,43.5492264,16.4785441,1.356,43.546227,16.488794,0.486,43.5375641,16.4910147,0.649,43.5492264,16.4785441,1.356,43.54755,16.50549,1.109
2151437,Rockhampton,-23.38032,150.50595,AU,Australia/Brisbane,Australia,"Rockhampton, Australia",-23.38918546,150.4973668,1.317,-23.3782137,150.5134227,0.799,-23.379739,150.509755,0.394,-23.37821383,150.5134225,0.799,-23.379739,150.509755,0.394,-23.3782137,150.5134227,0.799,-23.376555,150.50429,0.45,-23.38032,150.50595,0.0,-23.3803196,150.5059509,0.0,-23.3782137,150.5134227,0.799,-23.378939,150.51236,0.673,-23.3782137,150.5134227,0.799,-23.37821351,150.5134225,0.799,-23.3782137,150.5134227,0.799,-23.3782137,150.5134227,0.799,-23.379739,150.509755,0.394,-23.376579,150.5106196,0.632,-23.3782137,150.5134227,0.799,-23.37942,150.50971,0.397
2119538,Yelizovo,53.18936,158.38282,RU,Asia/Kamchatka,Russia,"Yelizovo, Russia",53.1893329,158.3829767,0.011,53.1864972,158.3836712,0.324,53.172376,158.379298,1.905,53.18987187,158.3822593,0.068,53.172376,158.379298,1.905,53.1864972,158.3836712,0.324,53.18909,158.38135,0.103,53.18936,158.38282,0.0,53.18909073,158.3813477,0.103,53.1864972,158.3836712,0.324,53.18464,158.38896,0.667,53.1864972,158.3836712,0.324,53.18649732,158.3836712,0.324,53.1864972,158.3836712,0.324,53.1864972,158.3836712,0.324,53.172376,158.379298,1.905,53.1893329,158.3829767,0.011,53.1864972,158.3836712,0.324,0.0,0.0,13779.322
1611135,Chok Chai,14.72844,102.16524,TH,Asia/Bangkok,Thailand,"Chok Chai, Thailand",14.73232084,102.163231,0.481,14.731245,102.1680339,0.432,14.734254,102.16739,0.684,14.75448242,102.1971317,4.483,14.734254,102.16739,0.684,16.3543518,104.485428,307.105,14.72844,102.16524,0.0,14.76341,102.20338,5.642,14.72844028,102.1652374,0.0,14.731245,102.1680339,0.432,14.734455,102.16551,0.666,14.7544879,102.1971393,4.484,14.73124503,102.1680336,0.432,14.731245,102.1680339,0.432,14.731245,102.1680339,0.432,14.734254,102.16739,0.684,14.7325261,102.1641284,0.468,13.7944253,100.5944302,198.523,14.84181,102.19516,12.951
1606250,Si Racha,13.17283,100.93159,TH,Asia/Bangkok,Thailand,"Si Racha, Thailand",13.17452641,100.9308197,0.205,13.1674773,100.9281036,0.703,13.130051,100.953809,5.311,13.16686216,100.9291717,0.71,13.130051,100.953809,5.311,13.1660655,100.9302166,0.763,13.17372,100.93111,0.111,13.17372,100.93111,0.111,13.17372036,100.9311066,0.112,13.1668636,100.9291702,0.71,13.167472,100.92879,0.666,13.1668636,100.9291702,0.71,13.16747762,100.9281034,0.703,13.1674773,100.9281036,0.703,13.1674773,100.9281036,0.703,13.130051,100.953809,5.311,13.1747852,100.9309048,0.229,13.1674773,100.9281036,0.703,13.17527,100.9529,2.326
3407353,Araguatins,-5.65084,-48.11119,BR,America/Araguaina,Brazil,"Araguatins, Brazil",-5.6514604,-48.1151246,0.441,-5.6529384,-48.1161923,0.601,-5.64553,-48.117922,0.949,-5.652939262,-48.11619788,0.601,-5.64553,-48.117922,0.949,-5.6529384,-48.1161923,0.601,-5.661585,-48.118849,1.46,-5.64071,-48.08859,2.743,-5.6529384,-48.1161923,0.601,-5.6529384,-48.1161923,0.601,-5.652847,-48.116825,0.663,-5.6529384,-48.1161923,0.601,-5.652938248,-48.11619245,0.601,-5.6529384,-48.1161923,0.601,-5.6529384,-48.1161923,0.601,-5.64553,-48.117922,0.949,-5.6514604,-48.1151246,0.441,-5.6529384,-48.1161923,0.601,-5.65983,-48.11991,1.386
7026885,Ratchathewi,13.759,100.53358,TH,Asia/Bangkok,Thailand,"Ratchathewi, Thailand",13.75911925,100.5342402,0.073,13.7532229,100.5318599,0.666,13.754578,100.541595,0.995,13.75322225,100.5318516,0.666,13.754578,100.541595,0.995,,,,13.759,100.53358,0.0,13.76029,100.53724,0.421,13.75899982,100.533577,0.0,13.7532229,100.5318599,0.666,13.753272,100.53188,0.66,13.7532229,100.5318599,0.666,13.75322293,100.5318597,0.666,13.7532229,100.5318599,0.666,13.7532229,100.5318599,0.666,13.754578,100.541595,0.995,13.7589373,100.5343235,0.081,13.7532229,100.5318599,0.666,13.7545,100.5387,0.745
3170102,Civitanova Marche,43.30491,13.72068,IT,Europe/Rome,Italy,"Civitanova Marche, Italy",43.304563,13.7194675,0.106,43.3055233,13.7229297,0.195,43.304998,13.722525,0.15,43.3055271,13.72292225,0.194,43.304998,13.722525,0.15,43.3055233,13.7229297,0.195,43.30491,13.72068,0.0,43.30491,13.72068,0.0,43.30490875,13.72068024,0.0,43.3055233,13.7229297,0.195,43.307793,13.727751,0.657,43.3055233,13.7229297,0.195,43.30552342,13.72292966,0.195,43.3055233,13.7229297,0.195,43.3055233,13.7229297,0.195,43.304998,13.722525,0.15,43.304563,13.7194675,0.106,43.3055233,13.7229297,0.195,43.30802,13.7122,0.77
1278343,Arumuganeri,8.5688,78.09091,IN,Asia/Kolkata,India,"Arumuganeri, India",8.56918,78.096329,0.598,8.569964,78.0956681,0.539,8.569658,78.095763,0.543,8.579441406,78.09200128,1.183,8.569658,78.095763,0.543,8.579448399,78.092,1.184,8.570197,78.090231,0.172,8.5688,78.09091,0.0,8.568799973,78.09091187,0.0,8.5794484,78.092,1.184,8.574319,78.08904,0.644,8.5794484,78.092,1.184,8.5699641,78.09566807,0.539,8.5794484,78.092,1.184,8.5794484,78.092,1.184,8.569658,78.095763,0.543,8.56918,78.096329,0.598,8.5794484,78.092,1.184,8.56926,78.08343,0.825
1267934,Kapasan,24.8894,74.31667,IN,Asia/Kolkata,India,"Kapasan, India",24.8855,74.311798,0.655,24.8877449,74.3123201,0.476,24.881282,74.311018,1.065,24.86143407,74.31100122,3.15,24.881282,74.311018,1.065,24.8877449,74.3123201,0.476,24.8894,74.31667,0.0,24.8894,74.31667,0.0,24.88940048,74.31667328,0.0,24.8614365,74.3110046,3.15,24.885191,74.312294,0.643,24.8614365,74.3110046,3.15,24.88774491,74.31232005,0.476,24.8614365,74.3110046,3.15,24.8614365,74.3110046,3.15,24.881282,74.311018,1.065,24.8855,74.311798,0.655,24.8614365,74.3110046,3.15,24.91528,74.28881,4.018
665355,Tecuci,45.84973,27.43441,RO,Europe/Bucharest,Romania,"Tecuci, Romania",45.84735609,27.4189949,1.226,45.8457816,27.4290798,0.603,45.845581,27.428136,0.671,45.84578751,27.42907449,0.603,45.845581,27.428136,0.671,45.8457816,27.4290798,0.603,45.84973,27.43441,0.0,45.84973,27.43441,0.0,45.8457816,27.4290798,0.603,45.8457816,27.4290798,0.603,45.84461,27.430588,0.642,45.8457816,27.4290798,0.603,45.84578168,27.42907975,0.603,45.8457816,27.4290798,0.603,45.8457816,27.4290798,0.603,45.845581,27.428136,0.671,45.845975,27.430152,0.533,45.8457816,27.4290798,0.603,45.83978,27.42709,1.244
4238132,Fairview Heights,38.58894,-89.99038,US,America/Chicago,United States,"Fairview Heights, United States",38.597277,-90.012748,2.157,38.5889386,-89.990382,0.0,38.590174,-89.987061,0.32,38.59663263,-90.00711415,1.69,38.590174,-89.987061,0.32,38.5889386,-89.990382,0.0,38.594172,-89.997841,0.872,,,,38.58893967,-89.99037933,0.0,38.5889386,-89.990382,0.0,38.592842,-89.984997,0.638,38.5889386,-89.990382,0.0,38.58893867,-89.99038227,0.0,38.5889386,-89.990382,0.0,38.5889386,-89.990382,0.0,38.590174,-89.987061,0.32,38.597277,-90.012748,2.157,38.5889386,-89.990382,0.0,0.0,0.0,10011.41
3463030,Foz do Iguacu,-25.54778,-54.58806,BR,America/Sao_Paulo,Brazil,"Foz do Iguacu, Brazil",-25.546897,-54.588171,0.098,-25.5304023,-54.5830692,1.989,-25.511383,-54.550203,5.544,-25.53040418,-54.58306894,1.989,-25.511383,-54.550203,5.544,-25.3595439,-54.2514476,39.762,-25.518626,-54.558964,4.357,-25.54778,-54.58806,0.0,-25.54777908,-54.58805847,0.0,-25.5304023,-54.5830692,1.989,-25.542088,-54.58742,0.634,-25.5304023,-54.5830692,1.989,-25.53040225,-54.58306946,1.989,-25.5304023,-54.5830692,1.989,-25.5304023,-54.5830692,1.989,-25.511383,-54.550203,5.544,-25.546897,-54.588171,0.098,-25.5304023,-54.5830692,1.989,-25.51688,-54.55587,4.71
5347578,Fallbrook,33.37642,-117.25115,US,America/Los_Angeles,United States,"Fallbrook, United States",33.3820598,-117.2513546,0.626,33.3820654,-117.2513896,0.627,33.366337,-117.229051,2.341,33.36954655,-117.2291922,2.181,33.366337,-117.229051,2.341,33.3764196,-117.2511466,0.0,33.366987,-117.215849,3.448,33.37642,-117.25115,0.0,33.37641907,-117.251152,0.0,33.3663105,-117.2232672,2.827,33.382061,-117.251413,0.626,33.3663105,-117.2233069,2.823,33.38206553,-117.2513898,0.627,33.3820654,-117.2513896,0.627,33.3663105,-117.2232672,2.827,33.366337,-117.229051,2.341,33.405056,-117.252898,3.18,33.3663105,-117.2232672,2.827,0.0,0.0,12517.895
2653941,Cambridge,52.2,0.11667,GB,Europe/London,United Kingdom,"Cambridge, United Kingdom",,,,52.2055314,0.1186637,0.63,52.336502,0.025939,16.403,52.20553855,0.118661944,0.631,52.336502,0.025939,16.403,,,,,,,52.2,0.11667,0.0,52.2055314,0.1186637,0.63,52.2055314,0.1186637,0.63,52.203482,0.123582,0.611,52.2055314,0.1186637,0.63,52.2055315,0.118663609,0.63,52.1975846,0.1391537,1.561,52.1975846,0.1391537,1.561,52.336502,0.025939,16.403,52.2025441,0.1312368,1.035,52.2055314,0.1186637,0.63,52.20912,0.12171,1.072
5854496,Wailuku,20.89133,-156.50604,US,Pacific/Honolulu,United States,"Wailuku, United States",20.8869413,-156.5048234,0.502,20.8905443,-156.503093,0.319,20.877098,-156.511402,1.672,20.89663434,-156.5025643,0.69,20.877098,-156.511402,1.672,20.8905443,-156.503093,0.319,20.892801,-156.503806,0.284,20.86774,-156.61706,11.844,20.89133072,-156.5060425,0.0,20.8894684,-156.5089398,0.365,20.887799,-156.501538,0.61,20.8905443,-156.503093,0.319,20.8905444,-156.5030933,0.319,20.8905443,-156.503093,0.319,20.8894684,-156.5089398,0.365,20.877098,-156.511402,1.672,20.90576,-156.542705,4.136,20.8894684,-156.5089398,0.365,0.0,0.0,16575.603
2302002,Damongo,9.08296,-1.81884,GH,Africa/Accra,Ghana,"Damongo, Ghana",9.0844529,-1.8239376,0.584,9.0850647,-1.8200755,0.27,9.08337,-1.81819,0.085,9.085061488,-1.820072982,0.269,9.08337,-1.81819,0.085,9.123219099,-1.2730969,60.157,9.08296,-1.81884,0.0,9.08296,-1.81884,0.0,9.082960129,-1.818840027,0.0,9.0850647,-1.8200755,0.27,9.082943,-1.813432,0.595,9.0850647,-1.8200755,0.27,9.085064912,-1.820075624,0.27,9.0850647,-1.8200755,0.27,9.0850647,-1.8200755,0.27,9.08337,-1.81819,0.085,9.0844529,-1.8239376,0.584,9.0850647,-1.8200755,0.27,9.08357,-1.82353,0.52
2817576,Verl,51.88333,8.51667,DE,Europe/Berlin,Germany,"Verl, Germany",51.882118,8.508286,0.593,51.8830037,8.5093149,0.508,51.557355,7.913332,55.261,51.55334845,7.915551297,55.441,51.557355,7.913332,55.261,,,,51.874789,8.51421,0.965,51.55493,7.91403,55.403,51.8833313,8.516670227,0.0,51.5533457,7.9155558,55.441,51.88205,8.508295,0.594,51.5533457,7.9155558,55.441,51.88300372,8.509314805,0.508,51.5533457,7.9155558,55.441,51.5533457,7.9155558,55.441,51.557355,7.913332,55.261,51.8819618,8.5107357,0.436,51.8787331,8.5241969,0.728,51.55224,7.91683,55.457
1185117,Narsingdi,23.92298,90.71768,BD,Asia/Dhaka,Bangladesh,"Narsingdi, Bangladesh",23.92298,90.71768,0.0,23.9197152,90.7152981,0.435,23.92298,90.71768,0.0,23.91971392,90.71529149,0.436,23.92298,90.71768,0.0,24.00821596,90.77574121,11.138,23.92298,90.71768,0.0,23.92298,90.71768,0.0,23.92297935,90.71768188,0.0,23.9197152,90.7152981,0.435,23.92729,90.72114,0.593,23.9197152,90.7152981,0.435,23.91971531,90.71529787,0.435,23.9197152,90.7152981,0.435,23.9197152,90.7152981,0.435,23.92298,90.71768,0.0,23.7073061,90.4154833,38.972,24.0238335,90.8163484,15.02,23.92989,90.71175,0.975
1677053,Zhudong,24.73167,121.09083,TW,Asia/Taipei,Taiwan,"Zhudong, Taiwan",24.73901,121.0862986,0.933,24.7362436,121.0910952,0.507,24.731123,121.089742,0.126,24.73624405,121.091092,0.507,24.731123,121.089742,0.126,24.7362436,121.0910952,0.507,,,,24.73167,121.09083,0.0,24.73167038,121.0908279,0.0,24.7362436,121.0910952,0.507,24.73657,121.08853,0.591,24.7362436,121.0910952,0.507,24.73624385,121.091095,0.507,24.7362436,121.0910952,0.507,24.7362436,121.0910952,0.507,24.731123,121.089742,0.126,24.7366449,121.0916133,0.557,24.7362436,121.0910952,0.507,24.7408,121.07919,1.552
2849548,Rees,51.76263,6.39778,DE,Europe/Berlin,Germany,"Rees, Germany",51.759506,6.39621,0.364,51.7581242,6.3956605,0.522,51.736362,6.504485,7.928,51.75812848,6.395661048,0.522,51.736362,6.504485,7.928,51.7581242,6.3956605,0.522,51.769751,6.409625,1.139,51.76263,6.39778,0.0,51.76263046,6.397779942,0.0,51.7581242,6.3956605,0.522,51.75756,6.39632,0.573,51.7581242,6.3956605,0.522,51.73364962,6.48017013,6.54,51.7581242,6.3956605,0.522,51.7581242,6.3956605,0.522,51.736362,6.504485,7.928,51.7619433,6.394938,0.211,51.7581242,6.3956605,0.522,51.77431,6.42019,2.02
1254309,Titagarh,22.74252,88.37326,IN,Asia/Kolkata,India,"Titagarh, India",22.74252,88.37326,0.0,22.7419198,88.379201,0.614,22.741396,88.372727,0.136,22.74191373,88.37920145,0.614,22.741396,88.372727,0.136,22.7419198,88.379201,0.614,22.74252,88.37326,0.0,22.74252,88.37326,0.0,22.74251938,88.3732605,0.0,22.7419198,88.379201,0.614,22.73853,88.36972,0.572,22.7419198,88.379201,0.614,22.74192005,88.37920077,0.614,22.7419198,88.379201,0.614,22.7419198,88.379201,0.614,22.741396,88.372727,0.136,22.7466602,88.3734907,0.459,22.7419198,88.379201,0.614,22.74356,88.37839,0.539
575591,Bogoroditsk,53.77174,38.12305,RU,Europe/Moscow,Russia,"Bogoroditsk, Russia",53.7682477,38.1338043,0.809,53.773571,38.126965,0.329,53.779603,38.132563,1.077,53.77188188,38.12362462,0.041,53.779603,38.132563,1.077,53.773571,38.126965,0.329,,,,53.77174,38.12305,0.0,53.773571,38.126965,0.329,53.773571,38.126965,0.329,53.770725,38.131516,0.57,53.773571,38.126965,0.329,53.77357115,38.12696479,0.329,53.773571,38.126965,0.329,53.773571,38.126965,0.329,53.779603,38.132563,1.077,53.7682477,38.1338043,0.809,53.773571,38.126965,0.329,53.76372,38.13084,1.03
3003603,Le Mans,48.0021,0.20251,FR,Europe/Paris,France,"Le Mans, France",48.00752316,0.197347784,0.716,48.0073849,0.1967849,0.727,47.986684,0.200717,1.719,48.00738787,0.196783224,0.727,47.986684,0.200717,1.719,48.0073849,0.1967849,0.727,48.0021,0.20251,0.0,48.0021,0.20251,0.0,48.0073849,0.1967849,0.727,48.0073849,0.1967849,0.727,48.00434,0.195798,0.559,48.0073849,0.1967849,0.727,48.00738502,0.196784623,0.727,48.0073849,0.1967849,0.727,48.0073849,0.1967849,0.727,47.986684,0.200717,1.719,48.0077464,0.198517,0.695,48.0073849,0.1967849,0.727,47.99227,0.19499,1.229
2544720,Kasba Tadla,32.5977,-6.26844,MA,Africa/Casablanca,Morocco,"Kasba Tadla, Morocco",32.595779,-6.2746099,0.617,32.602894,-6.269706,0.588,32.597637,-6.266334,0.198,32.60289534,-6.269701027,0.588,32.597637,-6.266334,0.198,32.59627146,-6.26594009,0.283,,,,32.5977,-6.26844,0.0,32.602894,-6.269706,0.588,32.602894,-6.269706,0.588,32.602707,-6.26894,0.557,32.602894,-6.269706,0.588,32.60289408,-6.269706152,0.588,32.602894,-6.269706,0.588,32.602894,-6.269706,0.588,32.597637,-6.266334,0.198,32.595779,-6.2746099,0.617,32.5904721,-6.4247272,14.694,32.5979,-6.26662,0.172
1336140,Jessore,23.16971,89.21371,BD,Asia/Dhaka,Bangladesh,"Jessore, Bangladesh",23.1668921,89.2200304,0.718,23.1665256,89.2094419,0.562,23.16971,89.21371,0.0,23.1665238,89.20944146,0.562,23.16971,89.21371,0.0,22.9372087,89.2852741,26.772,23.16971,89.21371,0.0,23.16971,89.21371,0.0,23.16971016,89.21370697,0.0,23.1665256,89.2094419,0.562,23.166573,89.20951,0.553,23.1665256,89.2094419,0.562,23.18075274,89.21950677,1.359,23.1665256,89.2094419,0.562,23.1665256,89.2094419,0.562,23.16971,89.21371,0.0,23.1668921,89.2200304,0.718,23.1665256,89.2094419,0.562,23.17403,89.19902,1.578
3395077,Matriz de Camaragibe,-9.15167,-35.53333,BR,America/Maceio,Brazil,"Matriz de Camaragibe, Brazil",-9.1544422,-35.5311115,0.392,-9.154373,-35.524302,1.036,-9.155513,-35.527228,0.794,-9.1543715,-35.52430582,1.036,-9.155513,-35.527228,0.794,-9.154373,-35.524302,1.036,-9.156626,-35.532199,0.562,-9.13832,-35.57613,4.931,-9.154373,-35.524302,1.036,-9.154373,-35.524302,1.036,-9.156542,-35.53446,0.553,-9.154373,-35.524302,1.036,-9.15437268,-35.52430205,1.036,-9.1096183,-35.5696,6.126,-9.154373,-35.524302,1.036,-9.155513,-35.527228,0.794,-9.1544422,-35.5311115,0.392,-9.154373,-35.524302,1.036,-9.15328,-35.53491,0.249
2825422,Stuhr,53.03333,8.75,DE,Europe/Berlin,Germany,"Stuhr, Germany",53.028414,8.750247,0.547,53.027353,8.7497818,0.665,52.997192,8.726409,4.322,53.02735869,8.749781434,0.665,52.997192,8.726409,4.322,53.02478348,8.728966717,1.702,53.034587,8.725906,1.622,53.02028,8.7656,1.79,53.027353,8.7497818,0.665,53.027353,8.7497818,0.665,53.028408,8.750377,0.548,53.027353,8.7497818,0.665,53.02735309,8.749781549,0.665,53.027353,8.7497818,0.665,53.027353,8.7497818,0.665,52.997192,8.726409,4.322,53.025486,8.745711,0.919,53.027353,8.7497818,0.665,53.01332,8.74604,2.243
2281606,Sinfra,6.62103,-5.91144,CI,Africa/Abidjan,Ivory Coast,"Sinfra, Ivory Coast",6.6217192,-5.9123946,0.13,6.6167488,-5.9089494,0.548,6.61667,-5.91667,0.753,6.616741084,-5.908949681,0.548,6.61667,-5.91667,0.753,6.616748799,-5.9089494,0.548,6.62103,-5.91144,0.0,6.62103,-5.91144,0.0,6.621029854,-5.911439896,0.0,6.6167488,-5.9089494,0.548,6.616749,-5.90895,0.548,6.6167488,-5.9089494,0.548,6.616748958,-5.90894971,0.548,6.6167488,-5.9089494,0.548,6.6167488,-5.9089494,0.548,6.61667,-5.91667,0.753,,,,7.9897371,-5.5679458,156.048,0.0,0.0,983.445
6252065,Nou Barris,41.44163,2.17727,ES,Europe/Madrid,Spain,"Nou Barris, Spain",41.44163,2.17727,0.0,41.4458153,2.1798006,0.511,41.446233,2.180541,0.58,41.44581679,2.179803571,0.511,41.446233,2.180541,0.58,,,,,,,41.44163,2.17727,0.0,41.44163132,2.177269936,0.0,41.4458153,2.1798006,0.511,41.446102,2.180024,0.547,41.4458153,2.1798006,0.511,41.44581539,2.179800421,0.511,41.4458153,2.1798006,0.511,41.4458153,2.1798006,0.511,41.446233,2.180541,0.58,41.4480595,2.1788411,0.726,41.4458153,2.1798006,0.511,41.44811,2.17703,0.72
2917412,Griesheim,49.86085,8.5725,DE,Europe/Berlin,Germany,"Griesheim, Germany",49.859176,8.552637,1.44,49.8615899,8.5762043,0.279,49.859401,8.562838,0.713,49.86158817,8.576201405,0.279,49.859401,8.562838,0.713,,,,49.860625,8.564626,0.567,49.86085,8.5725,0.0,49.86085129,8.572500229,0.0,49.8615899,8.5762043,0.279,49.862904,8.579368,0.544,49.8615899,8.5762043,0.279,49.86158996,8.576204069,0.279,49.8615899,8.5762043,0.279,49.8615899,8.5762043,0.279,49.859401,8.562838,0.713,49.8595941,8.5524516,1.448,49.8615899,8.5762043,0.279,49.86073,8.56581,0.481
2793446,Lanaken,50.89318,5.6468,BE,Europe/Brussels,Belgium,"Lanaken, Belgium",50.89944366,5.6443465,0.718,50.8892784,5.6513208,0.538,50.892164,5.648161,0.148,50.88927834,5.651329259,0.538,50.892164,5.648161,0.148,50.8892784,5.6513208,0.538,50.89318,5.6468,0.0,50.89318,5.6468,0.0,50.8892784,5.6513208,0.538,50.8892784,5.6513208,0.538,50.889278,5.651321,0.538,50.8892784,5.6513208,0.538,50.88927853,5.651320517,0.538,50.8892784,5.6513208,0.538,50.8892784,5.6513208,0.538,50.892164,5.648161,0.148,50.8900441,5.6508919,0.452,50.8892784,5.6513208,0.538,50.89233,5.64969,0.224
558082,Gukovo,48.06212,39.9355,RU,Europe/Moscow,Russia,"Gukovo, Russia",48.0480014,39.9532911,2.055,48.0530303,39.9441925,1.201,48.058409,39.94219,0.647,48.06278779,39.93565465,0.075,48.058409,39.94219,0.647,48.0530303,39.9441925,1.201,48.06212,39.9355,0.0,48.06212,39.9355,0.0,48.06211853,39.9355011,0.0,48.0530303,39.9441925,1.201,48.05849,39.940228,0.536,48.0530303,39.9441925,1.201,48.05303035,39.94419225,1.201,48.0530303,39.9441925,1.201,48.0530303,39.9441925,1.201,48.058409,39.94219,0.647,48.0480014,39.9532911,2.055,48.0460281,39.9486772,2.041,0.0,0.0,6568.237
1254447,Timurni,22.37115,77.2274,IN,Asia/Kolkata,India,"Timurni, India",22.37115,77.2274,0.0,22.3757185,77.2317967,0.679,,,,22.37571367,77.23179127,0.678,22.369873,77.225048,0.28,22.36644719,77.22247766,0.727,22.37115,77.2274,0.0,22.37115,77.2274,0.0,22.37114906,77.22740173,0.0,22.3757185,77.2317967,0.679,22.368248,77.22337,0.525,22.3757185,77.2317967,0.679,22.37449138,77.23158271,0.568,22.3757185,77.2317967,0.679,22.3757185,77.2317967,0.679,22.369873,77.225048,0.28,22.3762,77.230103,0.625,22.3757185,77.2317967,0.679,22.35214,77.22531,2.116
3888523,Hualqui,-36.97266,-72.93559,CL,America/Santiago,Chile,"Hualqui, Chile",-36.972668,-72.9358919,0.027,-36.9759363,-72.9383874,0.441,-36.972021,-72.933457,0.203,-36.97593606,-72.9383812,0.44,-36.972021,-72.933457,0.203,-36.9759363,-72.9383874,0.441,-37.00159,-72.924416,3.361,-36.97266,-72.93559,0.0,-36.97266006,-72.93559265,0.0,-36.9759363,-72.9383874,0.441,-36.976437,-72.939095,0.523,-36.9759363,-72.9383874,0.441,-36.97593617,-72.93838765,0.441,-36.9759363,-72.9383874,0.441,-36.9759363,-72.9383874,0.441,-36.972021,-72.933457,0.203,-36.972668,-72.9358919,0.027,-36.9759363,-72.9383874,0.441,-36.96817,-72.93342,0.534
3445728,Urandi,-14.77139,-42.655,BR,America/Bahia,Brazil,"Urandi, Brazil",-14.7697758,-42.6561201,0.216,-14.7680766,-42.6573988,0.448,,,,-14.76807242,-42.65739699,0.449,-14.766844,-42.656049,0.516,-14.73032523,-42.69272549,6.095,-14.769902,-42.671091,1.74,-14.734,-42.66544,4.287,-14.7680766,-42.6573988,0.448,-14.7680766,-42.6573988,0.448,-14.766972,-42.656693,0.522,-14.7680766,-42.6573988,0.448,-14.76807635,-42.65739888,0.448,-14.7255,-42.7024031,7.2,-14.7680766,-42.6573988,0.448,-14.766844,-42.656049,0.516,-14.7697758,-42.6561201,0.216,-14.7680766,-42.6573988,0.448,-14.75794,-42.6856,3.615
1860785,Kainan,34.15166,135.21398,JP,Asia/Tokyo,Japan,"Kainan, Japan",34.15762141,135.239738,2.466,34.1548656,135.2092791,0.561,34.15,135.2,1.302,34.1548656,135.2092722,0.561,34.15,135.2,1.302,34.14194124,135.2043012,1.4,34.15166,135.21398,0.0,34.15166,135.21398,0.0,34.15166092,135.213974,0.001,34.1548656,135.2092791,0.561,34.155544,135.21107,0.508,34.1548656,135.2092791,0.561,34.15486586,135.209279,0.561,34.1548656,135.2092791,0.561,34.1548656,135.2092791,0.561,34.15,135.2,1.302,34.1533394,135.2124634,0.233,34.1548656,135.2092791,0.561,34.13419,135.22016,2.02
2143973,Westmead,-33.80383,150.98768,AU,Australia/Sydney,Australia,"Westmead, Australia",-33.80961898,150.9870294,0.645,-33.8076498,150.9877265,0.424,-33.806428,150.985439,0.355,-33.80764554,150.9877225,0.423,-33.806428,150.985439,0.355,-33.8127952,150.9851711,1.021,,,,-33.80383,150.98768,0.0,-33.80382919,150.9876862,0.001,-33.8076498,150.9877265,0.424,-33.808395,150.9879,0.507,-33.8076498,150.9877265,0.424,-33.80764958,150.9877263,0.424,-33.8076498,150.9877265,0.424,-33.8076498,150.9877265,0.424,-33.806428,150.985439,0.355,-33.8079225,150.9874139,0.455,-33.8076498,150.9877265,0.424,-33.8112,150.98638,0.826
3167022,Savona,44.30905,8.47715,IT,Europe/Rome,Italy,"Savona, Italy",44.3110703,8.4772463,0.225,44.3080251,8.4810315,0.33,44.309589,8.47696,0.062,44.23342725,8.252571352,19.802,44.309589,8.47696,0.062,44.28202953,8.290577535,15.189,44.30905,8.47715,0.0,44.30905,8.47715,0.0,44.30905151,8.477149963,0.0,44.2334238,8.2525727,19.802,44.308285,8.483416,0.507,44.2334238,8.2525727,19.802,44.3080252,8.481031246,0.33,44.2334238,8.2525727,19.802,44.3080251,8.4810315,0.33,44.309589,8.47696,0.062,44.3110703,8.4772463,0.225,44.2334238,8.2525727,19.802,44.31545,8.45503,1.903
2243940,Ziguinchor,12.56801,-16.27326,SN,Africa/Dakar,Senegal,"Ziguinchor, Senegal",12.569254,-16.2729332,0.142,12.5634929,-16.2724609,0.507,12.58333,-16.27194,1.701,12.56349206,-16.27246267,0.507,12.58333,-16.27194,1.701,12.78067961,-16.37416071,25.955,12.56801,-16.27326,0.0,12.56801,-16.27326,0.0,12.78091106,-16.37378898,25.961,12.5634929,-16.2724609,0.507,12.563493,-16.272461,0.507,12.5634929,-16.2724609,0.507,12.56349298,-16.27246119,0.507,12.5634929,-16.2724609,0.507,12.5634929,-16.2724609,0.507,12.58333,-16.27194,1.701,12.779245,-16.372206,25.722,12.5634929,-16.2724609,0.507,12.5644,-16.28318,1.15
3652928,Posorja,-2.70924,-80.24719,EC,America/Guayaquil,Ecuador,"Posorja, Ecuador",-2.7100861,-80.2430296,0.472,-2.7120017,-80.243585,0.504,-2.71006,-80.24556,0.203,-2.712004443,-80.24358131,0.504,-2.71006,-80.24556,0.203,-2.7136058,-80.2490357,0.525,-2.70861,-80.250017,0.322,-2.70924,-80.24719,0.0,-2.710059881,-80.24555969,0.203,-2.7120017,-80.243585,0.504,-2.712002,-80.243585,0.504,-2.7120017,-80.243585,0.504,-2.699835245,-80.26967074,2.707,-2.7120017,-80.243585,0.504,-2.7120017,-80.243585,0.504,-2.71006,-80.24556,0.203,-2.7100861,-80.2430296,0.472,-2.7120017,-80.243585,0.504,-2.71065,-80.25406,0.78
1258126,Rishra,22.72394,88.34563,IN,Asia/Kolkata,India,"Rishra, India",22.72394,88.34563,0.0,22.723937,88.345633,0.0,,,,22.72470372,88.34343145,0.241,22.723937,88.345633,0.0,22.72372534,88.35104892,0.557,22.72394,88.34563,0.0,22.72394,88.34563,0.0,22.7239399,88.34562683,0.0,22.7247059,88.3434353,0.241,22.724627,88.35048,0.504,22.7247059,88.3434353,0.241,22.72218092,88.34334134,0.305,22.7247059,88.3434353,0.241,22.7247059,88.3434353,0.241,22.723937,88.345633,0.0,22.7371774,88.3186129,3.139,22.7247059,88.3434353,0.241,22.72371,88.34794,0.239
252601,Tripoli,37.50959,22.37883,GR,Europe/Athens,Greece,"Tripoli, Greece",37.509796,22.37287,0.527,37.5102911,22.3724241,0.572,37.507724,22.371494,0.681,37.51029615,22.37242367,0.572,37.507724,22.371494,0.681,,,,37.50889,22.37944,0.095,37.50959,22.37883,0.0,37.50888824,22.37944031,0.095,37.5102911,22.3724241,0.572,37.511024,22.373428,0.503,37.5102911,22.3724241,0.572,37.51029127,22.37242408,0.572,37.5102911,22.3724241,0.572,37.5102911,22.3724241,0.572,37.507724,22.371494,0.681,37.509796,22.37287,0.527,37.5102911,22.3724241,0.572,37.5081,22.37887,0.165
2519110,Crevillente,38.24994,-0.80975,ES,Europe/Madrid,Spain,"Crevillente, Spain",38.2470495,-0.8034792,0.636,38.2493099,-0.8111359,0.14,38.247745,-0.814187,0.458,38.24930627,-0.811131329,0.14,38.247745,-0.814187,0.458,38.2493099,-0.8111359,0.14,38.24994,-0.80975,0.0,38.24994,-0.80975,0.0,38.24993896,-0.809750021,0.0,38.2493099,-0.8111359,0.14,38.24555,-0.808485,0.5,38.2493099,-0.8111359,0.14,38.24931016,-0.811136216,0.14,38.2493099,-0.8111359,0.14,38.2493099,-0.8111359,0.14,38.247745,-0.814187,0.458,38.2470495,-0.8034792,0.636,38.1732245,-1.0395559,21.854,38.24241,-0.80903,0.838
3454690,Paulinia,-22.76111,-47.15417,BR,America/Sao_Paulo,Brazil,"Paulinia, Brazil",,,,-22.7630391,-47.1532213,0.235,,,,-22.76303373,-47.15322773,0.234,-22.753467,-47.148946,1.002,-22.7630391,-47.1532213,0.235,,,,-22.76111,-47.15417,0.0,-22.7630391,-47.1532213,0.235,-22.7630391,-47.1532213,0.235,-22.76543,-47.152752,0.5,-22.7630391,-47.1532213,0.235,-22.76303902,-47.15322141,0.235,-22.7630391,-47.1532213,0.235,-22.7630391,-47.1532213,0.235,-22.753467,-47.148946,1.002,,,,-22.7630391,-47.1532213,0.235,-22.76164,-47.16574,1.19
1581047,Ha Tinh,18.34282,105.90569,VN,Asia/Bangkok,Vietnam,"Ha Tinh, Vietnam",18.341557,105.904631,0.179,18.33333,105.9,1.21,18.33333,105.9,1.21,18.35048301,105.7623017,15.179,18.33333,105.9,1.21,18.47823054,105.3062009,65.089,18.341353,105.897364,0.895,18.34282,105.90569,0.0,18.34281921,105.9056931,0.0,18.3504832,105.7623047,15.179,18.339326,105.902855,0.489,18.3504832,105.7623047,15.179,18.35048346,105.7623044,15.179,18.3504832,105.7623047,15.179,18.3504832,105.7623047,15.179,18.33333,105.9,1.21,18.290561,105.736725,18.775,18.3504832,105.7623047,15.179,0.0,0.0,11695.985
3601691,Santa Barbara,14.92217,-88.23756,HN,America/Tegucigalpa,Honduras,"Santa Barbara, Honduras",14.91817,-88.23543,0.498,14.9216741,-88.2364439,0.132,14.91944,-88.23611,0.34,14.92167244,-88.23644145,0.132,14.91944,-88.23611,0.34,14.9222236,-88.2353335,0.24,,,,15.08333,-88.33333,20.593,14.91944027,-88.23610687,0.34,14.9216741,-88.2364439,0.132,14.918414,-88.23519,0.488,14.9216741,-88.2364439,0.132,14.92167441,-88.23644422,0.132,14.9216741,-88.2364439,0.132,14.9216741,-88.2364439,0.132,14.91944,-88.23611,0.34,14.91817,-88.23543,0.498,15.0960559,-88.3673692,23.771,14.90907,-88.22851,1.746
2492913,Jijel,36.821,5.76352,DZ,Africa/Algiers,Algeria,"Jijel, Algeria",36.8155951,5.7510807,1.262,36.8167305,5.771494,0.855,36.827424,5.768852,0.857,36.81673603,5.771499456,0.855,36.827424,5.768852,0.857,36.70144921,5.970055695,22.718,,,,36.821,5.76352,0.0,36.70130855,5.96996521,22.72,36.8167305,5.771494,0.855,36.822536,5.768622,0.486,36.8167305,5.771494,0.855,36.81673069,5.771493874,0.855,36.7292188,5.9607776,20.343,36.7292188,5.9607776,20.343,36.827424,5.768852,0.857,36.8155951,5.7510807,1.262,36.7292188,5.9607776,20.343,36.80277,5.79244,3.279
156963,Kishapu,-3.61667,33.86667,TZ,Africa/Dar_es_Salaam,Tanzania,"Kishapu, Tanzania",-3.706097856,33.84048904,10.308,-3.6827822,33.8177131,9.112,-3.61667,33.86667,0.0,-3.682786034,33.81771554,9.112,-3.61667,33.86667,0.0,-3.59853,33.764608,11.515,,,,-3.731,33.8,14.652,-3.616669893,33.8666687,0.0,-3.6827822,33.8177131,9.112,-3.61261,33.868325,0.485,-3.6827822,33.8177131,9.112,-3.691475112,33.75910125,14.534,-3.6827822,33.8177131,9.112,-3.6827822,33.8177131,9.112,-3.61667,33.86667,0.0,-3.610341,33.8662818,0.701,-3.6827822,33.8177131,9.112,-3.61475,33.85062,1.796
1003953,Fort Beaufort,-32.77477,26.63376,ZA,Africa/Johannesburg,South Africa,"Fort Beaufort, South Africa",-32.77477,26.63376,0.0,-32.7766075,26.6333138,0.208,-32.77477,26.63376,0.0,-32.77660537,26.63331436,0.208,-32.77477,26.63376,0.0,-32.7766075,26.6333138,0.208,-32.77477,26.63376,0.0,-32.77477,26.63376,0.0,-32.77476883,26.63376045,0.0,-32.7766075,26.6333138,0.208,-32.778446,26.63111,0.477,-32.7766075,26.6333138,0.208,-33.31185189,26.53159742,60.325,-32.7782823,26.630576,0.491,-32.7782823,26.630576,0.491,-32.77477,26.63376,0.0,-32.7760713,26.6357218,0.234,-32.7782823,26.630576,0.491,-32.76941,26.64222,0.991
3455082,Paramirim,-13.4425,-42.23889,BR,America/Bahia,Brazil,"Paramirim, Brazil",-13.4393234,-42.240375,0.386,-13.4437218,-42.2419768,0.361,-13.4475,-42.240902,0.595,-13.4437222,-42.24197692,0.361,-13.4475,-42.240902,0.595,-13.5223275,-42.24392854,8.849,-13.468364,-42.234785,2.896,-13.4425,-42.23889,0.0,-13.4437218,-42.2419768,0.361,-13.4437218,-42.2419768,0.361,-13.445776,-42.241726,0.475,-13.4437218,-42.2419768,0.361,-13.44372159,-42.24197701,0.361,-13.4437218,-42.2419768,0.361,-13.4437218,-42.2419768,0.361,-13.4475,-42.240902,0.595,-13.4393234,-42.240375,0.386,-13.4437218,-42.2419768,0.361,-13.47408,-42.24165,3.507
358619,Port Said,31.26531,32.3019,EG,Africa/Cairo,Egypt,"Port Said, Egypt",31.2571127,32.2953362,1.103,31.263235,32.305505,0.413,31.25654,32.28412,1.953,31.26323512,32.30550529,0.413,31.25654,32.28412,1.953,31.263235,32.305505,0.413,31.26531,32.3019,0.0,31.26531,32.3019,0.0,31.26531029,32.30189896,0.0,31.263235,32.305505,0.413,31.26639,32.306705,0.473,31.263235,32.305505,0.413,31.26323523,32.30550472,0.413,31.263235,32.305505,0.413,31.263235,32.305505,0.413,31.25654,32.28412,1.953,31.2571127,32.2953362,1.103,31.263235,32.305505,0.413,31.22725,32.29368,4.292
1178338,Gilgit,35.91869,74.31245,PK,Asia/Karachi,Pakistan,"Gilgit, Pakistan",35.91869,74.31245,0.0,35.9208102,74.314044,0.276,35.917911,74.336754,2.195,35.92081589,74.31404122,0.276,35.917911,74.336754,2.195,35.9999972,75.0000023,62.677,35.91869,74.31245,0.0,35.91869,74.31245,0.0,35.91761771,74.41688943,9.427,35.9208102,74.314044,0.276,35.922653,74.31062,0.47,36.2260154,73.7032692,64.608,36.08949294,73.6225136,65.027,36.2260154,73.7032692,64.608,35.9208102,74.314044,0.276,35.917911,74.336754,2.195,35.797256,74.996215,63.214,35.9999972,75.0000023,62.677,35.9234,74.32023,0.875
1708522,Koronadal,6.50306,124.84694,PH,Asia/Manila,Philippines,"Koronadal, Philippines",,,,6.5004041,124.8435437,0.477,6.50306,124.84694,0.0,6.500401065,124.843542,0.477,6.50306,124.84694,0.0,6.500406699,124.8435427,0.477,,,,6.50306,124.84694,0.0,6.5004067,124.8435427,0.477,6.5004041,124.8435437,0.477,6.499825,124.84419,0.47,6.5004041,124.8435437,0.477,6.500404121,124.8435437,0.477,6.5004041,124.8435437,0.477,6.5004041,124.8435437,0.477,6.50306,124.84694,0.0,6.5021496,124.8443905,0.299,6.5004041,124.8435437,0.477,6.49138,124.84635,1.293
776069,Bialystok,53.13333,23.16433,PL,Europe/Warsaw,Poland,"Bialystok, Poland",53.13228063,23.16872523,0.317,53.132398,23.1591679,0.361,53.138198,23.173944,0.841,53.13239871,23.15916379,0.361,53.138198,23.173944,0.841,53.132398,23.1591679,0.361,53.132285,23.145348,1.276,53.13333,23.16433,0.0,53.132398,23.1591679,0.361,53.132398,23.1591679,0.361,53.132706,23.157434,0.467,53.132398,23.1591679,0.361,53.132398,23.15916762,0.361,53.132398,23.1591679,0.361,53.132398,23.1591679,0.361,53.138198,23.173944,0.841,53.1432895,23.1640884,1.108,53.127505,23.1470509,1.326,53.13371,23.13527,1.945
2642683,Mexborough,53.49389,-1.29243,GB,Europe/London,United Kingdom,"Mexborough, United Kingdom",53.49422508,-1.294161306,0.121,53.4937085,-1.2910027,0.097,53.49389,-1.29243,0.0,53.49370876,-1.291002115,0.097,53.49389,-1.29243,0.0,54.7023545,-3.2765753,186.915,53.49425,-1.299548,0.474,53.49389,-1.29243,0.0,53.49388885,-1.292430043,0.0,53.4937085,-1.2910027,0.097,53.49284,-1.285659,0.464,53.4937085,-1.2910027,0.097,53.49370857,-1.291002855,0.097,53.4937085,-1.2910027,0.097,53.4937085,-1.2910027,0.097,53.49389,-1.29243,0.0,53.4942586,-1.2941939,0.124,53.4937085,-1.2910027,0.097,53.49141,-1.29583,0.357
694382,Shakhtarsk,48.05657,38.43826,UA,Europe/Kyiv,Ukraine,"Shakhtarsk, Ukraine",48.0504056,38.4847845,3.535,48.0550423,38.4459474,0.598,48.06252,38.51665,5.88,48.05504787,38.4459463,0.597,48.06252,38.51665,5.88,48.13836666,38.6390424,17.504,48.05657,38.43826,0.0,48.05657,38.43826,0.0,48.05656815,38.43825912,0.0,48.0550423,38.4459474,0.598,48.05533,38.444187,0.463,48.0550423,38.4459474,0.598,48.06008593,38.44324634,0.539,48.0550423,38.4459474,0.598,48.0550423,38.4459474,0.598,48.06252,38.51665,5.88,48.084853,38.380849,5.31,48.0550423,38.4459474,0.598,48.15438,38.53225,12.934
3164565,Vercelli,45.32163,8.41989,IT,Europe/Rome,Italy,"Vercelli, Italy",45.3211114,8.4262359,0.501,45.3251557,8.4227666,0.452,45.323391,8.419569,0.197,45.55538746,8.346281367,26.611,45.323391,8.419569,0.197,,,,,,,45.32163,8.41989,0.0,45.3251557,8.4227666,0.452,45.5553827,8.3462837,26.61,45.32531,8.422604,0.461,45.5553827,8.3462837,26.61,45.32515577,8.422766291,0.452,45.5553827,8.3462837,26.61,45.5553827,8.3462837,26.61,45.323391,8.419569,0.197,45.3211114,8.4262359,0.501,45.5553827,8.3462837,26.61,45.32362,8.41836,0.252
1610963,Dan Khun Thot,15.2085,101.77138,TH,Asia/Bangkok,Thailand,"Dan Khun Thot, Thailand",,,,15.2087873,101.7688474,0.274,15.210182,101.774189,0.355,15.20878249,101.7688417,0.275,15.210182,101.774189,0.355,,,,15.2085,101.77138,0.0,15.21835,101.6979,7.97,15.20849991,101.7713776,0.0,15.2087873,101.7688474,0.274,15.209316,101.76723,0.455,15.2087873,101.7688474,0.274,15.20878749,101.7688472,0.274,15.2087873,101.7688474,0.274,15.2087873,101.7688474,0.274,15.210182,101.774189,0.355,15.20961,101.7664255,0.546,15.2087873,101.7688474,0.274,15.21,101.76551,0.652
677106,Giurgiu,43.88664,25.9627,RO,Europe/Bucharest,Romania,"Giurgiu, Romania",43.8953897,25.9670619,1.033,43.8961275,25.9656448,1.08,43.899763,25.959969,1.475,43.89612719,25.96564425,1.08,43.899763,25.959969,1.475,43.8959058,25.9658111,1.059,,,,43.88664,25.9627,0.0,43.8959058,25.9658111,1.059,43.8961275,25.9656448,1.08,43.890465,25.9646,0.452,43.8961275,25.9656448,1.08,43.89612753,25.96564472,1.08,43.8961275,25.9656448,1.08,43.8961275,25.9656448,1.08,43.899763,25.959969,1.475,43.8953897,25.9670619,1.033,43.8961275,25.9656448,1.08,43.91465,25.95836,3.132
3101680,Chodziez,52.99505,16.9198,PL,Europe/Warsaw,Poland,"Chodziez, Poland",52.99230192,16.91540717,0.425,52.9886824,16.9159506,0.754,52.993632,16.914575,0.385,52.99499868,16.91992277,0.01,52.993632,16.914575,0.385,,,,52.994964,16.913437,0.427,,,,52.9886824,16.9159506,0.754,52.9886824,16.9159506,0.754,52.99192,16.915525,0.451,52.9949977,16.9199257,0.01,52.98868258,16.91595029,0.754,52.9886824,16.9159506,0.754,52.9886824,16.9159506,0.754,52.993632,16.914575,0.385,52.99184,16.917735,0.383,52.9526027,16.9690664,5.768,52.99043,16.91411,0.641
725578,Yambol,42.48243,26.50006,BG,Europe/Sofia,Bulgaria,"Yambol, Bulgaria",42.4837749,26.5107737,0.893,42.483935,26.5105553,0.879,42.48718,26.492437,0.819,42.31188693,26.56368435,19.655,42.48718,26.492437,0.819,,,,,,,42.48243,26.50006,0.0,42.48332977,26.5,0.1,42.311889,26.5636852,19.655,42.483986,26.50509,0.448,42.311889,26.5636852,19.655,42.48393511,26.51055526,0.879,42.311889,26.5636852,19.655,42.311889,26.5636852,19.655,42.48718,26.492437,0.819,42.4837749,26.5107737,0.893,42.311889,26.5636852,19.655,42.48383,26.51075,0.893
534701,Livny,52.42431,37.59956,RU,Europe/Moscow,Russia,"Livny, Russia",52.4265537,37.607954,0.623,52.4253859,37.6089,0.647,52.423507,37.607132,0.523,52.42485886,37.59961662,0.061,52.423507,37.607132,0.523,52.4227138,37.59992978,0.179,52.42534,37.60689,0.512,52.42431,37.59956,0.0,52.42430878,37.59955978,0.0,52.4253859,37.6089,0.647,52.424282,37.606148,0.448,52.4253859,37.6089,0.647,52.42538595,37.60889981,0.647,52.4253859,37.6089,0.647,52.4253859,37.6089,0.647,52.423507,37.607132,0.523,52.4265537,37.607954,0.623,52.4253859,37.6089,0.647,0.0,0.0,6782.15
4930577,Billerica,42.55843,-71.26895,US,America/New_York,United States,"Billerica, United States",42.563671,-71.271115,0.609,42.5584264,-71.268947,0.0,42.55843,-71.26895,0.0,42.5519697,-71.25181112,1.58,42.55843,-71.26895,0.0,42.529574,-71.227968,4.648,42.556531,-71.262305,0.585,42.55843,-71.26895,0.0,42.55842972,-71.26895142,0.0,42.5584264,-71.268947,0.0,42.562348,-71.27024,0.448,42.5584264,-71.268947,0.0,42.55867716,-71.26726581,0.141,42.5584264,-71.268947,0.0,42.5584264,-71.268947,0.0,42.55843,-71.26895,0.0,42.563671,-71.271115,0.609,42.5584264,-71.268947,0.0,0.0,0.0,8485.208
1493197,Salekhard,66.53373,66.60955,RU,Asia/Yekaterinburg,Russia,"Salekhard, Russia",66.5309,66.6024,0.448,66.5298656,66.6146311,0.487,66.539003,66.593459,0.926,66.53310911,66.60910911,0.072,66.539003,66.593459,0.926,,,,66.53,66.60194,0.536,66.53373,66.60955,0.0,66.52999878,66.60193634,0.536,66.5298656,66.6146311,0.487,66.53701,66.61538,0.448,66.5298656,66.6146311,0.487,66.52986572,66.61463097,0.487,66.5298656,66.6146311,0.487,66.5298656,66.6146311,0.487,66.539003,66.593459,0.926,66.5309,66.6024,0.448,66.5298656,66.6146311,0.487,66.58886,66.59876,6.166
1113217,Zabol,31.0306,61.4949,IR,Asia/Tehran,Iran,"Zabol, Iran",,,,31.0277779,61.4948211,0.313,31.0287,61.5012,0.637,31.02777508,61.49482101,0.313,31.0287,61.5012,0.637,,,,,,,31.0306,61.4949,0.0,31.03059959,61.49489975,0.0,31.0277779,61.4948211,0.313,31.031855,61.499325,0.445,31.0277779,61.4948211,0.313,31.0277781,61.49482101,0.313,31.0277779,61.4948211,0.313,31.0277779,61.4948211,0.313,31.0287,61.5012,0.637,31.0294343,61.4957829,0.154,31.0277779,61.4948211,0.313,31.02134,61.4963,1.035
683844,Brasov,45.64861,25.60613,RO,Europe/Bucharest,Romania,"Brasov, Romania",,,,45.6525105,25.6105654,0.555,45.644288,25.590248,1.328,45.65251748,25.6105642,0.555,45.644288,25.590248,1.328,,,,,,,45.64861,25.60613,0.0,45.6525105,25.6105654,0.555,45.6525105,25.6105654,0.555,45.651417,25.610168,0.443,45.6525105,25.6105654,0.555,45.65251063,25.61056517,0.555,45.6525105,25.6105654,0.555,45.6525105,25.6105654,0.555,45.644288,25.590248,1.328,45.6494899,25.6065501,0.103,45.6525105,25.6105654,0.555,45.64725,25.60572,0.154
787050,Pirot,43.15306,22.58611,RS,Europe/Belgrade,Serbia,"Pirot, Serbia",43.158426,22.58753,0.607,43.1547342,22.5865039,0.189,43.103644,22.550398,6.212,43.15473707,22.5865037,0.189,43.103644,22.550398,6.212,43.3946931,22.6767435,27.835,43.15306,22.58611,0.0,43.15306,22.58611,0.0,43.15306091,22.58610916,0.0,43.1547342,22.5865039,0.189,43.15703,22.585829,0.442,43.1547342,22.5865039,0.189,43.15473444,22.58650359,0.189,43.1547342,22.5865039,0.189,43.1547342,22.5865039,0.189,43.103644,22.550398,6.212,43.158426,22.58753,0.607,43.1547342,22.5865039,0.189,43.15932,22.59203,0.846
3649100,Aragua de Barcelona,9.45588,-64.82928,VE,America/Caracas,Venezuela,"Aragua de Barcelona, Venezuela",9.4576524,-64.8264982,0.363,9.4583799,-64.8261537,0.441,9.45588,-64.82928,0.0,9.45837155,-64.82615106,0.44,9.45588,-64.82928,0.0,9.457062299,-64.8270174,0.281,9.45588,-64.82928,0.0,9.45588,-64.82928,0.0,,,,9.4583799,-64.8261537,0.441,9.45838,-64.826154,0.441,9.4583799,-64.8261537,0.441,9.458379936,-64.82615378,0.441,9.4583799,-64.8261537,0.441,9.4583799,-64.8261537,0.441,9.45588,-64.82928,0.0,9.4576524,-64.8264982,0.363,9.4583799,-64.8261537,0.441,9.45573,-64.82718,0.231
2363490,Vogan,6.33333,1.53333,TG,Africa/Lome,Togo,"Vogan, Togo",6.3329236,1.5277786,0.616,6.334956,1.529707,0.439,6.33333,1.53333,0.0,6.334951038,1.529702506,0.44,6.33333,1.53333,0.0,6.334955999,1.529707,0.439,6.33333,1.53333,0.0,6.33333,1.53333,0.0,6.333330154,1.533329964,0.0,6.334956,1.529707,0.439,6.334956,1.529707,0.439,6.334956,1.529707,0.439,6.334956083,1.529706717,0.439,6.334956,1.529707,0.439,6.334956,1.529707,0.439,6.33333,1.53333,0.0,6.3329236,1.5277786,0.616,6.334956,1.529707,0.439,0.0,0.0,720.751
717582,Miskolc,48.10327,20.77806,HU,Europe/Budapest,Hungary,"Miskolc, Hungary",48.1043376,20.7916577,1.02,48.1030643,20.7900429,0.893,48.106487,20.796365,1.409,48.10306788,20.79004341,0.893,48.106487,20.796365,1.409,48.1030643,20.7900429,0.893,48.10306,20.77806,0.023,48.10327,20.77806,0.0,48.1030643,20.7900429,0.893,48.1030643,20.7900429,0.893,48.102577,20.783836,0.437,48.1030643,20.7900429,0.893,48.1030643,20.7900428,0.893,48.1030643,20.7900429,0.893,48.1030643,20.7900429,0.893,48.106487,20.796365,1.409,48.1043376,20.7916577,1.02,48.1030643,20.7900429,0.893,48.0916,20.76265,1.732
230725,Koboko,3.41364,30.95994,UG,Africa/Kampala,Uganda,"Koboko, Uganda",3.4136249,30.9599749,0.004,3.4097256,30.9603105,0.435,3.41364,30.95994,0.0,3.535115792,30.98482508,13.714,3.41364,30.95994,0.0,3.527075535,31.00698979,13.589,3.41364,30.95994,0.0,3.5,31.0,10.536,3.413640022,30.95993996,0.0,3.5351114,30.9848207,13.714,3.409726,30.96031,0.435,3.5351114,30.9848207,13.714,3.409725624,30.96031018,0.435,3.5351114,30.9848207,13.714,3.5351114,30.9848207,13.714,3.41364,30.95994,0.0,3.4136249,30.9599749,0.004,3.5351114,30.9848207,13.714,3.46172,31.15535,22.355
2270437,Caldas da Rainha,39.40326,-9.13839,PT,Europe/Lisbon,Portugal,"Caldas da Rainha, Portugal",39.40752524,-9.088115679,4.356,39.4071857,-9.1346004,0.545,39.405037,-9.141394,0.325,39.40718646,-9.134601497,0.545,39.405037,-9.141394,0.325,39.4072118,-9.1346004,0.547,39.40326,-9.13839,0.0,39.40326,-9.13839,0.0,39.4071857,-9.1346004,0.545,39.4071857,-9.1346004,0.545,39.4052,-9.134021,0.434,39.4071857,-9.1346004,0.545,39.40718594,-9.134600423,0.545,39.4071857,-9.1346004,0.545,39.4071857,-9.1346004,0.545,39.405037,-9.141394,0.325,39.4073556,-9.1364161,0.485,39.4071857,-9.1346004,0.545,39.41245,-9.11359,2.367
6693088,Pasaia,43.3253,-1.92707,ES,Europe/Madrid,Spain,"Pasaia, Spain",43.33825625,-1.896020291,2.901,43.3239952,-1.9200587,0.587,43.321931,-1.911541,1.314,43.3239971,-1.920053146,0.587,43.321931,-1.911541,1.314,43.3239952,-1.9200587,0.587,43.323046,-1.925662,0.275,43.3253,-1.92707,0.0,43.3271675,-1.9198872,0.618,43.3239952,-1.9200587,0.587,43.32344,-1.931755,0.433,43.3239952,-1.9200587,0.587,43.32716766,-1.919887327,0.618,43.3239952,-1.9200587,0.587,43.3239952,-1.9200587,0.587,43.321931,-1.911541,1.314,43.327481,-1.9198835,0.631,43.3239952,-1.9200587,0.587,43.32539,-1.92029,0.55
3698105,Chulucanas,-5.0925,-80.1625,PE,America/Lima,Peru,"Chulucanas, Peru",-5.0954722,-80.1696028,0.853,-5.0965065,-80.1609229,0.476,-5.0925,-80.1625,0.0,-5.09650835,-80.16092131,0.477,-5.0925,-80.1625,0.0,-5.0965065,-80.1609229,0.476,-5.095674,-80.168058,0.709,-5.0925,-80.1625,0.0,-5.0965065,-80.1609229,0.476,-5.0965065,-80.1609229,0.476,-5.096394,-80.16213,0.433,-5.0965065,-80.1609229,0.476,-5.09650648,-80.16092308,0.476,-5.1288223,-80.1974311,5.58,-5.1288223,-80.1974311,5.58,-5.0925,-80.1625,0.0,-5.0954722,-80.1696028,0.853,-5.1288223,-80.1974311,5.58,-5.10392,-80.16949,1.482
1634614,Nabire,-3.35989,135.50074,ID,Asia/Jayapura,Indonesia,"Nabire, Indonesia",-3.363484,135.504042,0.541,-3.360285,135.5023653,0.186,-3.365251,135.501765,0.604,-3.360285505,135.5023622,0.186,-3.365251,135.501765,0.604,-3.368767228,135.4970938,1.062,-3.35989,135.50074,0.0,-3.35989,135.50074,0.0,-3.359889984,135.5007324,0.001,-3.360285,135.5023653,0.186,-3.362881,135.50325,0.433,-3.360285,135.5023653,0.186,-3.36028471,135.502365,0.186,-3.360285,135.5023653,0.186,-3.360285,135.5023653,0.186,-3.365251,135.501765,0.604,-3.363484,135.504042,0.541,-3.3683476,135.4971328,1.018,-3.33734,135.5329,4.358
700507,Nadvirna,48.63659,24.5714,UA,Europe/Kyiv,Ukraine,"Nadvirna, Ukraine",48.628815,24.576548,0.944,48.6335887,24.5684038,0.4,48.635985,24.569713,0.141,48.63358797,24.56840403,0.4,48.635985,24.569713,0.141,48.63509073,24.57747073,0.477,48.63659,24.5714,0.0,48.63659,24.5714,0.0,48.63658905,24.57139969,0.0,48.6335887,24.5684038,0.4,48.633175,24.568626,0.431,48.6335887,24.5684038,0.4,48.63358882,24.56840359,0.4,48.6335887,24.5684038,0.4,48.6335887,24.5684038,0.4,48.635985,24.569713,0.141,48.628815,24.576548,0.944,48.6335887,24.5684038,0.4,48.63433,24.56094,0.811
2810834,Bochum-Werne,51.48796,7.31217,DE,Europe/Berlin,Germany,"Bochum-Werne, Germany",51.48525534,7.306037139,0.522,51.47793,7.299929,1.403,51.47793,7.299929,1.403,51.49679844,7.285101194,2.122,51.47793,7.299929,1.403,51.4881299,7.301698954,0.728,51.48796,7.31217,0.0,51.48796,7.31217,0.0,51.48796082,7.312170029,0.0,51.4967532,7.293396,1.63,51.48798,7.305982,0.43,51.4967532,7.293396,1.63,51.48842704,7.305325158,0.478,51.48796,7.31217,0.0,51.4967532,7.293396,1.63,51.47793,7.299929,1.403,51.495621,7.294061,1.519,51.4868541,7.3082407,0.299,51.48687,7.30217,0.705
5854686,Waipahu,21.38667,-158.00917,US,Pacific/Honolulu,United States,"Waipahu, United States",21.383849,-158.007638,0.35,21.3866667,-158.009166,0.001,21.389975,-158.001939,0.834,21.39823535,-158.0125883,1.329,21.389975,-158.001939,0.834,21.3866667,-158.009166,0.001,21.397137,-158.010964,1.174,21.38667,-158.00917,0.0,21.38666916,-158.0091705,0.0,21.3848275,-158.0115976,0.324,21.38371,-158.006479,0.43,21.3848275,-158.0115976,0.324,21.38666671,-158.0091661,0.001,21.3866667,-158.009166,0.001,21.3848275,-158.0115976,0.324,21.389975,-158.001939,0.834,21.419909,-158.029904,4.262,21.3848275,-158.0115976,0.324,21.38054,-158.02599,1.872
2395477,Avrankou,6.55591,2.65123,BJ,Africa/Porto-Novo,Benin,"Avrankou, Benin",6.5542301,2.6568342,0.647,6.5564209,2.6550687,0.428,6.55591,2.65123,0.0,6.556421074,2.65506435,0.428,6.55591,2.65123,0.0,6.556420899,2.6550687,0.428,6.55591,2.65123,0.0,6.55591,2.65123,0.0,6.55591011,2.651230097,0.0,6.5564209,2.6550687,0.428,6.556421,2.655069,0.428,6.5564209,2.6550687,0.428,6.556421226,2.655068412,0.428,6.5564209,2.6550687,0.428,6.5564209,2.6550687,0.428,6.55591,2.65123,0.0,6.5542301,2.6568342,0.647,6.5564209,2.6550687,0.428,6.55558,2.66208,1.201
1258847,Rajkot,22.29161,70.79322,IN,Asia/Kolkata,India,"Rajkot, India",22.29161,70.79322,0.0,22.3053263,70.8028377,1.814,22.282821,70.793568,0.974,22.30532365,70.80283116,1.813,22.282821,70.793568,0.974,22.3051991,70.8028335,1.802,22.290977,70.784159,0.936,22.29161,70.79322,0.0,22.29161072,70.79322052,0.0,22.3053263,70.8028377,1.814,22.295359,70.79425,0.428,22.3053263,70.8028377,1.814,22.30532644,70.80283765,1.814,22.3053263,70.8028377,1.814,22.3053263,70.8028377,1.814,22.282821,70.793568,0.974,22.3100515,70.7396838,5.882,22.3053263,70.8028377,1.814,22.30058,70.82018,2.95
3181931,Bollate,45.54647,9.12054,IT,Europe/Rome,Italy,"Bollate, Italy",45.5433388,9.1153133,0.536,45.5426768,9.1175818,0.481,45.54532,9.117556,0.266,45.54267746,9.117581494,0.481,45.54532,9.117556,0.266,45.55049883,9.114716283,0.638,45.54647,9.12054,0.0,45.54647,9.12054,0.0,45.5426768,9.1175818,0.481,45.5426768,9.1175818,0.481,45.543182,9.117738,0.426,45.5426768,9.1175818,0.481,45.54267683,9.117581472,0.481,45.5496883,9.1186872,0.386,45.5496883,9.1186872,0.386,45.54532,9.117556,0.266,45.5433388,9.1153133,0.536,45.5426768,9.1175818,0.481,45.54737,9.12203,0.153
3408251,Agrestina,-8.45806,-35.94472,BR,America/Recife,Brazil,"Agrestina, Brazil",-8.4551054,-35.9471123,0.42,-8.4558021,-35.9442663,0.255,-8.457455,-35.942918,0.209,-8.455801385,-35.94426589,0.255,-8.457455,-35.942918,0.209,-8.4558021,-35.9442663,0.255,-8.45806,-35.94472,0.0,-8.45191,-35.93238,1.52,-8.4558021,-35.9442663,0.255,-8.4558021,-35.9442663,0.255,-8.45546,-35.947563,0.425,-8.4558021,-35.9442663,0.255,-8.455802006,-35.94426658,0.255,-8.4558021,-35.9442663,0.255,-8.4558021,-35.9442663,0.255,-8.457455,-35.942918,0.209,-8.4551054,-35.9471123,0.42,-8.4558021,-35.9442663,0.255,-8.45402,-35.94818,0.587
3016675,Garches,48.84226,2.18232,FR,Europe/Paris,France,"Garches, France",48.8435463,2.187739126,0.423,48.8437486,2.1853699,0.278,48.8447,2.186787,0.426,48.843748,2.185363581,0.278,48.8447,2.186787,0.426,48.84551009,2.187481076,0.524,48.84226,2.18232,0.0,48.84226,2.18232,0.0,48.8437486,2.1853699,0.278,48.8437486,2.1853699,0.278,48.844547,2.186948,0.424,48.8437486,2.1853699,0.278,48.84374878,2.185369693,0.278,,,,48.8437486,2.1853699,0.278,48.8447,2.186787,0.426,48.844662,2.1874144,0.46,48.8437486,2.1853699,0.278,48.84515,2.189,0.586
998082,Hammanskraal,-25.40892,28.287,ZA,Africa/Johannesburg,South Africa,"Hammanskraal, South Africa",-25.40167833,28.29089593,0.893,-25.4083333,28.2872222,0.069,,,,-25.40833416,28.28722463,0.069,-25.408299,28.287048,0.069,-25.4083333,28.2872222,0.069,-25.40892,28.287,0.0,-25.40892,28.287,0.0,-25.40892029,28.28700066,0.0,-25.4083333,28.2872222,0.069,-25.405468,28.28521,0.423,-25.4083333,28.2872222,0.069,-25.40833308,28.28722201,0.069,-25.4083333,28.2872222,0.069,-25.4083333,28.2872222,0.069,-25.408299,28.287048,0.069,-25.3907449,28.3010405,2.46,-25.4083333,28.2872222,0.069,-25.41328,28.26259,2.503
2508309,'Ain Abid,36.23194,6.94333,DZ,Africa/Algiers,Algeria,"'Ain Abid, Algeria",36.23194,6.94333,0.0,36.2489875,6.9419888,1.895,36.23194,6.94333,0.0,36.24898594,6.941981137,1.895,36.23194,6.94333,0.0,36.22964562,6.942440429,0.267,,,,36.23194,6.94333,0.0,36.231004,6.9450327,0.185,36.2489875,6.9419888,1.895,36.229694,6.947084,0.42,36.2489875,6.9419888,1.895,36.231004,6.945032403,0.185,36.2489875,6.9419888,1.895,36.2489875,6.9419888,1.895,36.23194,6.94333,0.0,36.2322937,6.9438072,0.058,36.2489875,6.9419888,1.895,36.23657,6.94477,0.53
3460242,Jaguaquara,-13.53056,-39.97083,BR,America/Bahia,Brazil,"Jaguaquara, Brazil",-13.5274025,-39.9696647,0.371,-13.5294974,-39.9693081,0.202,-13.530073,-39.966929,0.426,-13.52949222,-39.96930655,0.203,-13.530073,-39.966929,0.426,-13.5294974,-39.9693081,0.202,-13.541584,-39.958707,1.792,-13.59565,-39.92934,8.487,-13.5294974,-39.9693081,0.202,-13.5294974,-39.9693081,0.202,-13.528414,-39.96764,0.419,-13.5294974,-39.9693081,0.202,-13.52949733,-39.96930812,0.202,-13.5294974,-39.9693081,0.202,-13.5294974,-39.9693081,0.202,-13.530073,-39.966929,0.426,-13.5274025,-39.9696647,0.371,-13.5294974,-39.9693081,0.202,-13.53224,-39.9857,1.62
1630058,Rangkasbitung,-6.3591,106.2494,ID,Asia/Jakarta,Indonesia,"Rangkasbitung, Indonesia",-6.3677269,106.2713647,2.611,-6.354225,106.2505031,0.553,-6.357161,106.263381,1.562,-6.352771041,106.2515217,0.738,-6.357161,106.263381,1.562,-6.354225,106.2505031,0.553,-6.3591,106.2494,0.0,-6.3591,106.2494,0.0,-6.359099865,106.2493973,0.0,-6.3527788,106.2515252,0.738,-6.355342,106.24925,0.416,-6.3527788,106.2515252,0.738,-6.354224683,106.250503,0.553,-6.3527788,106.2515252,0.738,-6.3527788,106.2515252,0.738,-6.357161,106.263381,1.562,-6.3677269,106.2713647,2.611,-6.3527788,106.2515252,0.738,-6.33479,106.31345,7.579
723713,Roznava,48.66009,20.53758,SK,Europe/Bratislava,Slovakia,"Roznava, Slovakia",48.65814787,20.53045115,0.568,48.6620675,20.5328607,0.411,48.654315,20.531655,0.777,48.66206797,20.53286336,0.411,48.654315,20.531655,0.777,48.6620675,20.5328607,0.411,48.66009,20.53758,0.0,48.66009,20.53758,0.0,48.6620675,20.5328607,0.411,48.6620675,20.5328607,0.411,48.66181,20.532583,0.415,48.6620675,20.5328607,0.411,48.66206752,20.53286053,0.411,48.6620675,20.5328607,0.411,48.6620675,20.5328607,0.411,48.654315,20.531655,0.777,48.6628294,20.533863,0.41,48.6620675,20.5328607,0.411,48.67354,20.49939,3.186
361320,Al Fayyum,29.30995,30.8418,EG,Africa/Cairo,Egypt,"Al Fayyum, Egypt",29.30995,30.8418,0.0,29.3074076,30.8399651,0.333,29.30995,30.8418,0.0,29.3074048,30.83996505,0.334,29.30995,30.8418,0.0,29.3073841,30.8398896,0.34,,,,29.30995,30.8418,0.0,29.30994987,30.84180069,0.0,29.3074076,30.8399651,0.333,29.30894,30.845884,0.412,29.3074076,30.8399651,0.333,29.30740761,30.83996482,0.333,29.3074076,30.8399651,0.333,29.3074076,30.8399651,0.333,29.28333092,30.83333015,3.063,29.3094669,30.8431171,0.139,29.3074076,30.8399651,0.333,29.22101,30.85805,9.984
1259388,Porsa,26.67444,78.37081,IN,Asia/Kolkata,India,"Porsa, India",26.671101,78.372299,0.399,26.0276522,78.7324691,80.239,26.67476,78.370308,0.061,26.68314437,78.38805128,1.969,26.67476,78.370308,0.061,26.74909429,78.37507298,8.282,26.668975,78.369361,0.622,,,,26.67444038,78.37081146,0.0,26.6831456,78.3880545,1.969,26.670944,78.372185,0.411,26.6831456,78.3880545,1.969,26.68199595,78.38872405,1.97,26.6831456,78.3880545,1.969,26.6831456,78.3880545,1.969,26.67476,78.370308,0.061,26.671101,78.372299,0.399,26.6721388,78.3719802,0.28,26.69743,78.43836,7.19
1605754,Taphan Hin,16.22095,100.41978,TH,Asia/Bangkok,Thailand,"Taphan Hin, Thailand",16.2142707,100.4221447,0.781,16.2195367,100.4231203,0.39,16.219344,100.423507,0.436,16.22070266,100.4240916,0.462,16.219344,100.423507,0.436,16.2208403,100.424115,0.464,16.22095,100.41978,0.0,16.22095,100.41978,0.0,16.22094917,100.4197769,0.0,16.2207012,100.424099,0.463,16.218138,100.422264,0.409,16.2207012,100.424099,0.463,16.21953678,100.4231202,0.39,16.2207012,100.424099,0.463,16.2207012,100.424099,0.463,16.219344,100.423507,0.436,16.2142708,100.4224338,0.792,16.2207012,100.424099,0.463,16.21741,100.43397,1.567
1255396,Supaul,26.11527,86.59509,IN,Asia/Kolkata,India,"Supaul, India",26.1131,86.5931018,0.312,26.1186598,86.6008021,0.684,26.120182,86.598191,0.626,26.27680431,86.79596142,26.896,26.120182,86.598191,0.626,26.2451397,86.80787853,25.681,26.11527,86.59509,0.0,26.11527,86.59509,0.0,26.11527061,86.59509277,0.0,26.2768089,86.7959614,26.896,26.116383,86.59898,0.408,26.2768089,86.7959614,26.896,26.11866009,86.60080198,0.684,26.2768089,86.7959614,26.896,26.2768089,86.7959614,26.896,26.120182,86.598191,0.626,26.1131,86.5931018,0.312,26.2768089,86.7959614,26.896,26.09405,86.57746,2.939
3647400,Camaguan,8.10732,-67.60738,VE,America/Caracas,Venezuela,"Camaguan, Venezuela",8.193041327,-67.55547473,11.072,8.1091298,-67.6062158,0.238,8.10655,-67.60724,0.087,8.109121329,-67.60621111,0.237,8.10655,-67.60724,0.087,8.114299551,-67.59313729,1.749,8.10732,-67.60738,0.0,,,,,,,8.1091298,-67.6062158,0.238,8.105632,-67.60411,0.406,8.1091298,-67.6062158,0.238,8.109129821,-67.60621581,0.238,8.1091298,-67.6062158,0.238,8.1091298,-67.6062158,0.238,8.10655,-67.60724,0.087,8.1087295,-67.6109367,0.422,8.1142736,-67.5936232,1.7,8.10878,-67.6071,0.164
304184,Mugla,37.21807,28.3665,TR,Europe/Istanbul,Turkey,"Mugla, Turkey",37.215123,28.362731,0.468,37.1642053,28.2624288,11.005,37.213925,28.368023,0.479,37.16420609,28.26242463,11.006,37.213925,28.368023,0.479,36.6606294,28.0829497,66.821,,,,,,,37.21807098,28.36650085,0.0,37.1642053,28.2624288,11.005,37.215178,28.363733,0.404,37.1642053,28.2624288,11.005,37.21517851,28.3637327,0.404,37.1642053,28.2624288,11.005,37.1642053,28.2624288,11.005,37.213925,28.368023,0.479,37.215123,28.362731,0.468,37.1642053,28.2624288,11.005,37.21482,28.36446,0.404
3565432,Cardenas,23.03661,-81.20596,CU,America/Havana,Cuba,"Cardenas, Cuba",23.0387663,-81.205828,0.239,23.0372705,-81.2027158,0.34,23.0375,-81.20472,0.161,23.03727377,-81.20271133,0.341,23.0375,-81.20472,0.161,21.7998811,-79.9888535,185.625,23.03661,-81.20596,0.0,23.03661,-81.20596,0.0,23.03660965,-81.20596313,0.0,23.0372705,-81.2027158,0.34,23.03713,-81.20209,0.401,23.0372705,-81.2027158,0.34,23.03727067,-81.20271586,0.34,23.0372705,-81.2027158,0.34,23.0372705,-81.2027158,0.34,23.0375,-81.20472,0.161,23.0387663,-81.205828,0.239,23.0372705,-81.2027158,0.34,23.04877,-81.2181,1.833
762909,Ostroleka,53.08621,21.57566,PL,Europe/Warsaw,Poland,"Ostroleka, Poland",53.08136297,21.57148805,0.608,53.0843135,21.5668607,0.626,53.082955,21.594487,1.312,53.0843187,21.56686353,0.626,53.082955,21.594487,1.312,,,,53.076213,21.583463,1.229,53.08621,21.57566,0.0,53.0843135,21.5668607,0.626,53.0843135,21.5668607,0.626,53.083122,21.572664,0.398,53.0843135,21.5668607,0.626,53.0843136,21.56686049,0.626,53.0843135,21.5668607,0.626,53.0779641,21.5748428,0.919,53.082955,21.594487,1.312,53.0853075,21.5709407,0.332,53.0779641,21.5748428,0.919,53.0572,21.6113,4.016
3461477,Iguaba Grande,-22.83917,-42.22889,BR,America/Sao_Paulo,Brazil,"Iguaba Grande, Brazil",-22.840745,-42.2240796,0.524,-22.8388498,-42.2286746,0.042,-22.828504,-42.217256,1.68,-22.83884374,-42.22867692,0.042,-22.828504,-42.217256,1.68,-22.8388498,-42.2286746,0.042,-22.832717,-42.219849,1.171,-22.84303,-42.21755,1.24,-22.8388498,-42.2286746,0.042,-22.8388498,-42.2286746,0.042,-22.839153,-42.225056,0.394,-22.8388498,-42.2286746,0.042,-22.83884962,-42.22867493,0.042,-22.8388498,-42.2286746,0.042,-22.8388498,-42.2286746,0.042,-22.828504,-42.217256,1.68,-22.840745,-42.2240796,0.524,-22.8388498,-42.2286746,0.042,-22.83535,-42.22117,0.898
3471427,Balneario Arroio do Silva,-28.98688,-49.4173,BR,America/Sao_Paulo,Brazil,"Balneario Arroio do Silva, Brazil",-28.9842231,-49.4135379,0.47,-28.9815269,-49.4189932,0.616,-29.020502,-49.455407,5.261,-28.98152475,-49.4189981,0.616,-29.020502,-49.455407,5.261,-29.01923984,-49.475138,6.68,-28.989355,-49.420545,0.419,-29.00699,-49.47849,6.365,-28.9815269,-49.4189932,0.616,-28.9815269,-49.4189932,0.616,-28.983776,-49.419193,0.39,-28.9815269,-49.4189932,0.616,-28.9815267,-49.41899333,0.616,-28.9815269,-49.4189932,0.616,-28.9815269,-49.4189932,0.616,,,,-28.9842231,-49.4135379,0.47,-28.9815269,-49.4189932,0.616,-28.98896,-49.41967,0.326
2520118,Carmona,37.47125,-5.64608,ES,Europe/Madrid,Spain,"Carmona, Spain",37.4710235,-5.6423284,0.333,37.4717882,-5.641291,0.428,37.4686,-5.649351,0.413,37.47178614,-5.641299243,0.427,37.4686,-5.649351,0.413,37.4717882,-5.641291,0.428,37.471814,-5.644757,0.133,37.47125,-5.64608,0.0,37.47124863,-5.646080017,0.0,37.4717882,-5.641291,0.428,37.471085,-5.641699,0.388,37.4717882,-5.641291,0.428,37.47178823,-5.641291067,0.428,37.4717882,-5.641291,0.428,37.4717882,-5.641291,0.428,37.4686,-5.649351,0.413,37.4710235,-5.6423284,0.333,37.4717882,-5.641291,0.428,37.4673,-5.66645,1.855
1275019,Buxar,25.57548,83.98043,IN,Asia/Kolkata,India,"Buxar, India",25.5610018,83.980698,1.604,25.5716195,83.9729568,0.864,25.563905,83.975487,1.375,25.50448418,84.10975138,15.192,25.563905,83.975487,1.375,25.5716195,83.9729568,0.864,25.574909,83.986917,0.655,,,,25.57547951,83.9804306,0.0,25.5044834,84.1097525,15.192,25.577993,83.97779,0.385,25.5044834,84.1097525,15.192,25.57161968,83.97295665,0.864,25.5044834,84.1097525,15.192,25.5044834,84.1097525,15.192,25.563905,83.975487,1.375,25.5610018,83.980698,1.604,25.5044834,84.1097525,15.192,25.56478,83.99114,1.601
2622447,Esbjerg,55.47028,8.45187,DK,Europe/Copenhagen,Denmark,"Esbjerg, Denmark",55.4672695,8.4490779,0.379,55.4664892,8.4520751,0.422,55.477836,8.448795,0.863,55.46648909,8.452071385,0.422,55.477836,8.448795,0.863,55.4664892,8.4520751,0.422,55.47028,8.45187,0.0,55.47028,8.45187,0.0,55.47027969,8.451869965,0.0,55.4664892,8.4520751,0.422,55.466843,8.452178,0.383,55.4664892,8.4520751,0.422,55.46648926,8.452074789,0.422,55.4664892,8.4520751,0.422,55.4664892,8.4520751,0.422,55.477836,8.448795,0.863,55.4672695,8.4490779,0.379,55.4664892,8.4520751,0.422,55.49003,8.45847,2.238
1735166,Batu Caves,3.238,101.682,MY,Asia/Kuala_Lumpur,Malaysia,"Batu Caves, Malaysia",3.2384574,101.6813495,0.088,3.2369148,101.6833464,0.192,3.255935,101.678528,2.02,3.237825305,101.6811917,0.092,3.255935,101.678528,2.02,3.2381345,101.6843388,0.26,3.238,101.682,0.0,3.238,101.682,0.0,3.237999916,101.6819992,0.0,3.2378206,101.681192,0.092,3.235474,101.68435,0.382,3.2377898,101.6813599,0.075,3.236915071,101.6833461,0.192,3.2377959,101.6813757,0.073,3.2378206,101.681192,0.092,3.255935,101.678528,2.02,3.2384574,101.6813495,0.088,3.237821,101.6811588,0.096,3.24128,101.66355,2.082
1254638,Tharad,24.39597,71.62577,IN,Asia/Kolkata,India,"Tharad, India",24.3960668,71.6427346,1.721,24.3897272,71.6292685,0.777,24.393425,71.630447,0.552,24.389724,71.62926117,0.777,24.393425,71.630447,0.552,24.41103693,71.80646454,18.404,24.38468,71.630392,1.336,24.39597,71.62577,0.0,24.39596939,71.62577057,0.0,24.3897272,71.6292685,0.777,24.39267,71.62678,0.38,24.3897272,71.6292685,0.777,24.38972745,71.62926849,0.777,24.3897272,71.6292685,0.777,24.3897272,71.6292685,0.777,24.393425,71.630447,0.552,24.3960668,71.6427346,1.721,24.3897272,71.6292685,0.777,24.35587,71.63291,4.5
2511880,Ribarroja del Turia,39.54595,-0.57069,ES,Europe/Madrid,Spain,"Ribarroja del Turia, Spain",39.54595,-0.57069,0.0,39.5463524,-0.5699662,0.077,39.54595,-0.57069,0.0,39.54635648,-0.569969338,0.077,39.54595,-0.57069,0.0,39.5463524,-0.5699662,0.077,39.54595,-0.57069,0.0,39.54595,-0.57069,0.0,39.54595184,-0.570689976,0.0,39.5463524,-0.5699662,0.077,39.54569,-0.575102,0.38,39.5463524,-0.5699662,0.077,39.54635246,-0.569966398,0.077,39.5463524,-0.5699662,0.077,39.5463524,-0.5699662,0.077,39.54595,-0.57069,0.0,39.5621133,-0.5414118,3.091,39.5423768,-0.5560389,1.32,39.52445,-0.57685,2.445
1274928,Chaibasa,22.55038,85.80249,IN,Asia/Kolkata,India,"Chaibasa, India",22.5548,85.809601,0.88,22.550434,85.8024498,0.007,22.547042,85.802871,0.372,22.54835369,85.81888141,1.701,22.547042,85.802871,0.372,22.5487,85.8079,0.587,22.543277,85.807841,0.96,22.55038,85.80249,0.0,22.54754744,85.81721411,1.547,22.5483518,85.8188876,1.702,22.54892,85.80581,0.378,22.5483518,85.8188876,1.702,22.55043411,85.80244951,0.007,22.5483518,85.8188876,1.702,22.5483518,85.8188876,1.702,22.547042,85.802871,0.372,22.5548,85.809601,0.88,22.5483518,85.8188876,1.702,22.54131,85.81258,1.444
266045,Zahle,33.84675,35.90203,LB,Asia/Beirut,Lebanon,"Zahle, Lebanon",33.8299409,35.9139037,2.164,33.8477069,35.9024955,0.115,33.84972,35.90417,0.384,33.84770555,35.90249588,0.114,33.84972,35.90417,0.384,33.8476479,35.9026269,0.114,33.84675,35.90203,0.0,33.84675,35.90203,0.0,33.84674835,35.90203094,0.0,33.8477069,35.9024955,0.115,33.848286,35.89863,0.358,33.8477069,35.9024955,0.115,33.84770704,35.9024952,0.115,33.8477069,35.9024955,0.115,33.8477069,35.9024955,0.115,33.84972,35.90417,0.384,33.8565527,35.8442075,5.461,33.8477069,35.9024955,0.115,33.86774,35.88154,3.003
3665913,Villa del Rosario,7.83389,-72.47417,CO,America/Bogota,Colombia,"Villa del Rosario, Colombia",7.8359948,-72.4725258,0.295,7.8318933,-72.4717181,0.349,7.83389,-72.47417,0.0,7.831891283,-72.47171119,0.35,7.83389,-72.47417,0.0,7.757274832,-72.48181341,8.515,7.83389,-72.47417,0.0,7.83389,-72.47417,0.0,7.833889961,-72.47416687,0.0,7.8318933,-72.4717181,0.349,7.832616,-72.47119,0.358,7.8318933,-72.4717181,0.349,7.831893306,-72.47171815,0.349,7.8318933,-72.4717181,0.349,7.8318933,-72.4717181,0.349,7.83389,-72.47417,0.0,7.8359948,-72.4725258,0.295,7.8318933,-72.4717181,0.349,6.84265,-72.69457,112.292
3594575,La Gomera,14.08213,-91.05383,GT,America/Guatemala,Guatemala,"La Gomera, Guatemala",14.08213606,-91.05224326,0.171,14.0856228,-91.0516644,0.452,14.08333,-91.05,0.434,14.08230231,-91.12478149,7.662,14.08333,-91.05,0.434,14.07951973,-91.11548319,6.665,14.08213,-91.05383,0.0,14.07871,-91.10949,6.023,14.08213043,-91.05383301,0.0,14.0823024,-91.1247876,7.663,14.084014,-91.05115,0.357,14.0823024,-91.1247876,7.663,14.0856229,-91.05166465,0.452,14.0823024,-91.1247876,7.663,14.0823024,-91.1247876,7.663,14.08333,-91.05,0.434,14.0153244,-91.1383716,11.748,14.0823024,-91.1247876,7.663,14.11683,-91.01231,5.903
5809844,Seattle,47.60621,-122.33207,US,America/Los_Angeles,United States,"Seattle, United States",47.603229,-122.33028,0.358,47.6038321,-122.330062,0.304,47.673455,-122.331537,7.477,47.61147878,-122.3320042,0.586,47.673455,-122.331537,7.477,47.61970163,-122.3512724,2.082,47.618094,-122.331234,1.323,47.60621,-122.33207,0.0,47.6062088,-122.3320694,0.0,47.6038321,-122.330062,0.304,47.603243,-122.330286,0.356,47.6038321,-122.330062,0.304,47.60383218,-122.330062,0.304,47.6038321,-122.330062,0.304,47.6038321,-122.330062,0.304,47.673455,-122.331537,7.477,47.603229,-122.33028,0.358,47.6038321,-122.330062,0.304,47.5954,-122.32738,1.253
2758927,Bilthoven,52.13,5.20139,NL,Europe/Amsterdam,The Netherlands,"Bilthoven, The Netherlands",52.12866102,5.198866939,0.228,52.1289693,5.2046134,0.249,52.134585,5.214643,1.041,52.12896854,5.204618527,0.249,52.134585,5.214643,1.041,52.1289693,5.2046134,0.249,52.128758,5.198898,0.22,52.13,5.20139,0.0,52.13000107,5.20138979,0.0,52.1289693,5.2046134,0.249,52.12958,5.206511,0.354,52.1289693,5.2046134,0.249,52.14052356,5.20723541,1.237,52.1289693,5.2046134,0.249,52.1289693,5.2046134,0.249,52.134585,5.214643,1.041,52.1294872,5.2051364,0.263,52.1186518,5.1890807,1.518,0.0,0.0,5798.324
1263247,Mayiladuthurai,11.10354,79.655,IN,Asia/Kolkata,India,"Mayiladuthurai, India",11.10354,79.655,0.0,11.1018614,79.6503162,0.544,11.098139,79.65,0.81,11.10186182,79.6503113,0.545,11.098139,79.65,0.81,11.1018614,79.6503162,0.544,11.097717,79.645636,1.209,11.10354,79.655,0.0,11.10354042,79.65499878,0.0,11.1018614,79.6503162,0.544,11.101844,79.65227,0.352,11.1018614,79.6503162,0.544,11.10186141,79.65031598,0.544,11.1018614,79.6503162,0.544,11.1018614,79.6503162,0.544,11.098139,79.65,0.81,11.1258254,79.7514977,10.826,11.1018614,79.6503162,0.544,11.1114,79.64162,1.701
3649959,Zamora,-4.06446,-78.95123,EC,America/Guayaquil,Ecuador,"Zamora, Ecuador",-4.012653178,-78.98283836,6.719,-4.0669323,-78.9565614,0.652,-4.06685,-78.95488,0.484,-4.00420656,-78.95777129,6.702,-4.06685,-78.95488,0.484,-4.172117279,-78.90480775,12.973,-4.056441,-78.970342,2.3,-4.25,-78.83333,24.337,-4.066850185,-78.95487976,0.484,-4.0042008,-78.9577754,6.703,-4.06724,-78.95257,0.342,-4.0042008,-78.9577754,6.703,-4.157536829,-79.00209779,11.74,-4.0042008,-78.9577754,6.703,-4.0042008,-78.9577754,6.703,-4.06685,-78.95488,0.484,-4.0617135,-78.9460494,0.651,-4.0042008,-78.9577754,6.703,-4.06257,-78.95657,0.629
2876218,Lohmar,50.83868,7.21399,DE,Europe/Berlin,Germany,"Lohmar, Germany",50.839775,7.209401001,0.345,50.8402243,7.2127276,0.193,50.840566,7.211356,0.28,50.84022833,7.212721182,0.194,50.840566,7.211356,0.28,50.86562381,7.248318336,3.851,50.851679,7.229147,1.797,,,,50.83868027,7.213990211,0.0,50.8402243,7.2127276,0.193,50.839813,7.209498,0.341,50.8402243,7.2127276,0.193,50.85354522,7.247358611,2.874,50.8402243,7.2127276,0.193,50.8402243,7.2127276,0.193,50.840566,7.211356,0.28,50.838607,7.208754,0.369,50.8402243,7.2127276,0.193,50.86474,7.24659,3.698
6317464,Lauro de Freitas,-12.89444,-38.32722,BR,America/Bahia,Brazil,"Lauro de Freitas, Brazil",-12.8977135,-38.3254901,0.408,-12.89242,-38.3127691,1.584,-12.872784,-38.328058,2.398,-12.89242211,-38.31276628,1.584,-12.872784,-38.328058,2.398,-12.86041305,-38.32941831,3.772,-12.843,-38.348401,6.138,-12.89444,-38.32722,0.0,-12.89242,-38.3127691,1.584,-12.89242,-38.3127691,1.584,-12.893844,-38.324154,0.339,-12.89242,-38.3127691,1.584,-12.89241987,-38.31276912,1.584,-12.8602189,-38.3223396,3.823,-12.89242,-38.3127691,1.584,-12.872784,-38.328058,2.398,-12.8977135,-38.3254901,0.408,-12.89242,-38.3127691,1.584,-12.88383,-38.32766,1.175
1329548,Ahlone,16.78897,96.12649,MM,Asia/Yangon,Myanmar,"Ahlone, Myanmar",16.7866745,96.1283601,0.323,16.786798,96.1287706,0.342,16.788666,96.137841,1.211,16.78679275,96.12877157,0.342,16.788666,96.137841,1.211,16.7858852,96.1329836,0.772,16.78897,96.12649,0.0,16.78897,96.12649,0.0,16.78897095,96.12648773,0.0,16.786798,96.1287706,0.342,16.787724,96.12939,0.339,16.786798,96.1287706,0.342,16.78679829,96.12877049,0.342,16.786798,96.1287706,0.342,16.786798,96.1287706,0.342,16.788666,96.137841,1.211,16.7911301,96.1344424,0.881,16.786798,96.1287706,0.342,16.78735,96.12867,0.294
1259939,Pehowa,29.97897,76.58249,IN,Asia/Kolkata,India,"Pehowa, India",29.9814712,76.5809406,0.315,29.9783724,76.5832383,0.098,29.984069,76.585533,0.637,29.99888492,76.55827125,3.215,29.984069,76.585533,0.637,29.9783724,76.5832383,0.098,29.979482,76.592361,0.954,29.97897,76.58249,0.0,29.97896957,76.58248901,0.0,29.9988844,76.5582773,3.214,29.981693,76.58093,0.337,29.9988844,76.5582773,3.214,29.97837254,76.58323813,0.098,29.9988844,76.5582773,3.214,29.9988844,76.5582773,3.214,29.984069,76.585533,0.637,29.9814712,76.5809406,0.315,29.9988844,76.5582773,3.214,29.99113,76.57452,1.552
2648063,Great Malvern,52.11161,-2.32515,GB,Europe/London,United Kingdom,"Great Malvern, United Kingdom",52.11142416,-2.329540672,0.302,52.1109798,-2.3285836,0.245,52.109083,-2.311423,0.982,52.11097854,-2.328583815,0.246,52.109083,-2.311423,0.982,54.7023545,-3.2765753,295.187,52.11161,-2.32515,0.0,,,,52.11161041,-2.325150013,0.0,52.1109798,-2.3285836,0.245,52.111782,-2.330045,0.336,52.1109798,-2.3285836,0.245,52.11097993,-2.328583896,0.245,52.1109798,-2.3285836,0.245,52.1109798,-2.3285836,0.245,52.109083,-2.311423,0.982,52.111899,-2.3198311,0.366,52.1109798,-2.3285836,0.245,52.10788,-2.32722,0.439
3555907,Jovellanos,22.80375,-81.19127,CU,America/Havana,Cuba,"Jovellanos, Cuba",,,,22.8051604,-81.196847,0.594,22.80444,-81.19444,0.334,22.80516374,-81.19684133,0.593,22.80444,-81.19444,0.334,22.8051604,-81.196847,0.594,,,,22.8,-81.2,0.988,22.80374908,-81.19126892,0.0,22.8051604,-81.196847,0.594,22.802683,-81.194336,0.336,22.8051604,-81.196847,0.594,22.80516054,-81.19684719,0.594,22.8051604,-81.196847,0.594,22.8051604,-81.196847,0.594,22.80444,-81.19444,0.334,22.8068763,-81.1980066,0.773,22.8051604,-81.196847,0.594,22.81494,-81.19116,1.239
3165773,Termoli,41.99994,14.99389,IT,Europe/Rome,Italy,"Termoli, Italy",41.9957668,14.9905314,0.541,41.9983273,14.9939366,0.179,41.996915,14.991148,0.406,41.99832688,14.99393246,0.179,41.996915,14.991148,0.406,41.98173728,14.96264745,3.285,41.99994,14.99389,0.0,41.99994,14.99389,0.0,41.9983273,14.9939366,0.179,41.9983273,14.9939366,0.179,42.002644,14.995671,0.335,41.9983273,14.9939366,0.179,41.99832737,14.99393631,0.179,41.9983273,14.9939366,0.179,41.9983273,14.9939366,0.179,41.996915,14.991148,0.406,41.9957668,14.9905314,0.541,41.9983273,14.9939366,0.179,41.98872,14.98559,1.423
1272532,Dinhata,26.13526,89.46129,IN,Asia/Kolkata,India,"Dinhata, India",26.1238,89.468102,1.441,26.1279625,89.4631456,0.83,26.127608,89.457651,0.923,26.12796428,89.46314147,0.829,26.127608,89.457651,0.923,26.0349263,89.4889402,11.455,26.159908,89.475378,3.073,26.13526,89.46129,0.0,26.12359797,89.44245743,2.284,26.1279625,89.4631456,0.83,26.132343,89.46214,0.334,26.1279625,89.4631456,0.83,26.12796273,89.46314547,0.829,26.1279625,89.4631456,0.83,26.1238376,89.4680986,1.437,26.127608,89.457651,0.923,26.1238,89.468102,1.441,26.1279625,89.4631456,0.83,26.14066,89.4664,0.787
2472706,Bizerte,37.27442,9.87391,TN,Africa/Tunis,Tunisia,"Bizerte, Tunisia",37.2725849,9.8719093,0.27,37.0354339,9.6393259,33.73,37.524881,8.931428,87.958,37.27209611,9.870851617,0.374,37.524881,8.931428,87.958,37.2720905,9.8708565,0.374,,,,37.27442,9.87391,0.0,37.07949282,9.614988014,31.571,37.2720905,9.8708565,0.374,37.271488,9.873238,0.331,37.2720905,9.8708565,0.374,37.27209051,9.870856404,0.374,37.2720905,9.8708565,0.374,37.2720905,9.8708565,0.374,37.524881,8.931428,87.958,37.2725849,9.8719093,0.27,37.2720905,9.8708565,0.374,37.25201,9.88414,2.647
3443341,Carmelo,-34.00023,-58.28402,UY,America/Montevideo,Uruguay,"Carmelo, Uruguay",-34.07388703,-58.16128728,13.972,-33.9967827,-58.2836485,0.384,-33.98917,-58.28556,1.235,-33.99678557,-58.28364955,0.384,-33.98917,-58.28556,1.235,-33.9969239,-58.2840522,0.367,-33.995905,-58.284679,0.484,-34.00023,-58.28402,0.0,,,,-33.9967827,-58.2836485,0.384,-33.99733,-58.284714,0.328,-33.9967827,-58.2836485,0.384,-33.99678254,-58.28364853,0.384,-33.9967827,-58.2836485,0.384,-33.9967827,-58.2836485,0.384,-33.98917,-58.28556,1.235,-33.9975181,-58.283609,0.303,-33.9967827,-58.2836485,0.384,-33.99445,-58.28422,0.641
1263306,Mau Aimma,25.69515,81.92336,IN,Asia/Kolkata,India,"Mau Aimma, India",,,,25.6960424,81.9206763,0.287,25.686252,81.923559,0.986,25.69604421,81.92067134,0.287,25.686252,81.923559,0.986,25.6960424,81.9206763,0.287,,,,25.69515,81.92336,0.0,25.69515038,81.92336273,0.0,25.6960424,81.9206763,0.287,25.697615,81.921555,0.328,25.6960424,81.9206763,0.287,,,,25.6960424,81.9206763,0.287,25.6960424,81.9206763,0.287,25.686252,81.923559,0.986,25.6945,81.919899,0.355,25.6960424,81.9206763,0.287,25.70634,81.91232,1.663
2247684,Ndioum,16.51293,-14.64706,SN,Africa/Dakar,Senegal,"Ndioum, Senegal",16.5175068,-14.6453015,0.54,16.510014,-14.647498,0.326,16.51293,-14.64706,0.0,16.51001271,-14.6474924,0.326,16.51293,-14.64706,0.0,16.5089693,-14.638816,0.983,16.51293,-14.64706,0.0,16.51293,-14.64706,0.0,16.51292992,-14.64706039,0.0,16.510014,-14.647498,0.326,16.510014,-14.647498,0.326,16.510014,-14.647498,0.326,16.51001413,-14.64749817,0.326,16.510014,-14.647498,0.326,16.510014,-14.647498,0.326,16.51293,-14.64706,0.0,16.5175068,-14.6453015,0.54,16.510014,-14.647498,0.326,16.50983,-14.64361,0.503
1267745,Kariapatti,9.67505,78.09992,IN,Asia/Kolkata,India,"Kariapatti, India",9.670404,78.100883,0.525,9.6694505,78.1645543,7.12,9.67505,78.09992,0.0,9.669451584,78.16455128,7.12,9.67505,78.09992,0.0,,,,9.67505,78.09992,0.0,9.67505,78.09992,0.0,9.675049782,78.09992218,0.0,9.6694505,78.1645543,7.12,9.674798,78.102875,0.325,9.6694505,78.1645543,7.12,9.670214551,78.10103349,0.549,9.6694505,78.1645543,7.12,9.6694505,78.1645543,7.12,9.67505,78.09992,0.0,9.670404,78.100883,0.525,9.6694505,78.1645543,7.12,9.54956,78.10219,13.882
3404306,Cacimba de Dentro,-6.64167,-35.79,BR,America/Fortaleza,Brazil,"Cacimba de Dentro, Brazil",-6.6413688,-35.7924547,0.273,-6.6425101,-35.7929304,0.337,-6.640938,-35.793697,0.417,-6.642511088,-35.79293586,0.338,-6.640938,-35.793697,0.417,-6.6425101,-35.7929304,0.337,-6.640233,-35.79438,0.51,-6.62328,-35.8005,2.342,-6.6425101,-35.7929304,0.337,-6.6425101,-35.7929304,0.337,-6.641808,-35.79294,0.325,-6.6425101,-35.7929304,0.337,-6.64250982,-35.79293065,0.337,-6.6425101,-35.7929304,0.337,-6.6425101,-35.7929304,0.337,-6.640938,-35.793697,0.417,-6.6413688,-35.7924547,0.273,-6.6425101,-35.7929304,0.337,-6.62835,-35.80296,2.055
1258952,Raisen,23.33033,77.7811,IN,Asia/Kolkata,India,"Raisen, India",23.33,77.784103,0.309,23.336919,77.7864624,0.913,23.331746,77.782443,0.208,23.26759381,78.17271128,40.658,23.331746,77.782443,0.208,22.9384007,77.6133286,46.682,23.33033,77.7811,0.0,23.25,78.08333,32.173,23.3303299,77.78109741,0.0,23.2675909,78.1727134,40.658,23.33011,77.78425,0.323,23.2675909,78.1727134,40.658,23.33011118,77.78425086,0.323,23.2675909,78.1727134,40.658,23.2675909,78.1727134,40.658,23.331746,77.782443,0.208,23.33,77.784103,0.309,23.2675909,78.1727134,40.658,23.32135,77.7582,2.544
3516225,Taxco de Alarcon,18.55462,-99.60592,MX,America/Mexico_City,Mexico,"Taxco de Alarcon, Mexico",18.55618544,-99.60492674,0.203,18.5565446,-99.6052838,0.223,18.550559,-99.60948,0.586,18.55654304,-99.60528163,0.223,18.550559,-99.60948,0.586,19.4754064,-99.2666707,108.001,18.55462,-99.60592,0.0,18.55462,-99.60592,0.0,18.60554051,-99.54095207,8.877,18.5565446,-99.6052838,0.223,18.557493,-99.60537,0.323,18.5565446,-99.6052838,0.223,18.55654489,-99.60528385,0.223,18.5565446,-99.6052838,0.223,18.5565446,-99.6052838,0.223,18.550559,-99.60948,0.586,18.5485196,-99.6086478,0.734,18.5218084,-99.6065075,3.632,18.55603,-99.60455,0.213
1169605,Muzaffargarh,30.07258,71.19379,PK,Asia/Karachi,Pakistan,"Muzaffargarh, Pakistan",30.07258,71.19379,0.0,30.0743097,71.1906224,0.361,30.075356,71.188681,0.581,30.07430493,71.19062117,0.36,30.075356,71.188681,0.581,30.0778083,71.1888419,0.751,30.07258,71.19379,0.0,30.07258,71.19379,0.0,30.07258034,71.19378662,0.0,30.0743097,71.1906224,0.361,30.074348,71.191124,0.323,30.0743097,71.1906224,0.361,30.07430995,71.19062237,0.361,30.0743097,71.1906224,0.361,30.0743097,71.1906224,0.361,30.075356,71.188681,0.581,30.065652,71.1873949,0.985,29.8167963,71.0009478,33.92,30.05069,71.15125,4.766
2596746,Ouake,9.66167,1.38472,BJ,Africa/Porto-Novo,Benin,"Ouake, Benin",9.589427995,1.429438451,9.378,9.6642475,1.3859323,0.315,9.66167,1.38472,0.0,9.664241583,1.385932271,0.314,9.66167,1.38472,0.0,,,,9.66167,1.38472,0.0,9.66167,1.38472,0.0,9.661669731,1.384719968,0.0,9.6642475,1.3859323,0.315,9.664248,1.385932,0.315,9.6642475,1.3859323,0.315,9.664247762,1.385932267,0.315,9.6642475,1.3859323,0.315,9.6642475,1.3859323,0.315,9.66167,1.38472,0.0,9.6658573,1.3849155,0.464,9.6642475,1.3859323,0.315,9.74674,1.38531,9.409
3477430,Bombinhas,-27.1518,-48.48941,BR,America/Sao_Paulo,Brazil,"Bombinhas, Brazil",-27.1361587,-48.5152947,3.096,-27.1519159,-48.4875691,0.183,-27.160153,-48.512072,2.429,-27.15191445,-48.48756794,0.183,-27.160153,-48.512072,2.429,-27.17367873,-48.51939196,3.835,-27.166947,-48.506984,2.419,-27.17876,-48.50195,3.236,-27.1519159,-48.4875691,0.183,-27.1519159,-48.4875691,0.183,-27.1495,-48.487537,0.315,-27.1519159,-48.4875691,0.183,-27.15191581,-48.48756943,0.183,-27.1519159,-48.4875691,0.183,-27.1519159,-48.4875691,0.183,-27.160153,-48.512072,2.429,-27.1361587,-48.5152947,3.096,-27.1519159,-48.4875691,0.183,-27.16607,-48.50835,2.454
3171484,Parabiago,45.56034,8.94545,IT,Europe/Rome,Italy,"Parabiago, Italy",45.556843,8.9462367,0.393,45.5586385,8.9479761,0.273,45.556078,8.945584,0.474,45.55863746,8.947971466,0.273,45.556078,8.945584,0.474,45.54944916,8.943276633,1.222,,,,45.56034,8.94545,0.0,45.5586385,8.9479761,0.273,45.5586385,8.9479761,0.273,45.55827,8.948215,0.315,45.5586385,8.9479761,0.273,45.55863856,8.947976008,0.273,45.5586385,8.9479761,0.273,45.5586385,8.9479761,0.273,45.556078,8.945584,0.474,45.556843,8.9462367,0.393,45.5586385,8.9479761,0.273,45.55343,8.94728,0.781
2642135,Motherwell,55.78924,-3.99187,GB,Europe/London,United Kingdom,"Motherwell, United Kingdom",55.78995611,-3.993559135,0.133,55.7893512,-3.9904173,0.092,55.774014,-3.934679,3.969,55.78935914,-3.990416538,0.092,55.774014,-3.934679,3.969,54.7023545,-3.2765753,129.269,55.786868,-3.992404,0.266,55.78924,-3.99187,0.0,55.78924179,-3.991869926,0.0,55.7893512,-3.9904173,0.092,55.79183,-3.989854,0.315,55.7893512,-3.9904173,0.092,55.78935121,-3.99041757,0.092,55.7893512,-3.9904173,0.092,55.7893512,-3.9904173,0.092,55.774014,-3.934679,3.969,55.789136,-3.9954569,0.225,55.7893512,-3.9904173,0.092,55.8017,-3.97226,1.854
2465030,Siliana,36.08497,9.37082,TN,Africa/Tunis,Tunisia,"Siliana, Tunisia",36.0845203,9.3708318,0.05,35.9715323,9.3577129,12.642,36.08497,9.37082,0.0,35.97153589,9.357711533,12.642,36.08497,9.37082,0.0,36.05399007,9.337456299,4.566,,,,36.0,9.33333,10.015,36.05280676,9.337325108,4.673,35.9715323,9.3577129,12.642,36.084715,9.374296,0.314,35.9715323,9.3577129,12.642,36.08466519,9.374373145,0.322,35.9715323,9.3577129,12.642,35.9715323,9.3577129,12.642,36.08497,9.37082,0.0,36.0845203,9.3708318,0.05,35.9715323,9.3577129,12.642,36.08891,9.36782,0.514
2814883,Waldkirch,48.09585,7.96371,DE,Europe/Berlin,Germany,"Waldkirch, Germany",48.093941,7.961225,0.282,48.0939396,7.9610142,0.292,48.096726,7.967846,0.323,48.09393788,7.961011304,0.293,48.096726,7.967846,0.323,48.08942632,7.969645599,0.84,48.093602,7.966288,0.315,48.09585,7.96371,0.0,48.0958519,7.963709831,0.0,48.0939396,7.9610142,0.292,48.09327,7.962027,0.313,48.0939396,7.9610142,0.292,48.09393977,7.96101395,0.292,48.0939396,7.9610142,0.292,48.0939396,7.9610142,0.292,48.096726,7.967846,0.323,48.0927112,7.9630885,0.352,48.0939396,7.9610142,0.292,48.09124,7.9649,0.52
2783456,Wondelgem,51.08705,3.70909,BE,Europe/Brussels,Belgium,"Wondelgem, Belgium",51.08705,3.70909,0.0,51.0886195,3.7123555,0.288,51.081004,3.720677,1.054,51.08861837,3.712356082,0.288,51.081004,3.720677,1.054,51.0885639,3.7132822,0.339,51.08705,3.70909,0.0,51.08705,3.70909,0.0,51.0653515,3.7091453,2.414,51.0886195,3.7123555,0.288,51.088367,3.713024,0.312,51.0886195,3.7123555,0.288,51.08861964,3.712355308,0.288,51.0886195,3.7123555,0.288,51.0886195,3.7123555,0.288,51.081004,3.720677,1.054,51.0888908,3.7130028,0.342,51.0886195,3.7123555,0.288,51.0835,3.71028,0.404
1160120,Nehbandan,31.54185,60.03648,IR,Asia/Tehran,Iran,"Nehbandan, Iran",31.5349159,60.0397797,0.83,31.5431543,60.0349456,0.205,31.54185,60.03648,0.0,31.54315517,60.03494984,0.205,31.54185,60.03648,0.0,31.5431543,60.0349456,0.205,31.54185,60.03648,0.0,31.5,59.795,23.401,31.54184914,60.03647995,0.0,31.5431543,60.0349456,0.205,31.541592,60.039726,0.31,31.5431543,60.0349456,0.205,31.54315436,60.03494527,0.205,31.5431543,60.0349456,0.205,31.5431543,60.0349456,0.205,31.54185,60.03648,0.0,31.5349159,60.0397797,0.83,31.5431543,60.0349456,0.205,31.3354,60.19852,27.591
1733697,Semporna,4.48178,118.61119,MY,Asia/Kuching,Malaysia,"Semporna, Malaysia",,,,4.4790651,118.6118806,0.31,4.466571,118.605562,1.794,4.479077339,118.4297719,20.136,4.466571,118.605562,1.794,4.4790651,118.6118806,0.31,4.48178,118.61119,0.0,4.48178,118.61119,0.0,4.481780052,118.6111908,0.0,4.4790765,118.4297732,20.136,4.479053,118.611755,0.308,,,,4.479065142,118.6118803,0.31,4.4790765,118.4297732,20.136,4.4790765,118.4297732,20.136,4.466571,118.605562,1.794,4.4787464,118.610844,0.338,4.4790765,118.4297732,20.136,4.47392,118.6035,1.218
1275719,Bihariganj,25.73415,86.98837,IN,Asia/Kolkata,India,"Bihariganj, India",25.7315423,86.9881591,0.29,25.7321016,86.9877291,0.236,25.731684,86.988597,0.274,25.74098422,86.97578143,1.473,25.731684,86.988597,0.274,25.77110593,86.98395364,4.118,25.73415,86.98837,0.0,25.73415,86.98837,0.0,25.73954481,86.98773726,0.601,25.7409879,86.9757854,1.473,25.731396,86.98829,0.305,25.7409879,86.9757854,1.473,25.7321019,86.98772907,0.236,25.7409879,86.9757854,1.473,25.7409879,86.9757854,1.473,25.731684,86.988597,0.274,25.7315423,86.9881591,0.29,25.7409879,86.9757854,1.473,25.74665,86.97645,1.83
5812944,Tacoma,47.25288,-122.44429,US,America/Los_Angeles,United States,"Tacoma, United States",47.25308,-122.44153,0.21,47.2455013,-122.438329,0.936,47.235357,-122.452504,2.045,47.25377777,-122.4420062,0.2,47.235357,-122.452504,2.045,47.24232872,-122.4543926,1.4,47.237245,-122.458869,2.059,47.25288,-122.44429,0.0,47.2528801,-122.4442902,0.0,47.2455013,-122.438329,0.936,47.255127,-122.442003,0.304,47.2455013,-122.438329,0.936,47.2455014,-122.438329,0.936,47.2455013,-122.438329,0.936,47.2455013,-122.438329,0.936,47.235357,-122.452504,2.045,47.25308,-122.44153,0.21,47.2450762,-122.4397174,0.934,47.09549,-122.60613,21.37
3165698,Thiene,45.7088,11.47959,IT,Europe/Rome,Italy,"Thiene, Italy",45.7098703,11.4806296,0.144,45.7059893,11.4797197,0.313,45.705838,11.478002,0.352,45.70598749,11.47971188,0.313,45.705838,11.478002,0.352,45.7057667,11.4802561,0.341,45.7088,11.47959,0.0,45.7088,11.47959,0.0,45.7059893,11.4797197,0.313,45.7059893,11.4797197,0.313,45.70607,11.479722,0.304,45.7059893,11.4797197,0.313,45.7059894,11.47971947,0.313,45.6877202,11.4861438,2.398,45.6877202,11.4861438,2.398,45.705838,11.478002,0.352,45.7098703,11.4806296,0.144,45.6877202,11.4861438,2.398,45.69986,11.4802,0.995
11611617,Kunitachi,35.6833,139.43848,JP,Asia/Tokyo,Japan,"Kunitachi, Japan",35.68386683,139.4414045,0.272,35.681991,139.43624,0.249,35.684702,139.441312,0.3,35.68199585,139.4362423,0.249,35.684702,139.441312,0.3,35.6863429,139.4387687,0.339,,,,35.68634,139.43878,0.338,35.68330002,139.4384766,0.0,35.681991,139.43624,0.249,35.68203,139.43558,0.298,35.681991,139.43624,0.249,35.6819912,139.4362399,0.249,35.681991,139.43624,0.249,35.681991,139.43624,0.249,35.684702,139.441312,0.3,35.6729235,139.4780121,3.759,35.681991,139.43624,0.249,35.68622,139.44115,0.404
1278622,Anthiyur,11.57506,77.59043,IN,Asia/Kolkata,India,"Anthiyur, India",11.57619,77.58815,0.278,11.575293,77.5886003,0.201,11.57506,77.59043,0.0,11.71444192,77.56793127,15.612,11.57506,77.59043,0.0,,,,11.59276,77.587421,1.985,11.57506,77.59043,0.0,11.57505989,77.59043121,0.0,11.7144457,77.5679387,15.613,11.576697,77.5883,0.295,11.7144457,77.5679387,15.613,11.57529309,77.58860014,0.201,11.7144457,77.5679387,15.613,11.7144457,77.5679387,15.613,11.57506,77.59043,0.0,11.57619,77.58815,0.278,11.7144457,77.5679387,15.613,11.6753,77.56827,11.349
3672068,Planeta Rica,8.4115,-75.58508,CO,America/Bogota,Colombia,"Planeta Rica, Colombia",8.40892,-75.5868,0.342,8.4076739,-75.5840456,0.438,8.41472,-75.58833,0.505,8.407671378,-75.58404124,0.439,8.41472,-75.58833,0.505,8.334471299,-75.6666238,12.379,8.4115,-75.58508,0.0,8.4115,-75.58508,0.0,8.411499977,-75.58508301,0.0,8.4076739,-75.5840456,0.438,8.410319,-75.5827,0.293,8.4076739,-75.5840456,0.438,8.407673965,-75.58404587,0.438,8.4076739,-75.5840456,0.438,8.4076739,-75.5840456,0.438,8.41472,-75.58833,0.505,8.40892,-75.5868,0.342,8.4076739,-75.5840456,0.438,8.41144,-75.58738,0.253
1316752,Kyaukpyu,19.42793,93.55134,MM,Asia/Yangon,Myanmar,"Kyaukpyu, Myanmar",19.4285082,93.5475845,0.4,19.4266675,93.5479844,0.379,19.806733,94.037587,66.03,19.42666318,93.54798153,0.38,19.806733,94.037587,66.03,19.5212991,94.0072428,48.968,,,,19.42793,93.55134,0.0,19.42793083,93.5513382,0.0,19.4266675,93.5479844,0.379,19.42745,93.54861,0.292,19.4266675,93.5479844,0.379,19.42666763,93.54798418,0.379,19.4266675,93.5479844,0.379,19.4266675,93.5479844,0.379,19.806733,94.037587,66.03,19.4285082,93.5475845,0.4,19.1417668,93.7860651,40.152,19.4278,93.54548,0.616
3364346,Malmesbury,-33.4608,18.72714,ZA,Africa/Johannesburg,South Africa,"Malmesbury, South Africa",-33.4608,18.72714,0.0,-33.460278,18.723611,0.333,-33.459976,18.729867,0.269,-33.46027548,18.72361307,0.333,-33.459976,18.729867,0.269,-33.46108167,18.72687318,0.04,-33.462079,18.718855,0.783,-33.4608,18.72714,0.0,-33.46080017,18.72714043,0.0,-33.460278,18.723611,0.333,-33.46245,18.729584,0.292,-33.460278,18.723611,0.333,-33.46107654,18.72687219,0.04,-33.460278,18.723611,0.333,-33.460278,18.723611,0.333,-33.459976,18.729867,0.269,-33.4577986,18.7233183,0.487,-33.460278,18.723611,0.333,-33.46221,18.72687,0.158
1225187,Vakarai,8.13333,81.43333,LK,Asia/Colombo,Sri Lanka,"Vakarai, Sri Lanka",8.13333,81.43333,0.0,8.1333819,81.4360019,0.295,8.13333,81.43333,0.0,8.133381333,81.43600133,0.294,8.13333,81.43333,0.0,8.1656562,81.41386758,4.169,8.13333,81.43333,0.0,8.13333,81.43333,0.0,8.133330345,81.43332672,0.0,8.1333819,81.4360019,0.295,8.133377,81.435974,0.291,8.1333819,81.4360019,0.295,8.133382094,81.43600166,0.294,8.1333819,81.4360019,0.295,8.1333819,81.4360019,0.295,8.13333,81.43333,0.0,8.1659111,81.413908,4.191,8.1333819,81.4360019,0.295,8.12939,81.43153,0.479
1718436,Carcar,10.1061,123.6402,PH,Asia/Manila,Philippines,"Carcar, Philippines",10.1028199,123.6401299,0.363,10.1055552,123.6406685,0.079,10.1061,123.6402,0.0,10.10555166,123.640662,0.079,10.1061,123.6402,0.0,10.1062939,123.6393625,0.094,10.1061,123.6402,0.0,10.11667,123.63333,1.391,10.1055552,123.6406685,0.079,10.1055552,123.6406685,0.079,10.103506,123.640495,0.289,10.1055552,123.6406685,0.079,10.10555522,123.6406685,0.079,10.1055552,123.6406685,0.079,10.1055552,123.6406685,0.079,10.1061,123.6402,0.0,10.1028199,123.6401299,0.363,10.1055552,123.6406685,0.079,10.0607,123.59492,7.06
2624652,Arhus,56.15674,10.21076,DK,Europe/Copenhagen,Denmark,"Arhus, Denmark",56.1581547,10.2120347,0.176,56.1496278,10.2134046,0.809,56.142797,10.178555,2.533,56.1496292,10.21340167,0.809,56.142797,10.178555,2.533,56.1496278,10.2134046,0.809,56.15674,10.21076,0.0,56.15674,10.21076,0.0,56.15673828,10.21076012,0.0,56.1496278,10.2134046,0.809,56.15581,10.206425,0.289,,,,56.14962794,10.21340434,0.809,56.1496278,10.2134046,0.809,56.1496278,10.2134046,0.809,56.142797,10.178555,2.533,56.1581547,10.2120347,0.176,56.1496278,10.2134046,0.809,56.16044,10.19046,1.327
3586977,Cojutepeque,13.71971,-88.93309,SV,America/El_Salvador,El Salvador,"Cojutepeque, El Salvador",13.72188,-88.93445,0.282,13.7217396,-88.9345406,0.274,13.71667,-88.93333,0.337,13.72173225,-88.93454146,0.273,13.71667,-88.93333,0.337,13.7217396,-88.9345406,0.274,13.71667,-88.93333,0.337,13.71971,-88.93309,0.0,13.71667004,-88.93332672,0.337,13.7217396,-88.9345406,0.274,13.721689,-88.93482,0.288,13.7217396,-88.9345406,0.274,13.72173992,-88.93454075,0.274,13.7217396,-88.9345406,0.274,13.7217396,-88.9345406,0.274,13.71667,-88.93333,0.337,13.72188,-88.93445,0.282,13.7217396,-88.9345406,0.274,13.72758,-88.94302,1.383
1624196,Teminabuan,-1.4416,132.01428,ID,Asia/Jayapura,Indonesia,"Teminabuan, Indonesia",-1.4523369,132.0740234,6.754,-1.4412611,132.0119237,0.265,-1.477497,132.072144,7.564,-1.441262361,132.0119222,0.265,-1.477497,132.072144,7.564,-1.44535128,132.0208712,0.843,-1.4416,132.01428,0.0,-1.44472,132.021,0.824,-1.441599965,132.0142822,0.0,-1.4412611,132.0119237,0.265,-1.441488,132.0117,0.287,-1.4412611,132.0119237,0.265,-1.44126107,132.0119236,0.265,-1.4412611,132.0119237,0.265,-1.4412611,132.0119237,0.265,-1.477497,132.072144,7.564,-1.4523369,132.0740234,6.754,-1.4412611,132.0119237,0.265,0.0,0.0,14693.934
2545017,Jerada,34.31,-2.16,MA,Africa/Casablanca,Morocco,"Jerada, Morocco",34.3090575,-2.1620162,0.213,34.310531,-2.159979,0.059,34.302163,-2.172962,1.476,34.31053562,-2.159973539,0.059,34.302163,-2.172962,1.476,,,,34.31,-2.16,0.0,34.31,-2.16,0.0,34.310531,-2.159979,0.059,34.310531,-2.159979,0.059,34.308792,-2.16276,0.287,34.310531,-2.159979,0.059,34.31053113,-2.159979232,0.059,34.310531,-2.159979,0.059,34.310531,-2.159979,0.059,34.302163,-2.172962,1.476,34.3090575,-2.1620162,0.213,34.1095589,-2.0553619,24.235,0.0,0.0,3804.726
1268276,Kamalganj,27.26181,79.63134,IN,Asia/Kolkata,India,"Kamalganj, India",27.2729,79.625702,1.35,27.2596519,79.6323237,0.258,27.26037,79.632214,0.182,27.25965447,79.6323213,0.258,27.26037,79.632214,0.182,27.26602,79.63082,0.469,27.26181,79.63134,0.0,27.26181,79.63134,0.0,27.2618103,79.63134003,0.0,27.2596519,79.6323237,0.258,27.259808,79.63313,0.284,27.2596519,79.6323237,0.258,27.25965197,79.63232338,0.258,27.2596519,79.6323237,0.258,27.2596519,79.6323237,0.258,27.26037,79.632214,0.182,27.2729,79.625702,1.35,27.2596519,79.6323237,0.258,27.2482,79.6386,1.671
2853658,Pinneberg,53.65887,9.79698,DE,Europe/Berlin,Germany,"Pinneberg, Germany",53.660754,9.793232999,0.325,53.6615177,9.7967897,0.295,53.652223,9.793106,0.783,53.7278988,9.697951589,10.09,53.652223,9.793106,0.783,54.18154809,7.895837833,137.785,53.651756,9.795584,0.797,53.65887,9.79698,0.0,53.6615177,9.7967897,0.295,53.7278939,9.6979598,10.09,53.66111,9.798991,0.283,53.7278939,9.6979598,10.09,53.66151777,9.796789549,0.295,53.7278939,9.6979598,10.09,53.7278939,9.6979598,10.09,53.652223,9.793106,0.783,53.6626188,9.7963727,0.419,53.7278939,9.6979598,10.09,53.65176,9.79258,0.843
3473964,Guaiba,-30.11389,-51.325,BR,America/Sao_Paulo,Brazil,"Guaiba, Brazil",-30.1142179,-51.3278038,0.273,-30.1130731,-51.329442,0.438,-30.132229,-51.339843,2.486,-30.11307493,-51.32944841,0.438,-30.132229,-51.339843,2.486,-30.1246935,-51.4987264,16.785,,,,-30.11389,-51.325,0.0,-30.11388969,-51.32500076,0.0,-30.1130731,-51.329442,0.438,-30.11379,-51.327904,0.28,-30.1130731,-51.329442,0.438,-30.11307289,-51.3294423,0.438,-30.164367,-51.4329026,11.807,-30.1130731,-51.329442,0.438,-30.132229,-51.339843,2.486,-30.1142179,-51.3278038,0.273,-30.1130731,-51.329442,0.438,-30.12757,-51.34605,2.533
3182179,Benevento,41.1307,14.77816,IT,Europe/Rome,Italy,"Benevento, Italy",41.130448,14.781174,0.255,41.1295587,14.7824639,0.383,41.130241,14.781092,0.251,41.24763676,14.70570241,14.339,41.130241,14.781092,0.251,41.24027726,14.75132164,12.376,41.1307,14.77816,0.0,41.1307,14.77816,0.0,41.13069916,14.7781601,0.0,41.2476307,14.7057054,14.338,41.13001,14.781365,0.28,41.2476307,14.7057054,14.338,41.12955875,14.78246357,0.383,41.2476307,14.7057054,14.338,41.2476307,14.7057054,14.338,41.130241,14.781092,0.251,41.130448,14.781174,0.255,41.2476307,14.7057054,14.338,41.1325,14.77661,0.239
2661653,Baar,47.19625,8.52954,CH,Europe/Zurich,Switzerland,"Baar, Switzerland",47.19448157,8.528417545,0.214,47.1951976,8.5253985,0.335,47.197215,8.522267,0.561,47.19519773,8.525391397,0.335,47.197215,8.522267,0.561,47.18136272,8.527264244,1.664,47.19149,8.530292,0.532,47.19625,8.52954,0.0,47.19625092,8.529540062,0.0,47.1951976,8.5253985,0.335,47.195366,8.526077,0.28,47.1951976,8.5253985,0.335,47.19544992,8.53702123,0.574,47.1951976,8.5253985,0.335,47.1951976,8.5253985,0.335,47.197215,8.522267,0.561,47.193411,8.523067,0.583,47.1951976,8.5253985,0.335,47.19573,8.53425,0.362
1271343,Ghatanji,20.14183,78.31333,IN,Asia/Kolkata,India,"Ghatanji, India",20.141899,78.312302,0.108,20.1427699,78.3140429,0.128,20.143896,78.311719,0.284,20.01938328,78.27466128,14.146,20.143896,78.311719,0.284,20.15,78.35,3.939,20.14183,78.31333,0.0,20.14183,78.31333,0.0,20.0390196,78.30734689,11.399,20.0193812,78.2746661,14.146,20.143753,78.311584,0.28,20.0193812,78.2746661,14.146,20.14277013,78.3140428,0.128,20.0193812,78.2746661,14.146,20.0193812,78.2746661,14.146,20.143896,78.311719,0.284,20.141899,78.312302,0.108,20.0193812,78.2746661,14.146,20.09243,78.29652,5.744
783770,Zvecan,42.9075,20.84028,XK,Europe/Belgrade,Kosovo,"Zvecan, Kosovo",42.97172183,20.78868782,8.285,42.9099,20.845161,0.48,42.9075,20.84028,0.0,42.90918703,20.83893341,0.217,42.9099,20.845161,0.48,42.90453662,20.84763213,0.685,,,,42.9075,20.84028,0.0,,,,42.9091868,20.8389308,0.217,42.909969,20.840021,0.275,42.9091868,20.8389308,0.217,42.90918704,20.83893076,0.217,42.9091868,20.8389308,0.217,42.9091868,20.8389308,0.217,42.91333008,20.83472061,0.791,42.9106932,20.8387944,0.375,42.9091868,20.8389308,0.217,42.89962,20.84459,0.944
2754861,Hardenberg,52.57583,6.61944,NL,Europe/Amsterdam,The Netherlands,"Hardenberg, The Netherlands",52.57558589,6.620424621,0.072,52.5754706,6.6188242,0.058,52.570415,6.625854,0.743,52.57547861,6.618821084,0.057,52.570415,6.625854,0.743,52.58571205,6.574045047,3.268,52.577679,6.606474,0.903,52.57583,6.61944,0.0,52.5754706,6.6188242,0.058,52.5754706,6.6188242,0.058,52.575319,6.615476,0.275,52.5754706,6.6188242,0.058,52.57174632,6.6212527,0.471,52.5754706,6.6188242,0.058,52.5754706,6.6188242,0.058,52.570415,6.625854,0.743,52.5752882,6.6153229,0.286,52.6201624,6.5651302,6.155,0.0,0.0,5860.076
3617725,Masatepe,11.91445,-86.14458,NI,America/Managua,Nicaragua,"Masatepe, Nicaragua",11.90596807,-86.14401885,0.94,11.9156473,-86.1438044,0.157,11.9184,-86.14467,0.437,11.91564195,-86.14380141,0.157,11.9184,-86.14467,0.437,11.88018132,-86.16183013,4.231,11.91445,-86.14458,0.0,11.90567,-86.14946,1.107,11.914505,-86.1445563,0.007,11.9156473,-86.1438044,0.157,11.91691,-86.14443,0.273,11.9156473,-86.1438044,0.157,11.91564738,-86.14380453,0.157,11.9004113,-86.1524954,1.776,11.9004113,-86.1524954,1.776,11.9184,-86.14467,0.437,11.9166,-86.14425,0.241,11.9004113,-86.1524954,1.776,11.92665,-86.14998,1.472
2789162,Peruwelz,50.50819,3.59373,BE,Europe/Brussels,Belgium,"Peruwelz, Belgium",50.52945214,3.563871239,3.175,50.5333211,3.5636807,3.515,50.50969,3.596019,0.233,50.53332828,3.563685839,3.516,50.50969,3.596019,0.233,50.57720726,3.619506451,7.892,50.50819,3.59373,0.0,50.50819,3.59373,0.0,50.5079857,3.5908805,0.203,50.5333211,3.5636807,3.515,50.50979,3.590886,0.269,50.5333211,3.5636807,3.515,50.50798574,3.590880409,0.203,50.5333211,3.5636807,3.515,50.5333211,3.5636807,3.515,50.50969,3.596019,0.233,50.5072265,3.5903167,0.265,50.5333211,3.5636807,3.515,0.0,0.0,5607.764
2794117,Kontich,51.13213,4.44706,BE,Europe/Brussels,Belgium,"Kontich, Belgium",51.12368822,4.444553003,0.955,51.1353297,4.4454784,0.373,51.135016,4.449273,0.356,51.13532838,4.445477283,0.373,51.135016,4.449273,0.356,51.134377,4.4456359,0.269,51.13213,4.44706,0.0,51.13213,4.44706,0.0,51.1353297,4.4454784,0.373,51.1353297,4.4454784,0.373,51.134377,4.445636,0.269,51.1353297,4.4454784,0.373,51.13532974,4.445478134,0.373,51.1353297,4.4454784,0.373,51.1353297,4.4454784,0.373,51.135016,4.449273,0.356,51.1346673,4.4449577,0.318,51.1353297,4.4454784,0.373,0.0,0.0,5682.336
3874943,Quellon,-43.11819,-73.61661,CL,America/Santiago,Chile,"Quellon, Chile",-43.1163441,-73.6168969,0.206,-43.1200305,-73.6203025,0.363,-43.11819,-73.61661,0.0,-43.12003706,-73.62030121,0.364,-43.11819,-73.61661,0.0,-43.1200305,-73.6203025,0.363,-43.09866,-73.619294,2.181,-43.13613,-73.63531,2.508,-43.11819077,-73.61660767,0.0,-43.1200305,-73.6203025,0.363,-43.119205,-73.61961,0.269,-43.1200305,-73.6203025,0.363,-43.12003041,-73.62030275,0.363,-43.1200305,-73.6203025,0.363,-43.1200305,-73.6203025,0.363,-43.11819,-73.61661,0.0,-43.1163441,-73.6168969,0.206,-43.1200305,-73.6203025,0.363,0.0,0.0,8685.862
1325443,Hakha,22.64452,93.61076,MM,Asia/Yangon,Myanmar,"Hakha, Myanmar",22.6454,93.6066,0.439,22.6427551,93.6096217,0.228,22.650003,93.616705,0.861,22.64275371,93.60962153,0.228,22.650003,93.616705,0.861,22.6427551,93.6096217,0.228,22.64452,93.61076,0.0,,,,22.6427551,93.6096217,0.228,22.6427551,93.6096217,0.228,22.64225,93.60991,0.266,22.6427551,93.6096217,0.228,22.64275536,93.60962167,0.228,22.6427551,93.6096217,0.228,22.6427551,93.6096217,0.228,22.650003,93.616705,0.861,22.6454,93.6066,0.439,22.5388057,93.5669227,12.545,0.0,0.0,10387.38
2920512,Giessen,50.58727,8.67554,DE,Europe/Berlin,Germany,"Giessen, Germany",50.586195,8.674877,0.128,50.5862066,8.6742306,0.15,50.560245,8.595595,6.412,50.58620829,8.674231421,0.15,50.560245,8.595595,6.412,50.60058413,8.62358414,3.966,50.613307,8.681137,2.923,50.58727,8.67554,0.0,50.58726883,8.67553997,0.0,50.5862066,8.6742306,0.15,50.58506,8.674232,0.263,50.5862066,8.6742306,0.15,50.59685812,8.746111889,5.11,50.5862066,8.6742306,0.15,50.5862066,8.6742306,0.15,50.560245,8.595595,6.412,50.585164,8.6771,0.259,50.5862066,8.6742306,0.15,0.0,0.0,5666.257
4562506,Aguadilla,18.42745,-67.15407,PR,America/Puerto_Rico,Puerto Rico,"Aguadilla, Puerto Rico",18.48027796,-67.14472728,5.93,18.449202,-67.154594,2.408,18.449202,-67.154594,2.408,18.44965302,-67.1184711,4.492,18.449202,-67.154594,2.408,18.4274359,-67.1541343,0.007,18.42745,-67.15407,0.0,18.42745,-67.15407,0.0,18.42745018,-67.15406799,0.0,18.4496551,-67.1184764,4.492,18.429792,-67.15422,0.26,18.4496551,-67.1184764,4.492,18.42979248,-67.15422034,0.26,18.4496551,-67.1184764,4.492,18.4496551,-67.1184764,4.492,18.449202,-67.154594,2.408,18.455894,-67.122369,4.596,18.4972718,-67.1371007,7.933,0.0,0.0,7609.999
1606588,Samut Sakhon,13.54753,100.27362,TH,Asia/Bangkok,Thailand,"Samut Sakhon, Thailand",13.54751262,100.2736795,0.007,13.5497782,100.2742813,0.259,13.575451,100.287875,3.453,13.57081222,100.2585816,3.047,13.575451,100.287875,3.453,,,,13.566122,100.294308,3.041,13.54753,100.27362,0.0,13.45234823,100.2498723,10.84,13.5708192,100.2585874,3.047,13.549778,100.274281,0.259,13.5708192,100.2585874,3.047,13.5708195,100.2585872,3.047,13.5708192,100.2585874,3.047,13.5708192,100.2585874,3.047,13.575451,100.287875,3.453,13.5471386,100.2743363,0.089,13.5708192,100.2585874,3.047,0.0,0.0,11129.515
2929134,Eschborn,50.14328,8.57111,DE,Europe/Berlin,Germany,"Eschborn, Germany",50.143505,8.569823,0.095,50.1504737,8.5607767,1.089,50.141582,8.567638,0.312,50.15047822,8.560771403,1.09,50.141582,8.567638,0.312,50.1359276,8.5696832,0.824,50.145584,8.566466,0.419,50.14328,8.57111,0.0,50.1426423,8.5716274,0.08,50.1504737,8.5607767,1.089,50.141388,8.573121,0.255,50.1504737,8.5607767,1.089,50.15047371,8.560776673,1.089,50.1504737,8.5607767,1.089,50.1504737,8.5607767,1.089,50.141582,8.567638,0.312,50.1433395,8.5690762,0.146,50.1504737,8.5607767,1.089,0.0,0.0,5616.366
3567669,Bartolome Maso,20.16635,-76.94291,CU,America/Havana,Cuba,"Bartolome Maso, Cuba",20.16127,-76.9546471,1.35,20.1676753,-76.9449426,0.258,20.16635,-76.94291,0.0,20.1676733,-76.94494126,0.258,20.16635,-76.94291,0.0,20.1676753,-76.9449426,0.258,,,,20.16635,-76.94291,0.0,20.16634941,-76.94290924,0.0,20.1676753,-76.9449426,0.258,20.166645,-76.94529,0.251,20.1676753,-76.9449426,0.258,20.16767556,-76.94494274,0.258,20.1676753,-76.9449426,0.258,20.1676753,-76.9449426,0.258,20.16635,-76.94291,0.0,20.16127,-76.9546471,1.35,20.1676753,-76.9449426,0.258,0.0,0.0,8653.163
516716,Nurlat,54.42903,50.80598,RU,Europe/Moscow,Russia,"Nurlat, Russia",54.4362237,50.8075256,0.807,54.4297351,50.8019579,0.273,54.425604,50.787704,1.246,54.42989189,50.80583283,0.096,54.425604,50.787704,1.246,54.4297351,50.8019579,0.273,54.42766,50.80511,0.163,54.42903,50.80598,0.0,54.4276619,50.80511093,0.162,54.4297351,50.8019579,0.273,54.426804,50.80657,0.251,54.4297351,50.8019579,0.273,54.42515386,50.8030996,0.47,54.4297351,50.8019579,0.273,54.4297351,50.8019579,0.273,54.425604,50.787704,1.246,54.4362237,50.8075256,0.807,54.4297351,50.8019579,0.273,0.0,0.0,7599.634
721239,Eger,47.90265,20.37329,HU,Europe/Budapest,Hungary,"Eger, Hungary",47.9031987,20.3731077,0.063,47.8989887,20.3743665,0.415,47.897133,20.377592,0.693,47.89898785,20.37436334,0.415,47.897133,20.377592,0.693,47.92193449,20.37997311,2.202,47.90265,20.37329,0.0,47.90265,20.37329,0.0,47.8989887,20.3743665,0.415,47.8989887,20.3743665,0.415,47.902092,20.376497,0.248,47.8989887,20.3743665,0.415,47.89898882,20.37436645,0.415,47.8989887,20.3743665,0.415,47.8989887,20.3743665,0.415,47.897133,20.377592,0.693,47.9031987,20.3731077,0.063,47.8989887,20.3743665,0.415,0.0,0.0,5661.458
940424,Wesselsbron,-27.8549,26.36583,ZA,Africa/Johannesburg,South Africa,"Wesselsbron, South Africa",-27.8537042,26.3647858,0.168,-27.853889,26.364722,0.156,-27.855508,26.365519,0.074,-27.85388456,26.36472432,0.157,-27.855508,26.365519,0.074,-27.853889,26.364722,0.156,-27.853312,26.36593,0.176,,,,-27.85490036,26.36582947,0.0,-27.853889,26.364722,0.156,-27.853836,26.363638,0.246,-27.853889,26.364722,0.156,-27.85388891,26.36472188,0.156,-27.853889,26.364722,0.156,-27.853889,26.364722,0.156,-27.855508,26.365519,0.074,-27.8537042,26.3647858,0.168,-27.853889,26.364722,0.156,0.0,0.0,4173.764
5780993,Salt Lake City,40.76078,-111.89105,US,America/Denver,United States,"Salt Lake City, United States",40.758478,-111.888142,0.354,40.7596198,-111.886797,0.382,40.773201,-111.933984,3.879,40.75596667,-111.8918332,0.539,40.773201,-111.933984,3.879,40.77757839,-111.9312848,3.875,40.726617,-111.891143,3.794,40.76078,-111.89105,0.0,40.76078033,-111.8910522,0.0,40.6632297,-111.9103124,10.954,40.762759,-111.889779,0.245,40.7596198,-111.886797,0.382,40.75961996,-111.8867971,0.382,40.7596198,-111.886797,0.382,40.7596198,-111.886797,0.382,40.773201,-111.933984,3.879,40.758478,-111.888142,0.354,40.7596198,-111.886797,0.382,0.0,0.0,11839.678
1263777,Mangalvedha,17.51046,75.44713,IN,Asia/Kolkata,India,"Mangalvedha, India",17.5132586,75.4483645,0.336,17.5231387,75.444798,1.425,17.519357,75.445746,0.996,17.52313287,75.44479124,1.424,17.519357,75.445746,0.996,17.41570948,75.41104006,11.165,,,,17.51046,75.44713,0.0,17.5104599,75.4471283,0.0,17.5231387,75.444798,1.425,17.512638,75.44682,0.243,17.5231387,75.444798,1.425,17.52134564,75.44384845,1.254,17.5231387,75.444798,1.425,17.5231387,75.444798,1.425,17.519357,75.445746,0.996,17.5132586,75.4483645,0.336,17.5231387,75.444798,1.425,0.0,0.0,8473.274
2652885,Cleethorpes,53.56047,-0.03225,GB,Europe/London,United Kingdom,"Cleethorpes, United Kingdom",53.5610069,-0.029949111,0.164,53.5572068,-0.0289969,0.422,53.56047,-0.03225,0.0,53.55720877,-0.028994751,0.422,53.56047,-0.03225,0.0,54.7023545,-3.2765753,247.212,53.56047,-0.03225,0.0,53.56047,-0.03225,0.0,53.56047058,-0.032249998,0.0,53.5605762,-0.0321004,0.015,53.56031,-0.028589,0.243,53.5572068,-0.0289969,0.422,53.55720696,-0.028997026,0.422,53.5572068,-0.0289969,0.422,53.5572068,-0.0289969,0.422,53.56047,-0.03225,0.0,53.5575599,-0.0295221,0.371,53.5572068,-0.0289969,0.422,0.0,0.0,5936.997
2525560,Biancavilla,37.64442,14.86685,IT,Europe/Rome,Italy,"Biancavilla, Italy",37.6462078,14.8680935,0.227,37.6462764,14.8614108,0.522,37.642392,14.868485,0.267,37.64627617,14.86141243,0.522,37.642392,14.868485,0.267,37.67075724,14.90093143,4.194,37.64442,14.86685,0.0,37.64442,14.86685,0.0,37.6462764,14.8614108,0.522,37.6462764,14.8614108,0.522,37.64477,14.864148,0.242,37.6462764,14.8614108,0.522,37.64627663,14.86141071,0.522,37.6462764,14.8614108,0.522,,,,37.642392,14.868485,0.267,37.6462078,14.8680935,0.227,37.6462764,14.8614108,0.522,0.0,0.0,4439.121
3468704,Butia,-30.11972,-51.96222,BR,America/Sao_Paulo,Brazil,"Butia, Brazil",-30.1180261,-51.9639895,0.254,-30.1256795,-51.9692224,0.944,-30.122631,-51.966447,0.52,-30.12567494,-51.96922851,0.944,-30.122631,-51.966447,0.52,,,,-30.124067,-51.965275,0.565,-30.11972,-51.96222,0.0,-30.1256795,-51.9692224,0.944,-30.1256795,-51.9692224,0.944,-30.117987,-51.9637,0.239,-30.1256795,-51.9692224,0.944,-30.12567923,-51.96922258,0.944,-30.1256795,-51.9692224,0.944,-30.1256795,-51.9692224,0.944,-30.122631,-51.966447,0.52,-30.1180261,-51.9639895,0.254,-30.1256795,-51.9692224,0.944,0.0,0.0,6424.609
765927,Lubartow,51.46026,22.60952,PL,Europe/Warsaw,Poland,"Lubartow, Poland",51.46233067,22.608791,0.236,51.4660473,22.6052895,0.708,51.459236,22.608394,0.138,51.46604843,22.6052837,0.708,51.459236,22.608394,0.138,,,,51.461327,22.60812,0.153,51.46026,22.60952,0.0,51.4660473,22.6052895,0.708,51.4660473,22.6052895,0.708,51.462326,22.608805,0.235,51.4660473,22.6052895,0.708,51.46604733,22.60528944,0.708,51.4660473,22.6052895,0.708,51.4585242,22.6119973,0.259,51.459236,22.608394,0.138,51.4584757,22.6089692,0.202,51.5351673,22.5165381,10.543,0.0,0.0,6086.974
2826099,Straubing,48.88126,12.57385,DE,Europe/Berlin,Germany,"Straubing, Germany",,,,48.8819801,12.569716,0.314,48.877309,12.585256,0.945,48.88391801,12.59557206,1.62,48.877309,12.585256,0.945,48.88086121,12.57353795,0.05,48.880912,12.587591,1.009,48.88126,12.57385,0.0,48.8819801,12.569716,0.314,48.8839157,12.5955773,1.621,48.88185,12.570783,0.234,48.8839157,12.5955773,1.621,48.88198013,12.5697159,0.314,48.8839157,12.5955773,1.621,48.8839157,12.5955773,1.621,48.877309,12.585256,0.945,48.8800637,12.5702675,0.295,48.8839157,12.5955773,1.621,0.0,0.0,5549.529
2653755,Carmarthen,51.85552,-4.30535,GB,Europe/London,United Kingdom,"Carmarthen, United Kingdom",51.85646651,-4.30576489,0.109,51.8591257,-4.3115907,0.588,51.854095,-4.312091,0.491,51.8591285,-4.311597064,0.589,51.854095,-4.312091,0.491,54.7023545,-3.2765753,324.165,51.85552,-4.30535,0.0,51.85552,-4.30535,0.0,51.85551834,-4.305349827,0.0,51.8591257,-4.3115907,0.588,51.856743,-4.308079,0.232,51.8591257,-4.3115907,0.588,51.85912587,-4.311590977,0.588,51.8591257,-4.3115907,0.588,51.8591257,-4.3115907,0.588,51.854095,-4.312091,0.491,51.8564273,-4.3105366,0.371,51.8591257,-4.3115907,0.588,0.0,0.0,5761.472
833260,Butel,42.03083,21.44667,MK,Europe/Skopje,North Macedonia,"Butel, North Macedonia",42.03083,21.44667,0.0,42.0328919,21.4462437,0.232,42.097668,21.460544,7.512,42.03802689,21.44913351,0.825,42.097668,21.460544,7.512,41.6171214,21.7168387,51.139,,,,42.08194,21.46889,5.968,,,,42.0328919,21.4462437,0.232,42.032892,21.446244,0.232,42.0229218,21.4493949,0.907,42.0328919,21.44624356,0.232,42.0328919,21.4462437,0.232,42.0229218,21.4493949,0.907,42.097668,21.460544,7.512,42.0325729,21.4455853,0.213,42.0869968,21.460551,6.344,0.0,0.0,5128.785
12495083,Chirmiri,23.19073,82.35314,IN,Asia/Kolkata,India,"Chirmiri, India",23.19073,82.35314,0.0,23.1898407,82.3498026,0.356,23.194734,82.354221,0.457,23.1898438,82.34980135,0.356,23.194734,82.354221,0.457,23.1915245,82.3532182,0.088,,,,,,,23.19072914,82.35314178,0.0,23.1898407,82.3498026,0.356,23.19282,82.35323,0.232,23.1898407,82.3498026,0.356,23.19152456,82.3532179,0.088,23.1898407,82.3498026,0.356,23.1898407,82.3498026,0.356,23.194734,82.354221,0.457,23.1897428,82.3539412,0.137,23.1898407,82.3498026,0.356,0.0,0.0,9233.619
2220853,Yokadouma,3.51667,15.05,CM,Africa/Douala,Cameroon,"Yokadouma, Cameroon",3.510305,15.0489861,0.713,3.5152789,15.0510331,0.192,3.51667,15.05,0.0,3.515275759,15.05103247,0.192,3.51667,15.05,0.0,,,,3.51667,15.05,0.0,3.51667,15.05,0.0,3.516669989,15.05000019,0.0,3.5152789,15.0510331,0.192,3.516912,15.052066,0.231,3.5152789,15.0510331,0.192,3.515278998,15.05103283,0.192,3.5152789,15.0510331,0.192,3.5152789,15.0510331,0.192,3.51667,15.05,0.0,3.510305,15.0489861,0.713,3.5152789,15.0510331,0.192,0.0,0.0,1718.871
2757220,Den Helder,52.95988,4.75933,NL,Europe/Amsterdam,The Netherlands,"Den Helder, The Netherlands",52.9471678,4.759680184,1.415,52.957976,4.760279,0.221,52.947335,4.7727,1.66,52.95797868,4.760277799,0.221,52.947335,4.7727,1.66,52.957976,4.760279,0.221,52.945386,4.758781,1.613,52.95988,4.75933,0.0,52.957976,4.760279,0.221,52.957976,4.760279,0.221,52.959408,4.762668,0.23,52.957976,4.760279,0.221,52.95797619,4.760278948,0.221,52.957976,4.760279,0.221,52.957976,4.760279,0.221,52.947335,4.7727,1.66,52.9573758,4.7585038,0.284,52.9605882,4.7675903,0.561,0.0,0.0,5886.83
3168239,San Giovanni in Persiceto,44.63838,11.18419,IT,Europe/Rome,Italy,"San Giovanni in Persiceto, Italy",44.6409444,11.1851666,0.295,44.6386593,11.1874019,0.257,44.637359,11.182364,0.184,44.63865731,11.18740183,0.257,44.637359,11.182364,0.184,44.6386593,11.1874019,0.257,44.63838,11.18419,0.0,44.63838,11.18419,0.0,44.6386593,11.1874019,0.257,44.6386593,11.1874019,0.257,44.638725,11.187033,0.229,44.6386593,11.1874019,0.257,44.63865947,11.1874016,0.257,44.6386593,11.1874019,0.257,44.6386593,11.1874019,0.257,44.637359,11.182364,0.184,44.6409444,11.1851666,0.295,44.6386593,11.1874019,0.257,0.0,0.0,5066.978
2520611,Caceres,39.47649,-6.37224,ES,Europe/Madrid,Spain,"Caceres, Spain",39.4762161,-6.3708585,0.123,39.4745175,-6.3716761,0.224,39.464967,-6.377459,1.356,39.47451647,-6.371671044,0.225,39.464967,-6.377459,1.356,39.71430219,-6.16065446,32.054,39.477541,-6.374746,0.245,39.47649,-6.37224,0.0,39.47649002,-6.372240067,0.0,39.4745175,-6.3716761,0.224,39.474476,-6.371663,0.229,39.4745175,-6.3716761,0.224,39.47451765,-6.371676363,0.224,39.4745175,-6.3716761,0.224,39.4745175,-6.3716761,0.224,39.464967,-6.377459,1.356,39.4762161,-6.3708585,0.123,39.4745175,-6.3716761,0.224,0.0,0.0,4419.323
2815565,Wadern,49.54122,6.88774,DE,Europe/Berlin,Germany,"Wadern, Germany",49.53951,6.890001001,0.251,49.5410205,6.8889313,0.089,49.537947,6.88965,0.389,49.54102812,6.888931129,0.089,49.537947,6.88965,0.389,49.54117828,6.885875271,0.135,49.533756,6.879139,1.038,49.54122,6.88774,0.0,49.5410205,6.8889313,0.089,49.5410205,6.8889313,0.089,49.540375,6.890606,0.228,49.5410205,6.8889313,0.089,49.54102068,6.888930984,0.089,49.5410205,6.8889313,0.089,49.5410205,6.8889313,0.089,49.537947,6.88965,0.389,49.5390555,6.8899174,0.288,49.5410205,6.8889313,0.089,0.0,0.0,5529.202
3457991,Mangaratiba,-22.95972,-44.04056,BR,America/Sao_Paulo,Brazil,"Mangaratiba, Brazil",-22.9609106,-44.0415071,0.164,-22.9600193,-44.04111,0.065,-22.939238,-44.092453,5.785,-22.96001376,-44.04111722,0.066,-22.939238,-44.092453,5.785,-22.9600193,-44.04111,0.065,-22.936871,-43.989796,5.789,-22.94382,-44.12061,8.397,-22.9600193,-44.04111,0.065,-22.9600193,-44.04111,0.065,-22.961721,-44.04109,0.228,-22.9600193,-44.04111,0.065,-22.96001902,-44.04111028,0.065,-22.9415964,-44.1181916,8.211,-22.9415964,-44.1181916,8.211,-22.939238,-44.092453,5.785,-22.9609106,-44.0415071,0.164,-22.9600193,-44.04111,0.065,0.0,0.0,5398.386
3454857,Passo Fundo,-28.26278,-52.40667,BR,America/Sao_Paulo,Brazil,"Passo Fundo, Brazil",-28.2623536,-52.408987,0.232,-28.2550598,-52.3966606,1.303,-28.259011,-52.426732,2.012,-28.25505463,-52.39666858,1.302,-28.259011,-52.426732,2.012,-28.26842238,-52.45204396,4.496,-28.260439,-52.411847,0.57,-28.26278,-52.40667,0.0,-28.2550598,-52.3966606,1.303,-28.2550598,-52.3966606,1.303,-28.260757,-52.406944,0.226,-28.2550598,-52.3966606,1.303,-28.25505969,-52.39666075,1.303,-28.2550598,-52.3966606,1.303,-28.2550598,-52.3966606,1.303,-28.259011,-52.426732,2.012,-28.2623536,-52.408987,0.232,-28.2550598,-52.3966606,1.303,0.0,0.0,6392.74
3470451,Barretos,-20.55722,-48.56778,BR,America/Sao_Paulo,Brazil,"Barretos, Brazil",-20.5574954,-48.5683322,0.065,-20.5531437,-48.5697509,0.496,-20.551204,-48.56912,0.681,-20.55314337,-48.56975796,0.496,-20.551204,-48.56912,0.681,-20.5531437,-48.5697509,0.496,-20.56809,-48.578237,1.624,-20.55722,-48.56778,0.0,,,,-20.5531437,-48.5697509,0.496,-20.558971,-48.568882,0.225,-20.5531437,-48.5697509,0.496,-20.55314346,-48.56975097,0.496,-20.5531437,-48.5697509,0.496,-20.5531437,-48.5697509,0.496,-20.551204,-48.56912,0.681,-20.5574954,-48.5683322,0.065,-20.5531437,-48.5697509,0.496,0.0,0.0,5751.676
304013,Mut,36.64389,33.43885,TR,Europe/Istanbul,Turkey,"Mut, Turkey",36.641877,33.440145,0.252,36.6434207,33.437263,0.151,36.64389,33.43885,0.0,36.643426,33.43726548,0.151,36.64389,33.43885,0.0,36.56170165,33.2739038,17.349,36.64389,33.43885,0.0,36.71842,33.38718,9.473,36.6434207,33.437263,0.151,36.6434207,33.437263,0.151,36.645264,33.43702,0.224,36.6434207,33.437263,0.151,36.64342082,33.43726281,0.151,36.6434207,33.437263,0.151,36.6434207,33.437263,0.151,36.64389,33.43885,0.0,36.641877,33.440145,0.252,36.6434207,33.437263,0.151,0.0,0.0,5323.693
6318838,Uruara,-3.7175,-53.73667,BR,America/Santarem,Brazil,"Uruara, Brazil",-3.7170076,-53.7391208,0.278,-3.7185381,-53.738549,0.238,-3.717418,-53.737325,0.073,-3.718536092,-53.7385488,0.238,-3.717418,-53.737325,0.073,-2.1400553,-53.6347165,174.797,-3.719427,-53.729543,0.82,-3.7175,-53.73667,0.0,-3.7185381,-53.738549,0.238,-3.7185381,-53.738549,0.238,-3.718641,-53.73831,0.222,-3.7185381,-53.738549,0.238,-3.718538046,-53.73854913,0.238,-3.7185381,-53.738549,0.238,-3.7185381,-53.738549,0.238,-3.717418,-53.737325,0.073,-3.7170076,-53.7391208,0.278,-3.7185381,-53.738549,0.238,0.0,0.0,5991.616
3512128,Bajos de Haina,18.41538,-70.03317,DO,America/Santo_Domingo,Dominican Republic,"Bajos de Haina, Dominican Republic",18.4210434,-70.0281525,0.821,18.4132477,-70.0335577,0.24,18.41538,-70.03317,0.0,18.43217302,-70.03100115,1.873,18.41538,-70.03317,0.0,,,,18.41538,-70.03317,0.0,18.41538,-70.03317,0.0,18.41538048,-70.03317261,0.0,18.4321727,-70.031006,1.873,18.415323,-70.03108,0.221,18.4321727,-70.031006,1.873,18.43812294,-70.03760117,2.56,18.4321727,-70.031006,1.873,18.4321727,-70.031006,1.873,18.41538,-70.03317,0.0,18.4210434,-70.0281525,0.821,18.4321727,-70.031006,1.873,0.0,0.0,7911.768
1692489,Pulupandan,10.51784,122.80259,PH,Asia/Manila,Philippines,"Pulupandan, Philippines",10.5101344,122.8168583,1.779,10.5192005,122.8034563,0.178,10.5203,122.8017,0.289,10.51920172,122.803452,0.178,10.5203,122.8017,0.289,10.53452952,122.7951749,2.017,10.5203,122.8017,0.289,10.51784,122.80259,0.0,10.51784039,122.8025894,0.0,10.5192005,122.8034563,0.178,10.519478,122.80147,0.219,10.5192005,122.8034563,0.178,10.51920061,122.8034561,0.178,10.5192005,122.8034563,0.178,10.5192005,122.8034563,0.178,10.5203,122.8017,0.289,10.5101344,122.8168583,1.779,10.5192005,122.8034563,0.178,0.0,0.0,13601.102
1259773,Phirangipuram,16.29078,80.26233,IN,Asia/Kolkata,India,"Phirangipuram, India",16.314357,80.272627,2.832,16.2923128,80.2618841,0.176,16.292218,80.260648,0.24,16.29191267,80.26302132,0.145,16.292218,80.260648,0.24,16.2919141,80.2630263,0.146,16.287342,80.270025,0.906,16.29078,80.26233,0.0,16.29077911,80.2623291,0.0,16.2919141,80.2630263,0.146,16.291426,80.26426,0.218,16.2919141,80.2630263,0.146,16.29231302,80.26188377,0.176,16.2923128,80.2618841,0.176,16.2923128,80.2618841,0.176,16.292218,80.260648,0.24,16.314357,80.272627,2.832,16.2923128,80.2618841,0.176,0.0,0.0,8977.06
3927758,Tarma,-11.41899,-75.68992,PE,America/Lima,Peru,"Tarma, Peru",-11.4164978,-75.6856414,0.542,-11.4199882,-75.6877142,0.265,-11.41972,-75.69083,0.128,-11.29496185,-75.71638124,14.02,-11.41972,-75.69083,0.128,,,,-11.416035,-75.693427,0.503,-11.41899,-75.68992,0.0,-11.41899014,-75.68991852,0.0,-11.2518076,-75.6947021,18.501,-11.41964,-75.688034,0.218,-11.2949681,-75.7163878,14.02,-11.41998812,-75.68771426,0.265,-11.2518076,-75.6947021,18.501,-11.2518076,-75.6947021,18.501,-11.41972,-75.69083,0.128,-11.4164978,-75.6856414,0.542,-11.2518076,-75.6947021,18.501,0.0,0.0,8457.048
2490098,Mascara,35.39664,0.14027,DZ,Africa/Algiers,Algeria,"Mascara, Algeria",35.3953325,0.1467698,0.608,35.394081,0.1379568,0.353,35.400409,0.140033,0.419,35.3978358,0.243013982,9.335,35.400409,0.140033,0.419,35.39236373,0.157901363,1.671,35.39664,0.14027,0.0,35.39664,0.14027,0.0,35.394081,0.1379568,0.353,35.3978385,0.2430195,9.335,35.394787,0.140859,0.212,35.3978385,0.2430195,9.335,35.39408127,0.137956738,0.353,35.3978385,0.2430195,9.335,35.3978385,0.2430195,9.335,35.400409,0.140033,0.419,35.3953325,0.1467698,0.608,35.3978385,0.2430195,9.335,0.0,0.0,3918.625
2521923,Almansa,38.86917,-1.09713,ES,Europe/Madrid,Spain,"Almansa, Spain",38.8694046,-1.0975045,0.042,38.8682065,-1.0978627,0.124,38.869442,-1.104684,0.656,38.86820637,-1.097861799,0.124,38.869442,-1.104684,0.656,38.84122437,-1.090021939,3.163,38.868896,-1.100311,0.278,38.86917,-1.09713,0.0,38.86917114,-1.097129941,0.0,38.8682065,-1.0978627,0.124,38.868195,-1.095095,0.207,38.8682065,-1.0978627,0.124,38.8682067,-1.097863019,0.124,38.8682065,-1.0978627,0.124,38.8682065,-1.0978627,0.124,38.869442,-1.104684,0.656,38.8694046,-1.0975045,0.042,38.8682065,-1.0978627,0.124,0.0,0.0,4305.439
3455785,Orlandia,-20.72028,-47.88667,BR,America/Sao_Paulo,Brazil,"Orlandia, Brazil",-20.719638,-47.8879466,0.151,-20.720278,-47.886667,0.0,-20.718208,-47.889991,0.415,-20.72027339,-47.88666785,0.001,-20.718208,-47.889991,0.415,-21.14568203,-48.96756383,121.897,-20.704374,-47.89398,1.919,-20.68905,-47.89527,3.572,-20.720278,-47.886667,0.0,-20.720278,-47.886667,0.0,-20.720926,-47.884823,0.205,-20.720278,-47.886667,0.0,-20.72027791,-47.8866671,0.0,-20.699768,-47.896999,2.513,-20.720278,-47.886667,0.0,-20.718208,-47.889991,0.415,-20.719638,-47.8879466,0.151,-20.720278,-47.886667,0.0,0.0,0.0,5689.299
3177372,Erba,45.8088,9.22609,IT,Europe/Rome,Italy,"Erba, Italy",45.8122114,9.2239792,0.413,45.8097196,9.2166985,0.737,45.809895,9.228162,0.202,45.80971751,9.21669151,0.738,45.809895,9.228162,0.202,45.80958,9.231242,0.41,45.8088,9.22609,0.0,45.8088,9.22609,0.0,45.8097196,9.2166985,0.737,45.8097196,9.2166985,0.737,45.807158,9.22722,0.203,45.8097196,9.2166985,0.737,45.80971981,9.216698483,0.737,45.8162193,9.2202533,0.941,45.8162193,9.2202533,0.941,45.809895,9.228162,0.202,45.8122114,9.2239792,0.413,45.8162193,9.2202533,0.941,0.0,0.0,5155.037
3067051,Rakovnik,50.1037,13.7334,CZ,Europe/Prague,Czechia,"Rakovnik, Czechia",50.09680634,13.72091351,1.177,50.1041136,13.7310462,0.175,50.101093,13.72845,0.458,50.10411821,13.73104225,0.175,50.101093,13.72845,0.458,,,,,,,50.1,13.7,2.425,50.1041136,13.7310462,0.175,50.1041136,13.7310462,0.175,50.104282,13.730732,0.202,50.1041136,13.7310462,0.175,50.1041137,13.73104602,0.175,50.1041136,13.7310462,0.175,50.1041136,13.7310462,0.175,50.099264,13.736231,0.533,50.1041038,13.7316759,0.131,50.0953309,13.647609,6.208,0.0,0.0,5704.206
2758064,Bussum,52.27333,5.16111,NL,Europe/Amsterdam,The Netherlands,"Bussum, The Netherlands",52.27182623,5.170300842,0.649,52.2773656,5.1630646,0.468,52.27642,5.16929,0.656,52.27736857,5.163068459,0.469,52.27642,5.16929,0.656,52.2774207,5.1627465,0.469,52.271797,5.170169,0.641,52.27333,5.16111,0.0,52.27333069,5.161109924,0.0,52.2773656,5.1630646,0.468,52.274918,5.162536,0.202,52.2773656,5.1630646,0.468,52.27109258,5.16453853,0.342,52.2773656,5.1630646,0.468,52.2773656,5.1630646,0.468,52.27642,5.16929,0.656,52.2740403,5.166594,0.383,52.2742988,5.1629388,0.165,0.0,0.0,5813.853
2895992,Ingolstadt,48.76508,11.42372,DE,Europe/Berlin,Germany,"Ingolstadt, Germany",48.76542,11.423387,0.045,48.7630165,11.4250395,0.249,48.704139,11.435272,6.83,48.76301799,11.42503187,0.249,48.704139,11.435272,6.83,48.75513085,11.39489039,2.391,48.759333,11.419427,0.713,48.76508,11.42372,0.0,48.7630165,11.4250395,0.249,48.7630165,11.4250395,0.249,48.763382,11.424511,0.198,48.7630165,11.4250395,0.249,48.76301653,11.42503928,0.249,48.7630165,11.4250395,0.249,48.7630165,11.4250395,0.249,48.704139,11.435272,6.83,48.762145,11.425389,0.349,48.7630165,11.4250395,0.249,0.0,0.0,5514.065
3085807,Skawina,49.97524,19.82869,PL,Europe/Warsaw,Poland,"Skawina, Poland",49.97497038,19.82642055,0.166,49.9747508,19.8265702,0.162,49.976842,19.813702,1.09,49.97475819,19.82657325,0.161,49.976842,19.813702,1.09,49.97485335,19.82627648,0.178,49.975604,19.827418,0.1,49.97524,19.82869,0.0,49.9747508,19.8265702,0.162,49.9747508,19.8265702,0.162,49.974762,19.826044,0.197,49.9747508,19.8265702,0.162,49.97475094,19.82657019,0.161,49.9747508,19.8265702,0.162,49.9747508,19.8265702,0.162,49.976842,19.813702,1.09,49.97547,19.8254705,0.232,49.9747508,19.8265702,0.162,0.0,0.0,5851.154
3149318,Kristiansand,58.14671,7.9956,NO,Europe/Oslo,Norway,"Kristiansand, Norway",58.1446946,7.9982841,0.275,58.0856276,7.931858,7.772,58.137256,7.95224,2.762,58.08562952,7.9318513,7.772,58.137256,7.95224,2.762,58.14615,7.9957333,0.063,58.14671,7.9956,0.0,58.14671,7.9956,0.0,58.14670944,7.995600224,0.0,58.0856276,7.931858,7.772,58.145233,7.993821,0.195,58.0856276,7.931858,7.772,58.19531758,8.026516175,5.711,58.0856276,7.931858,7.772,58.0856276,7.931858,7.772,58.137256,7.95224,2.762,58.1647202,8.0332098,2.988,58.0856276,7.931858,7.772,0.0,0.0,6486.285
11549989,Aluche,40.39191,-3.75669,ES,Europe/Madrid,Spain,"Aluche, Spain",40.3918953,-3.7555674,0.095,40.389768,-3.759625,0.344,40.389768,-3.759625,0.344,40.39235662,-3.757106156,0.061,40.389768,-3.759625,0.344,40.3879228,-3.7548539,0.469,40.39191,-3.75669,0.0,40.39191,-3.75669,0.0,40.39191055,-3.756690025,0.0,40.392356,-3.7571096,0.061,40.39088,-3.75854,0.194,40.392356,-3.7571096,0.061,40.39235601,-3.757109642,0.061,40.392356,-3.7571096,0.061,40.392356,-3.7571096,0.061,40.389768,-3.759625,0.344,40.3918953,-3.7555674,0.095,40.392356,-3.7571096,0.061,0.0,0.0,4489.229
1877148,Hoeyang,38.71028,127.59833,KP,Asia/Pyongyang,North Korea,"Hoeyang, North Korea",38.7095492,127.5969582,0.144,38.70906,127.5986373,0.138,38.71028,127.59833,0.0,38.73689635,127.5759321,3.539,38.71028,127.59833,0.0,,,,38.71028,127.59833,0.0,,,,38.71028137,127.5983276,0.0,38.7368958,127.5759398,3.539,38.70879,127.59729,0.189,38.7368958,127.5759398,3.539,38.70906003,127.598637,0.138,38.7368958,127.5759398,3.539,38.7368958,127.5759398,3.539,38.71028,127.59833,0.0,38.7095492,127.5969582,0.144,38.7368958,127.5759398,3.539,0.0,0.0,13179.227
2303060,Bibiani,6.45196,-2.31635,GH,Africa/Accra,Ghana,"Bibiani, Ghana",6.4524397,-2.3140477,0.26,6.452944,-2.314959,0.188,6.46346,-2.31938,1.315,6.452941057,-2.314953793,0.189,6.46346,-2.31938,1.315,6.452943999,-2.314959,0.188,6.456897,-2.312511,0.692,6.45196,-2.31635,0.0,6.451960087,-2.316349983,0.0,6.452944,-2.314959,0.188,6.452944,-2.314959,0.188,6.452944,-2.314959,0.188,6.452944186,-2.31495928,0.188,6.452944,-2.314959,0.188,6.452944,-2.314959,0.188,6.46346,-2.31938,1.315,6.4524397,-2.3140477,0.26,6.452944,-2.314959,0.188,0.0,0.0,758.434
286987,Nizwa,22.93333,57.53333,OM,Asia/Muscat,Oman,"Nizwa, Oman",22.96793202,57.55788,4.585,22.9323884,57.5311,0.251,22.93333,57.53333,0.0,22.93238376,57.53110943,0.251,22.93333,57.53333,0.0,,,,22.93333,57.53333,0.0,22.93333,57.53333,0.0,22.93333054,57.53332901,0.0,22.9323884,57.5311,0.251,22.933258,57.531506,0.187,22.9323884,57.5311,0.251,22.93238871,57.5310998,0.251,22.9323884,57.5311,0.251,22.9323884,57.5311,0.251,22.93333,57.53333,0.0,22.9174469,57.6325015,10.324,22.9323884,57.5311,0.251,0.0,0.0,6715.48
1779790,Bentong Town,3.52229,101.90866,MY,Asia/Kuala_Lumpur,Malaysia,"Bentong Town, Malaysia",3.52229,101.90866,0.0,3.51667,101.9,1.145,3.51667,101.9,1.145,3.523825773,101.9061217,0.329,3.51667,101.9,1.145,3.4237725,101.7935591,16.8,3.52229,101.90866,0.0,3.52229,101.90866,0.0,3.522289991,101.9086609,0.0,3.3624708,102.0172675,21.4,3.523658,101.90767,0.187,3.5238235,101.9061242,0.329,3.519635735,101.9133468,0.598,3.5238235,101.9061242,0.329,3.5238235,101.9061242,0.329,3.51667,101.9,1.145,3.5208146,101.9125,0.457,3.5238235,101.9061242,0.329,0.0,0.0,11341.83
4944994,Natick,42.28343,-71.3495,US,America/New_York,United States,"Natick, United States",42.283773,-71.347292,0.186,42.2836393,-71.346996,0.208,42.28343,-71.3495,0.0,42.28756969,-71.35741112,0.798,42.28343,-71.3495,0.0,42.28958616,-71.36298193,1.305,42.287704,-71.357869,0.838,42.28343,-71.3495,0.0,42.28342819,-71.34950256,0.0,42.2836393,-71.346996,0.208,42.283797,-71.347307,0.185,,,,42.28471465,-71.34970695,0.144,42.2836393,-71.346996,0.208,42.2836393,-71.346996,0.208,42.28343,-71.3495,0.0,42.283773,-71.347292,0.186,42.2836393,-71.346996,0.208,0.0,0.0,8484.959
2654089,Caerphilly,51.57452,-3.218,GB,Europe/London,United Kingdom,"Caerphilly, United Kingdom",51.57425689,-3.21761132,0.04,51.5745432,-3.2208487,0.198,51.638242,-3.207064,7.13,51.67238847,-3.178395207,11.229,51.638242,-3.207064,7.13,51.5699368,-3.2469827,2.073,51.57452,-3.218,0.0,51.57605,-3.22034,0.235,51.65332762,-3.20496547,8.814,51.6723809,-3.1783938,11.228,51.573605,-3.220189,0.183,51.6723809,-3.1783938,11.228,51.5745433,-3.220848888,0.198,51.6723809,-3.1783938,11.228,51.6723809,-3.1783938,11.228,51.638242,-3.207064,7.13,51.5785968,-3.218061,0.454,51.6723809,-3.1783938,11.228,0.0,0.0,5724.024
2803429,Aarschot,50.98715,4.83695,BE,Europe/Brussels,Belgium,"Aarschot, Belgium",50.98897506,4.864597691,1.952,50.9842743,4.836429,0.322,50.993357,4.823552,1.167,50.98427835,4.836427924,0.322,50.993357,4.823552,1.167,50.98534715,4.834206622,0.278,50.98715,4.83695,0.0,50.98715,4.83695,0.0,50.9842743,4.836429,0.322,50.9842743,4.836429,0.322,50.985687,4.835834,0.181,50.9842743,4.836429,0.322,50.9842745,4.836428873,0.322,50.9842743,4.836429,0.322,50.9842743,4.836429,0.322,50.993357,4.823552,1.167,50.9849236,4.8317896,0.439,50.9842743,4.836429,0.322,0.0,0.0,5669.143
3542502,Regla,23.125,-82.33194,CU,America/Havana,Cuba,"Regla, Cuba",23.1249256,-82.3269732,0.509,23.12691,-82.3321816,0.213,23.128027,-82.332514,0.34,23.12691379,-82.33218135,0.213,23.128027,-82.332514,0.34,23.13119962,-82.32888895,0.754,23.125,-82.33194,0.0,23.10994,-82.3211,2.004,23.125,-82.3319397,0.0,23.12691,-82.3321816,0.213,23.126593,-82.33212,0.177,23.12691,-82.3321816,0.213,23.12691028,-82.33218167,0.213,23.12691,-82.3321816,0.213,23.12691,-82.3321816,0.213,23.128027,-82.332514,0.34,23.1249256,-82.3269732,0.509,23.12691,-82.3321816,0.213,0.0,0.0,9231.081
13118244,Mandaluyong,14.57837,121.03522,PH,Asia/Manila,Philippines,"Mandaluyong, Philippines",14.27028,120.91457,36.486,14.5774392,121.0338973,0.176,14.57529,121.053017,1.948,14.57743239,121.033892,0.177,14.57529,121.053017,1.948,14.5736108,121.0329706,0.58,14.27028,120.91457,36.486,14.5832,121.0409,0.813,14.58320045,121.0409012,0.813,14.5774392,121.0338973,0.176,14.577439,121.033897,0.176,14.5774392,121.0338973,0.176,14.57743945,121.0338973,0.176,14.5774392,121.0338973,0.176,14.5774392,121.0338973,0.176,14.57529,121.053017,1.948,14.5778467,121.0360888,0.11,14.5774392,121.0338973,0.176,0.0,0.0,13350.009
4176409,Vero Beach,27.63864,-80.39727,US,America/New_York,United States,"Vero Beach, United States",27.638883,-80.38908,0.809,27.6387163,-80.3975399,0.028,27.642936,-80.413043,1.628,27.63345245,-80.40311313,0.814,27.642936,-80.413043,1.628,27.64661809,-80.39663317,0.886,27.651337,-80.423195,2.92,27.61638,-80.41308,2.919,27.6387163,-80.3975399,0.028,27.6387163,-80.3975399,0.028,27.638585,-80.399037,0.174,27.6387163,-80.3975399,0.028,27.64660996,-80.39662856,0.885,27.6387163,-80.3975399,0.028,27.6387163,-80.3975399,0.028,27.642936,-80.413043,1.628,27.638883,-80.38908,0.809,27.6387163,-80.3975399,0.028,0.0,0.0,9068.369
2634853,Walsall,52.58528,-1.98396,GB,Europe/London,United Kingdom,"Walsall, United Kingdom",52.58623665,-1.980335616,0.268,52.5847949,-1.9822687,0.127,,,,52.58479862,-1.982263248,0.127,52.601842,-1.966354,2.195,52.58143024,-1.995141157,0.871,52.594456,-1.99443,1.243,52.58528,-1.98396,0.0,52.58528137,-1.983960032,0.0,52.5847949,-1.9822687,0.127,52.584126,-1.982231,0.174,52.5847949,-1.9822687,0.127,52.62709502,-1.961506913,4.895,52.5847949,-1.9822687,0.127,52.5847949,-1.9822687,0.127,52.601842,-1.966354,2.195,52.5859475,-1.9822895,0.135,52.5847949,-1.9822687,0.127,0.0,0.0,5831.41
3129046,Azuqueca de Henares,40.56566,-3.26753,ES,Europe/Madrid,Spain,"Azuqueca de Henares, Spain",40.5650268,-3.268549,0.111,40.5683808,-3.2627134,0.508,40.567422,-3.260264,0.646,40.56838665,-3.262715346,0.508,40.567422,-3.260264,0.646,40.556768,-3.262636823,1.071,40.565818,-3.26723,0.031,40.56566,-3.26753,0.0,40.56565857,-3.267529964,0.0,40.5683808,-3.2627134,0.508,40.566578,-3.265868,0.174,40.5683808,-3.2627134,0.508,40.56838097,-3.262713477,0.508,40.5683808,-3.2627134,0.508,40.5683808,-3.2627134,0.508,40.567422,-3.260264,0.646,40.5650268,-3.268549,0.111,40.5683808,-3.2627134,0.508,0.0,0.0,4504.513
469005,Yaransk,57.30496,47.87387,RU,Europe/Kirov,Russia,"Yaransk, Russia",57.3049105,47.8767803,0.176,57.3042882,47.8855774,0.71,57.305439,47.892977,1.153,57.30493894,47.87378478,0.006,57.305439,47.892977,1.153,57.3012512,47.8773055,0.462,57.30331,47.88611,0.76,57.30496,47.87387,0.0,57.30495834,47.87387085,0.0,57.3042882,47.8855774,0.71,57.30493,47.87673,0.172,57.3042882,47.8855774,0.71,57.30100193,47.86722123,0.596,57.3042882,47.8855774,0.71,57.3042882,47.8855774,0.71,57.305439,47.892977,1.153,57.3049105,47.8767803,0.176,57.3042882,47.8855774,0.71,0.0,0.0,7634.708
3012664,Issoire,45.54422,3.24901,FR,Europe/Paris,France,"Issoire, France",45.54508774,3.251397508,0.21,45.5432962,3.2501874,0.138,45.545185,3.252524,0.295,45.54329746,3.250185325,0.138,45.545185,3.252524,0.295,45.54551982,3.244750921,0.363,45.54422,3.24901,0.0,45.54422,3.24901,0.0,45.5432973,3.2502213,0.14,45.5432962,3.2501874,0.138,45.54457,3.246874,0.171,45.5432962,3.2501874,0.138,45.54329628,3.250187226,0.138,45.5432962,3.2501874,0.138,45.5432962,3.2501874,0.138,45.545185,3.252524,0.295,45.543716,3.2498693,0.087,45.5432962,3.2501874,0.138,0.0,0.0,5055.539
3169424,Riccione,43.99942,12.65689,IT,Europe/Rome,Italy,"Riccione, Italy",43.9994745,12.6569236,0.007,43.998274,12.6474368,0.769,44.000892,12.650737,0.52,43.99827721,12.64743207,0.769,44.000892,12.650737,0.52,43.99699333,12.64575604,0.933,43.99942,12.65689,0.0,43.99942,12.65689,0.0,43.998274,12.6474368,0.769,43.998274,12.6474368,0.769,44.00008,12.654964,0.171,43.998274,12.6474368,0.769,43.9982742,12.6474366,0.769,43.998274,12.6474368,0.769,43.998274,12.6474368,0.769,44.000892,12.650737,0.52,43.9994745,12.6569236,0.007,43.998274,12.6474368,0.769,0.0,0.0,5033.167
3832260,Yerba Buena,-26.81298,-65.29543,AR,America/Argentina/Tucuman,Argentina,"Yerba Buena, Argentina",-27.2330734,-65.4103635,47.925,-26.8121581,-65.2981714,0.287,-26.81667,-65.31667,2.151,-26.81215439,-65.29817107,0.287,-26.81667,-65.31667,2.151,-26.8121581,-65.2981714,0.287,-26.814678,-65.293446,0.273,,,,-26.81298065,-65.29543304,0.0,-26.8121581,-65.2981714,0.287,-26.813341,-65.29377,0.17,-26.8121581,-65.2981714,0.287,-26.81215784,-65.2981716,0.287,-26.8121581,-65.2981714,0.287,-26.8121581,-65.2981714,0.287,-26.81667,-65.31667,2.151,-26.8076937,-65.3064467,1.242,-26.8121581,-65.2981714,0.287,0.0,0.0,7575.142
3922037,Caranavi,-15.83403,-67.56586,BO,America/La_Paz,Bolivia,"Caranavi, Bolivia",-15.8435684,-67.5639333,1.075,-15.8339756,-67.5659334,0.01,-15.81667,-67.55,2.565,-15.69461257,-67.3920611,24.184,-15.81667,-67.55,2.565,-15.74862627,-67.4484858,15.731,-15.845082,-67.56255,1.273,-15.83652,-67.56901,0.436,-15.8339756,-67.5659334,0.01,-15.6946194,-67.3920699,24.183,-15.832792,-67.56493,0.169,-15.6946194,-67.3920699,24.183,-15.83397546,-67.56593373,0.01,-15.6946194,-67.3920699,24.183,-15.6946194,-67.3920699,24.183,-15.81667,-67.55,2.565,-15.8435684,-67.5639333,1.075,-15.6946194,-67.3920699,24.183,0.0,0.0,7618.968
723195,Vranov nad Toplou,48.88836,21.68479,SK,Europe/Bratislava,Slovakia,"Vranov nad Toplou, Slovakia",48.88754539,21.68566521,0.111,48.8891513,21.6822318,0.207,48.888564,21.652765,2.349,48.88915801,21.68223355,0.207,48.888564,21.652765,2.349,48.8891513,21.6822318,0.207,48.88836,21.68479,0.0,48.88836,21.68479,0.0,48.8891513,21.6822318,0.207,48.8891513,21.6822318,0.207,48.889664,21.683634,0.168,48.8891513,21.6822318,0.207,48.88915145,21.68223169,0.207,48.8891513,21.6822318,0.207,48.8891513,21.6822318,0.207,48.888564,21.652765,2.349,48.8903354,21.6829836,0.257,48.9475555,21.6255779,7.885,0.0,0.0,5803.401
1260830,Pakala,13.44903,79.11493,IN,Asia/Kolkata,India,"Pakala, India",13.4487799,79.1139145,0.113,13.4490487,79.1148903,0.005,13.44917,79.11749,0.278,13.4490422,79.1148913,0.004,13.44917,79.11749,0.278,13.4509043,79.1145053,0.212,13.44903,79.11493,0.0,13.44903,79.11493,0.0,13.48120696,79.09142468,4.376,13.4490487,79.1148903,0.005,13.45053,79.11489,0.166,13.4490487,79.1148903,0.005,13.44904885,79.11489006,0.005,13.4490487,79.1148903,0.005,13.4490487,79.1148903,0.005,13.44917,79.11749,0.278,13.4487799,79.1139145,0.113,13.4509043,79.1145053,0.212,0.0,0.0,8839.504
11903639,Geidorf,47.08393,15.444,AT,Europe/Vienna,Austria,"Geidorf, Austria",47.08393,15.444,0.0,47.0846675,15.4428962,0.117,47.084714,15.434537,0.724,47.08466771,15.44289253,0.117,47.084714,15.434537,0.724,47.0846675,15.4428962,0.117,47.08393,15.444,0.0,47.08393,15.444,0.0,47.08393097,15.44400024,0.0,47.0846675,15.4428962,0.117,47.08522,15.442901,0.166,47.0846675,15.4428962,0.117,47.08466758,15.44289619,0.117,47.0846675,15.4428962,0.117,47.0846675,15.4428962,0.117,47.084714,15.434537,0.724,47.0860033,15.444204,0.231,47.0846675,15.4428962,0.117,0.0,0.0,5428.718
2479161,Sour el Ghozlane,36.14766,3.69123,DZ,Africa/Algiers,Algeria,"Sour el Ghozlane, Algeria",36.1473049,3.6909375,0.047,36.147376,3.691797,0.06,36.14766,3.69123,0.0,36.14737592,3.691796049,0.06,36.14766,3.69123,0.0,36.147376,3.691797,0.06,36.14766,3.69123,0.0,36.14766,3.69123,0.0,36.147376,3.691797,0.06,36.147376,3.691797,0.06,36.147186,3.689517,0.163,36.147376,3.691797,0.06,36.14737624,3.691796847,0.06,36.147376,3.691797,0.06,36.147376,3.691797,0.06,36.14766,3.69123,0.0,36.1473049,3.6909375,0.047,36.147376,3.691797,0.06,0.0,0.0,4020.118
118223,Rudehen,35.73338,51.90587,IR,Asia/Tehran,Iran,"Rudehen, Iran",35.7393608,51.9122238,0.878,35.734772,51.9063798,0.161,35.73338,51.90587,0.0,35.73477585,51.9063785,0.162,35.73338,51.90587,0.0,35.734772,51.9063798,0.161,35.73338,51.90587,0.0,35.73338,51.90587,0.0,35.734772,51.9063798,0.161,35.734772,51.9063798,0.161,35.734772,51.90638,0.161,35.734772,51.9063798,0.161,35.73477215,51.90637976,0.161,35.734772,51.9063798,0.161,35.734772,51.9063798,0.161,35.73338,51.90587,0.0,35.6863968,51.4328575,43.12,35.734772,51.9063798,0.161,0.0,0.0,6661.818
11184472,Rangat,12.50595,92.9155,IN,Asia/Kolkata,India,"Rangat, India",12.5037231,92.9133301,0.341,12.507013,92.9229156,0.815,12.505769,92.91971,0.458,12.49362205,92.82562152,9.864,12.505769,92.91971,0.458,12.3654149,92.9194474,15.553,12.50595,92.9155,0.0,12.50595,92.9155,0.0,12.50594997,92.91549683,0.0,12.4936246,92.8256256,9.864,12.505485,92.9141,0.161,12.4936246,92.8256256,9.864,12.50701325,92.92291548,0.815,12.4936246,92.8256256,9.864,12.4936246,92.8256256,9.864,12.505769,92.91971,0.458,12.5037231,92.9133301,0.341,12.4936246,92.8256256,9.864,0.0,0.0,10334.864
1083239,Ambatofinandrahana,-20.55284,46.80365,MG,Indian/Antananarivo,Madagascar,"Ambatofinandrahana, Madagascar",-20.550915,46.8032607,0.217,-20.5505835,46.8032175,0.254,-20.484058,46.25709,57.513,-20.55058337,46.80321767,0.254,-20.484058,46.25709,57.513,-20.550722,46.803649,0.234,-20.55284,46.80365,0.0,-20.45661,46.78665,10.8,-20.55283928,46.8036499,0.0,-20.5505835,46.8032175,0.254,-20.551409,46.803436,0.16,-20.5505835,46.8032175,0.254,-20.5000647,46.31128083,51.683,-20.5505835,46.8032175,0.254,-20.5505835,46.8032175,0.254,-20.484058,46.25709,57.513,-20.550915,46.8032607,0.217,-20.5505835,46.8032175,0.254,0.0,0.0,5576.178
5504003,Fernley,39.60797,-119.25183,US,America/Los_Angeles,United States,"Fernley, United States",39.607664,-119.25103,0.077,39.6078829,-119.2506489,0.102,39.585101,-119.265315,2.791,39.60196465,-119.2351952,1.577,39.585101,-119.265315,2.791,39.6048048,-119.2404748,1.037,39.590855,-119.213399,3.809,39.02064,-119.189,65.431,39.60797119,-119.2518311,0.0,39.6078829,-119.2506489,0.102,39.607711,-119.253643,0.158,39.6076575,-119.2509808,0.081,39.60788303,-119.250649,0.102,39.6078829,-119.2506489,0.102,39.6078829,-119.2506489,0.102,39.585101,-119.265315,2.791,39.607664,-119.25103,0.077,39.6078829,-119.2506489,0.102,0.0,0.0,12475.995
2734434,Sao Mamede de Infesta,41.19183,-8.61105,PT,Europe/Lisbon,Portugal,"Sao Mamede de Infesta, Portugal",41.1901946,-8.6118937,0.195,41.1912232,-8.6106388,0.076,41.194455,-8.61308,0.338,41.19033675,-8.613301411,0.251,41.194455,-8.61308,0.338,41.76312533,-8.565989459,63.561,41.19183,-8.61105,0.0,41.19183,-8.61105,0.0,41.1853221,-8.6513544,3.458,41.1912232,-8.6106388,0.076,41.193188,-8.611413,0.154,,,,41.19122328,-8.610638939,0.076,41.1912232,-8.6106388,0.076,41.1912232,-8.6106388,0.076,41.194455,-8.61308,0.338,41.1901946,-8.6118937,0.195,41.1912232,-8.6106388,0.076,0.0,0.0,4643.927
2986140,Pontoise,49.05,2.1,FR,Europe/Paris,France,"Pontoise, France",49.05094242,2.100790968,0.12,49.0508845,2.1008067,0.115,49.049527,2.089546,0.766,49.05088804,2.100803442,0.115,49.049527,2.089546,0.766,49.54368948,3.047515704,88.115,49.05,2.1,0.0,49.05,2.1,0.0,49.0508845,2.1008067,0.115,49.0508845,2.1008067,0.115,49.0503,2.097951,0.153,49.0508845,2.1008067,0.115,49.05088462,2.100806683,0.115,49.0508845,2.1008067,0.115,49.0508845,2.1008067,0.115,49.049527,2.089546,0.766,49.0488463,2.0929404,0.532,49.0508845,2.1008067,0.115,0.0,0.0,5438.926
2179537,Wellington,-41.28664,174.77557,NZ,Pacific/Auckland,New Zealand,"Wellington, New Zealand",-41.28489352,174.7761005,0.199,-41.2887953,174.7772114,0.276,-41.281385,175.32902,46.368,-41.28879676,174.7772129,0.276,-41.281385,175.32902,46.368,-41.2887953,174.7772114,0.276,-41.28664,174.77557,0.0,-41.28664,174.77557,0.0,-41.28664017,174.7755737,0.0,-41.2887953,174.7772114,0.276,-41.28559,174.77672,0.151,-41.2887953,174.7772114,0.276,-41.28879507,174.7772113,0.276,-41.2887953,174.7772114,0.276,-41.2887953,174.7772114,0.276,-41.281385,175.32902,46.368,-41.2851005,174.7760009,0.175,-41.2903326,174.7819275,0.672,0.0,0.0,15401.604
2272491,Zwedru,6.06846,-8.13559,LR,Africa/Monrovia,Liberia,"Zwedru, Liberia",6.066518,-8.1354704,0.215,6.068724,-8.1342735,0.149,6.06667,-8.12806,0.857,6.068729943,-8.134271333,0.149,6.06667,-8.12806,0.857,6.068723999,-8.1342735,0.149,6.06846,-8.13559,0.0,6.06846,-8.13559,0.0,6.068459988,-8.1355896,0.0,6.068724,-8.1342735,0.149,6.068724,-8.134274,0.149,6.068724,-8.1342735,0.149,6.068724167,-8.134273589,0.149,6.068724,-8.1342735,0.149,6.068724,-8.1342735,0.149,6.06667,-8.12806,0.857,6.066518,-8.1354704,0.215,6.068724,-8.1342735,0.149,0.0,0.0,1125.808
2522160,Alcala la Real,37.4614,-3.92301,ES,Europe/Madrid,Spain,"Alcala la Real, Spain",37.4635849,-3.9250782,0.304,37.4619794,-3.922384,0.085,37.460424,-3.923973,0.138,37.46197614,-3.922386426,0.084,37.460424,-3.923973,0.138,,,,37.460164,-3.920058,0.295,37.4614,-3.92301,0.0,37.46139908,-3.923010111,0.0,37.4619794,-3.922384,0.085,37.460106,-3.922604,0.148,37.4619794,-3.922384,0.085,37.46197941,-3.922384009,0.085,37.4619794,-3.922384,0.085,37.4619794,-3.922384,0.085,37.460424,-3.923973,0.138,37.4635849,-3.9250782,0.304,37.4619794,-3.922384,0.085,0.0,0.0,4167.304
3096779,Kamienna Gora,50.78314,16.03037,PL,Europe/Warsaw,Poland,"Kamienna Gora, Poland",50.75295618,16.01743985,3.479,50.7837361,16.0336631,0.242,50.783049,16.031423,0.075,50.78468832,16.02236263,0.59,50.783049,16.031423,0.075,50.75494721,16.00111419,3.754,50.78314,16.03037,0.0,50.75603,16.00471,3.517,50.7837361,16.0336631,0.242,50.7846893,16.0223631,0.59,50.782436,16.032116,0.146,50.7837361,16.0336631,0.242,50.78373614,16.03366278,0.242,50.7837361,16.0336631,0.242,50.7837361,16.0336631,0.242,50.783049,16.031423,0.075,50.783254,16.032251,0.133,50.7559349,15.9857014,4.369,0.0,0.0,5828.957
13118135,Jelebu,1.37953,103.76286,SG,Asia/Singapore,Singapore,"Jelebu, Singapore",1.3759343,103.7662437,0.548,1.379466,103.764179,0.147,1.379466,103.764179,0.147,1.374582252,103.7666217,0.689,1.379,103.764395,0.181,3.0366264,102.1179206,258.948,1.379627,103.764433,0.175,1.37953,103.76286,0.0,,,,1.3759343,103.7662437,0.548,1.380653,103.76348,0.142,1.3745804,103.7666288,0.69,1.375933545,103.7662388,0.547,1.3759343,103.7662437,0.548,1.3759343,103.7662437,0.548,1.379466,103.764179,0.147,1.3759343,103.7662437,0.548,1.3759343,103.7662437,0.548,0.0,0.0,11550.369
2522012,Algemesi,39.19042,-0.43572,ES,Europe/Madrid,Spain,"Algemesi, Spain",39.1938679,-0.4347581,0.392,39.190758,-0.4357471,0.038,39.193372,-0.437693,0.369,39.19075642,-0.435747139,0.037,39.193372,-0.437693,0.369,38.9838224,1.5333877,171.901,39.195236,-0.435059,0.538,,,,39.19041824,-0.435719997,0.0,39.190758,-0.4357471,0.038,39.19118,-0.437022,0.141,39.190758,-0.4357471,0.038,39.19075805,-0.435747318,0.038,39.190758,-0.4357471,0.038,39.190758,-0.4357471,0.038,39.193372,-0.437693,0.369,39.1938679,-0.4347581,0.392,39.190758,-0.4357471,0.038,0.0,0.0,4339.872
2512432,Pollenca,39.87678,3.01626,ES,Europe/Madrid,Spain,"Pollenca, Spain",39.8777448,3.0172052,0.134,39.8792073,3.0157098,0.274,39.877882,3.015565,0.136,39.87920653,3.015704941,0.274,39.877882,3.015565,0.136,,,,39.890001,3.043847,2.779,39.87678,3.01626,0.0,39.87678146,3.016259909,0.0,39.8792073,3.0157098,0.274,39.87801,3.015858,0.141,39.8792073,3.0157098,0.274,39.87920732,3.015709519,0.274,39.8792073,3.0157098,0.274,39.8792073,3.0157098,0.274,39.877882,3.015565,0.136,39.8777448,3.0172052,0.134,39.8792073,3.0157098,0.274,0.0,0.0,4426.479
2998632,L'Hay-les-Roses,48.77935,2.33729,FR,Europe/Paris,France,"L'Hay-les-Roses, France",48.77918615,2.33745853,0.022,48.7790514,2.3373021,0.033,48.776575,2.331656,0.516,48.77905799,2.337303829,0.032,48.776575,2.331656,0.516,48.7752191,2.354116,1.319,48.77935,2.33729,0.0,48.77935,2.33729,0.0,48.7790514,2.3373021,0.033,48.7790514,2.3373021,0.033,48.778923,2.335518,0.139,48.7790514,2.3373021,0.033,48.77905147,2.337302081,0.033,48.7790514,2.3373021,0.033,48.7790514,2.3373021,0.033,48.776575,2.331656,0.516,48.7783948,2.3407753,0.277,48.7790514,2.3373021,0.033,0.0,0.0,5409.764
3445853,Ubaitaba,-14.3125,-39.32333,BR,America/Bahia,Brazil,"Ubaitaba, Brazil",-14.3134607,-39.3237693,0.116,-14.3117771,-39.3226605,0.108,-14.30829,-39.323658,0.467,-14.31177234,-39.32266644,0.108,-14.30829,-39.323658,0.467,,,,-14.305676,-39.322852,0.757,-14.3125,-39.32333,0.0,-14.3125,-39.32332993,0.0,-14.3117771,-39.3226605,0.108,-14.313679,-39.323757,0.138,-14.3117771,-39.3226605,0.108,-14.31177699,-39.32266071,0.108,-14.3117771,-39.3226605,0.108,-14.3117771,-39.3226605,0.108,-14.30829,-39.323658,0.467,-14.3134607,-39.3237693,0.116,-14.3117771,-39.3226605,0.108,0.0,0.0,4610.544
3590316,San Cristobal Verapaz,15.36663,-90.47825,GT,America/Guatemala,Guatemala,"San Cristobal Verapaz, Guatemala",15.3656774,-90.47917674,0.145,15.365843,-90.4777485,0.102,15.38333,-90.4,8.602,15.38343252,-90.57565148,10.621,15.38333,-90.4,8.602,15.3965727,-90.56457209,9.842,15.39632,-90.56513,9.889,15.39644,-90.55968,9.344,15.3666296,-90.4782486,0.0,15.3834326,-90.5756564,10.622,15.365667,-90.47902,0.135,15.3834326,-90.5756564,10.622,15.36584309,-90.4777487,0.102,15.3834326,-90.5756564,10.622,15.3834326,-90.5756564,10.622,15.38333,-90.4,8.602,15.36544,-90.47929,0.173,15.3834326,-90.5756564,10.622,0.0,0.0,10068.929
2521582,Arona,28.09962,-16.68102,ES,Atlantic/Canary,Spain,"Arona, Spain",28.1004729,-16.6806579,0.101,28.0996248,-16.6809103,0.011,28.093304,-16.68371,0.748,28.0996246,-16.68091273,0.011,28.093304,-16.68371,0.748,,,,,,,28.09962,-16.68102,0.0,28.09962082,-16.68102074,0.0,28.0996248,-16.6809103,0.011,28.09882,-16.682062,0.135,28.0996248,-16.6809103,0.011,28.09962503,-16.68091033,0.011,28.0583997,-16.6872912,4.609,28.0583997,-16.6872912,4.609,28.093304,-16.68371,0.748,28.1004729,-16.6806579,0.101,28.1000139,-16.6813849,0.056,0.0,0.0,3582.753
1254534,Tikamgarh,24.74327,78.83061,IN,Asia/Kolkata,India,"Tikamgarh, India",24.7438022,78.8323975,0.19,24.7428616,78.8322022,0.167,24.756196,78.830247,1.432,24.85521407,79.0472513,25.172,24.756196,78.830247,1.432,24.88283693,79.01556068,24.262,24.738279,78.831232,0.556,24.74327,78.83061,0.0,24.60759926,79.00859833,23.46,24.8552105,79.0472546,25.172,24.74331,78.83193,0.134,24.8552105,79.0472546,25.172,24.74286164,78.83220199,0.167,24.8552105,79.0472546,25.172,24.8552105,79.0472546,25.172,24.756196,78.830247,1.432,24.7438022,78.8323975,0.19,24.8552105,79.0472546,25.172,0.0,0.0,8887.123
1268667,Kadod,21.21717,73.21972,IN,Asia/Kolkata,India,"Kadod, India",21.217036,73.223828,0.427,21.217142,73.2188071,0.095,21.217592,73.221043,0.145,21.21714348,73.2188012,0.095,21.217592,73.221043,0.145,21.218154,73.224388,0.497,21.21717,73.21972,0.0,21.21717,73.21972,0.0,21.21717072,73.21971893,0.0,21.217142,73.2188071,0.095,21.216045,73.22008,0.13,21.217142,73.2188071,0.095,21.21714215,73.21880691,0.095,21.217142,73.2188071,0.095,21.217142,73.2188071,0.095,21.217592,73.221043,0.145,21.217036,73.223828,0.427,21.217142,73.2188071,0.095,0.0,0.0,8277.643
1833788,Uijeongbu-si,37.7415,127.0474,KR,Asia/Seoul,South Korea,"Uijeongbu-si, South Korea",37.7415,127.0474,0.0,37.7380747,127.0339665,1.244,37.741987,127.044467,0.264,37.73807618,127.0339621,1.244,37.741987,127.044467,0.264,37.7381078,127.033929,1.246,37.7415,127.0474,0.0,37.7415,127.0474,0.0,37.74150085,127.0474014,0.0,37.7380747,127.0339665,1.244,37.740334,127.04738,0.129,37.7380747,127.0339665,1.244,37.73807473,127.0339663,1.244,37.7380747,127.0339665,1.244,37.7380747,127.0339665,1.244,37.741987,127.044467,0.264,37.7484917,127.0382633,1.118,37.7344559,127.0601523,1.369,0.0,0.0,13181.851
3063907,Trutnov,50.56101,15.9127,CZ,Europe/Prague,Czechia,"Trutnov, Czechia",50.56665753,15.91402121,0.635,50.5608165,15.912897,0.026,50.564755,15.907977,0.534,50.56081828,15.91289261,0.025,50.564755,15.907977,0.534,,,,,,,50.56101,15.9127,0.0,50.5608851,15.9130498,0.028,50.5608165,15.912897,0.026,50.56183,15.911443,0.127,50.5608165,15.912897,0.026,50.56081654,15.91289699,0.026,50.5608165,15.912897,0.026,50.5608165,15.912897,0.026,50.565195,15.911057,0.48,50.5608982,15.912807,0.015,50.5608165,15.912897,0.026,0.0,0.0,5802.897
3037456,Antibes,43.58127,7.12487,FR,Europe/Paris,France,"Antibes, France",43.58134418,7.12791404,0.246,43.5813878,7.1236966,0.096,43.587719,7.106732,1.631,43.58138714,7.123691167,0.096,,,,43.58766665,7.105545726,1.715,43.58579,7.10831,1.429,43.58127,7.12487,0.0,43.5812868,7.1262071,0.108,43.5813878,7.1236966,0.096,43.58151,7.126377,0.125,43.5812868,7.1262071,0.108,43.58138786,7.123696357,0.096,43.5813878,7.1236966,0.096,43.5813878,7.1236966,0.096,43.587719,7.106732,1.631,43.5807219,7.1208723,0.329,43.5813878,7.1236966,0.096,0.0,0.0,4879.141
2743997,Zeewolde,52.33,5.54167,NL,Europe/Amsterdam,The Netherlands,"Zeewolde, The Netherlands",52.32944628,5.514090802,1.881,52.331111,5.5430312,0.155,52.329962,5.537624,0.276,52.34511858,5.458078943,5.941,52.329962,5.537624,0.276,52.331111,5.5430312,0.155,52.331175,5.515688,1.776,52.33,5.54167,0.0,52.331111,5.5430312,0.155,52.3451194,5.4580775,5.941,52.33105,5.541816,0.117,52.3451194,5.4580775,5.941,52.33111103,5.543031022,0.155,52.331111,5.5430312,0.155,52.3451194,5.4580775,5.941,52.329962,5.537624,0.276,52.3320707,5.5407422,0.239,52.3504645,5.5018727,3.542,0.0,0.0,5823.177
1185164,Muktagacha,24.76484,90.25698,BD,Asia/Dhaka,Bangladesh,"Muktagacha, Bangladesh",24.7566662,90.2497482,1.164,24.7651553,90.2583669,0.145,24.76484,90.25698,0.0,24.76515406,90.25836148,0.144,24.76484,90.25698,0.0,24.7651553,90.2583669,0.145,24.76484,90.25698,0.0,,,,24.76483917,90.2569809,0.0,24.7651553,90.2583669,0.145,24.764961,90.25813,0.117,24.7651553,90.2583669,0.145,24.76515547,90.2583668,0.145,24.7651553,90.2583669,0.145,24.7651553,90.2583669,0.145,24.76484,90.25698,0.0,23.7073061,90.4154833,118.235,24.7330028,90.2284151,4.559,0.0,0.0,10041.815
347612,Tala,30.6798,30.94364,EG,Africa/Cairo,Egypt,"Tala, Egypt",30.6819352,30.9470428,0.403,30.68002,30.943393,0.034,30.68025,30.94292,0.085,30.68002503,30.94339507,0.034,30.68025,30.94292,0.085,30.68002,30.943393,0.034,30.6798,30.94364,0.0,30.6798,30.94364,0.0,30.67980003,30.94363976,0.0,30.68002,30.943393,0.034,30.679878,30.944824,0.114,30.68002,30.943393,0.034,30.68002024,30.94339281,0.034,30.68002,30.943393,0.034,30.68002,30.943393,0.034,30.68025,30.94292,0.085,30.6819352,30.9470428,0.403,30.0423091,31.2581995,76.869,0.0,0.0,4714.162
3448351,Sao Pedro da Aldeia,-22.83917,-42.10278,BR,America/Sao_Paulo,Brazil,"Sao Pedro da Aldeia, Brazil",-22.8324356,-42.0969974,0.953,-22.8384835,-42.1031604,0.085,-22.835366,-42.118568,1.674,-22.83848374,-42.1031669,0.086,-22.835366,-42.118568,1.674,-22.8144444,-42.0961111,2.822,-22.835714,-42.098634,0.572,-22.83917,-42.10278,0.0,-22.8384835,-42.1031604,0.085,-22.8384835,-42.1031604,0.085,-22.83817,-42.102818,0.111,-22.8384835,-42.1031604,0.085,-22.83848347,-42.10316062,0.085,-22.8384835,-42.1031604,0.085,-22.7812782,-42.1200358,6.651,-22.835366,-42.118568,1.674,-22.8324356,-42.0969974,0.953,-22.8384835,-42.1031604,0.085,0.0,0.0,5209.542
3402548,Castelo do Piaui,-5.32222,-41.5525,BR,America/Fortaleza,Brazil,"Castelo do Piaui, Brazil",-5.3231235,-41.5558865,0.388,-5.3230426,-41.5546185,0.252,-5.320489,-41.552803,0.194,-5.323048721,-41.55461681,0.252,-5.320489,-41.552803,0.194,-6.801398443,-42.27987858,182.321,-5.323234,-41.551607,0.15,-5.32222,-41.5525,0.0,-5.3230426,-41.5546185,0.252,-5.3230426,-41.5546185,0.252,-5.322967,-41.55183,0.111,-5.3230426,-41.5546185,0.252,-5.32304241,-41.5546187,0.252,-5.3230426,-41.5546185,0.252,-5.3230426,-41.5546185,0.252,-5.320489,-41.552803,0.194,-5.3231235,-41.5558865,0.388,-5.3230426,-41.5546185,0.252,0.0,0.0,4656.085
1528735,Batken,40.0604,70.81929,KG,Asia/Bishkek,Kyrgyzstan,"Batken, Kyrgyzstan",40.0588778,70.8191778,0.169,40.0582113,70.8212908,0.297,40.06259,70.81939,0.243,39.86611653,71.57614117,68.168,40.06259,70.81939,0.243,40.0613536,70.821754,0.235,40.06259,70.81939,0.243,40.0604,70.81929,0.0,40.06259155,70.81938934,0.243,39.7930807,70.8512038,29.806,40.061185,70.820096,0.111,39.8661192,71.5761465,68.168,40.06118524,70.82009632,0.111,39.7930807,70.8512038,29.806,39.7930807,70.8512038,29.806,40.06259,70.81939,0.243,40.0588778,70.8191778,0.169,39.7930807,70.8512038,29.806,0.0,0.0,8387.86
3872306,San Clemente,-35.53777,-71.487,CL,America/Santiago,Chile,"San Clemente, Chile",-35.538436,-71.4856174,0.146,-35.5375459,-71.4858841,0.104,-35.525049,-71.503652,2.067,-35.53754582,-71.48588117,0.104,-35.525049,-71.503652,2.067,-35.5972284,-71.48868,6.599,-35.598954,-71.293279,18.828,-35.53777,-71.487,0.0,-35.53776932,-71.48699951,0.0,-35.5375459,-71.4858841,0.104,-35.53699,-71.48623,0.111,-35.5375459,-71.4858841,0.104,-35.53754569,-71.4858843,0.104,-35.5375459,-71.4858841,0.104,-35.5375459,-71.4858841,0.104,-35.525049,-71.503652,2.067,-35.538436,-71.4856174,0.146,-35.5375459,-71.4858841,0.104,0.0,0.0,8343.949
1627185,Sijunjung,-0.7005,100.9774,ID,Asia/Jakarta,Indonesia,"Sijunjung, Indonesia",-0.7184605,101.0017776,3.363,-0.6996006,100.97795,0.117,-0.675965,100.957644,3.492,-0.696441141,100.9936317,1.862,-0.675965,100.957644,3.492,-0.658659892,100.9333173,6.744,-0.7005,100.9774,0.0,-0.64866,101.06793,11.593,-0.700500011,100.9774017,0.0,-0.6964425,100.9936303,1.861,-0.699605,100.977806,0.109,-0.6964425,100.9936303,1.861,-0.665621798,100.9450295,5.278,-0.6513131,101.070761,11.729,-0.6513131,101.070761,11.729,-0.675965,100.957644,3.492,-0.614709,101.0267743,10.963,-0.6513131,101.070761,11.729,0.0,0.0,11240.658
2661881,Aarau,47.39254,8.04422,CH,Europe/Zurich,Switzerland,"Aarau, Switzerland",47.39133451,8.04994006,0.452,47.3927146,8.0444448,0.026,47.391687,8.053387,0.699,47.39271776,8.044441318,0.026,47.391687,8.053387,0.699,,,,47.391154,8.049344,0.416,47.39254,8.04422,0.0,47.39253998,8.044219971,0.0,47.3927146,8.0444448,0.026,47.39236,8.045639,0.109,47.3927146,8.0444448,0.026,47.39339004,8.058183813,1.058,47.3927146,8.0444448,0.026,47.3927146,8.0444448,0.026,47.391687,8.053387,0.699,47.392847,8.043738,0.05,47.3927146,8.0444448,0.026,0.0,0.0,5308.712
8428283,Shoham,31.99866,34.94559,IL,Asia/Jerusalem,Israel,"Shoham, Israel",31.9995083,34.9455242,0.094,32.0004845,34.9465419,0.221,31.99866,34.94559,0.0,32.00048524,34.94654573,0.222,31.99866,34.94559,0.0,31.99927009,34.95172923,0.584,,,,31.99866,34.94559,0.0,31.99865913,34.94559097,0.0,32.0004845,34.9465419,0.221,31.999435,34.94622,0.105,32.0004845,34.9465419,0.221,31.99253817,34.94514085,0.68,32.0004845,34.9465419,0.221,32.0004845,34.9465419,0.221,31.99866,34.94559,0.0,31.9995083,34.9455242,0.094,32.0004845,34.9465419,0.221,0.0,0.0,5102.981
3454408,Pedregulho,-20.25694,-47.47667,BR,America/Sao_Paulo,Brazil,"Pedregulho, Brazil",-20.2573822,-47.4785647,0.204,-20.25071,-47.4808786,0.818,-20.250769,-47.478721,0.716,-20.25071332,-47.48087778,0.818,-20.250769,-47.478721,0.716,-20.25071,-47.4808786,0.818,-20.228918,-47.447062,4.381,-20.18888,-47.44327,8.304,-20.25071,-47.4808786,0.818,-20.25071,-47.4808786,0.818,-20.255999,-47.476738,0.104,-20.25071,-47.4808786,0.818,-20.25070981,-47.48087872,0.818,-20.25071,-47.4808786,0.818,-20.25071,-47.4808786,0.818,-20.250769,-47.478721,0.716,-20.2573822,-47.4785647,0.204,-20.25071,-47.4808786,0.818,0.0,0.0,5633.057
3068107,Podebrady,50.14242,15.11881,CZ,Europe/Prague,Czechia,"Podebrady, Czechia",50.14729233,15.12056671,0.556,50.1430072,15.1191453,0.07,50.149136,15.116974,0.758,50.14300822,15.11914248,0.07,50.149136,15.116974,0.758,,,,,,,50.14242,15.11881,0.0,50.1430072,15.1191453,0.07,50.1430072,15.1191453,0.07,50.143322,15.1191,0.102,50.1430072,15.1191453,0.07,50.14300736,15.11914518,0.07,50.1430072,15.1191453,0.07,50.1430072,15.1191453,0.07,50.149635,15.123797,0.878,50.1424484,15.1166401,0.155,50.1430072,15.1191453,0.07,0.0,0.0,5739.885
4672059,Balch Springs,32.72874,-96.62277,US,America/Chicago,United States,"Balch Springs, United States",32.728477,-96.622613,0.033,32.7287413,-96.6227714,0.0,32.717385,-96.615701,1.423,32.72875354,-96.62281516,0.004,32.717385,-96.615701,1.423,32.7287413,-96.6227714,0.0,32.720095,-96.613399,1.3,32.72874,-96.62277,0.0,32.7287413,-96.6227714,0.0,32.7287413,-96.6227714,0.0,32.729633,-96.622606,0.1,32.7287413,-96.6227714,0.0,32.72874153,-96.6227717,0.0,32.7287413,-96.6227714,0.0,32.7287413,-96.6227714,0.0,32.717385,-96.615701,1.423,32.728477,-96.622613,0.033,32.7287413,-96.6227714,0.0,0.0,0.0,10634.22
3444876,Volta Redonda,-22.52306,-44.10417,BR,America/Sao_Paulo,Brazil,"Volta Redonda, Brazil",-22.496586,-44.101388,2.946,-22.521856,-44.1040128,0.134,-22.490487,-44.098374,3.656,-22.52185369,-44.10401723,0.135,-22.490487,-44.098374,3.656,-22.5225497,-44.1040128,0.059,-22.509653,-44.094518,1.786,-22.52306,-44.10417,0.0,-22.521856,-44.1040128,0.134,-22.521856,-44.1040128,0.134,-22.522367,-44.10478,0.099,-22.521856,-44.1040128,0.134,-22.52185587,-44.10401311,0.134,-22.521856,-44.1040128,0.134,-22.521856,-44.1040128,0.134,-22.490487,-44.098374,3.656,-22.496586,-44.101388,2.946,-22.521856,-44.1040128,0.134,0.0,0.0,5386.648
1262089,Nakur,29.91964,77.30438,IN,Asia/Kolkata,India,"Nakur, India",29.920799,77.308403,0.409,29.9186122,77.3053997,0.151,29.918745,77.304507,0.1,29.84974489,77.29804127,7.772,29.918745,77.304507,0.1,30.00782633,77.31135098,9.799,29.919948,77.340034,3.443,29.91964,77.30438,0.0,30.50831032,77.89955902,86.845,29.849743,77.2980474,7.772,29.919563,77.305405,0.099,29.849743,77.2980474,7.772,29.91861239,77.30539944,0.151,29.849743,77.2980474,7.772,29.849743,77.2980474,7.772,29.918745,77.304507,0.1,29.920799,77.308403,0.409,29.849743,77.2980474,7.772,0.0,0.0,8791.036
1518518,Talghar,43.30235,77.23811,KZ,Asia/Almaty,Kazakhstan,"Talghar, Kazakhstan",43.30235,77.23811,0.0,43.302721,77.2394726,0.118,43.30348,77.24085,0.255,43.30272709,77.23947127,0.118,43.30348,77.24085,0.255,43.3027233,77.2395288,0.122,,,,43.31667,77.25,1.861,43.30234909,77.2381134,0.0,43.302721,77.2394726,0.118,43.30321,77.23845,0.099,43.302721,77.2394726,0.118,43.30272121,77.23947242,0.118,43.302721,77.2394726,0.118,43.302721,77.2394726,0.118,43.30348,77.24085,0.255,43.3108685,77.2347229,0.985,43.302721,77.2394726,0.118,0.0,0.0,8979.242
759320,Siemiatycze,52.42719,22.86231,PL,Europe/Warsaw,Poland,"Siemiatycze, Poland",52.42830239,22.87114903,0.614,52.4278979,22.8627258,0.084,52.427225,22.867594,0.359,52.42092859,22.87543375,1.132,52.427225,22.867594,0.359,52.48345321,22.89799922,6.714,52.427922,22.871244,0.613,52.42719,22.86231,0.0,52.4278979,22.8627258,0.084,52.4278979,22.8627258,0.084,52.42731,22.86373,0.098,52.4278979,22.8627258,0.084,52.42789795,22.86272552,0.084,52.4278979,22.8627258,0.084,52.4278979,22.8627258,0.084,52.427225,22.867594,0.359,52.428937,22.865136,0.273,52.4278979,22.8627258,0.084,0.0,0.0,6190.058
3029030,Cambrai,50.17596,3.23472,FR,Europe/Paris,France,"Cambrai, France",50.17624706,3.234846219,0.033,50.1757546,3.2346145,0.024,50.172896,3.242037,0.624,50.17575822,3.2346153,0.024,50.172896,3.242037,0.624,50.1759602,3.2356613,0.067,50.17596,3.23472,0.0,50.17596,3.23472,0.0,50.1757546,3.2346145,0.024,50.1757546,3.2346145,0.024,50.17513,3.235195,0.098,50.1757546,3.2346145,0.024,50.17575474,3.23461432,0.024,50.1757546,3.2346145,0.024,50.1757546,3.2346145,0.024,50.172896,3.242037,0.624,50.1753508,3.2343689,0.072,50.1757546,3.2346145,0.024,0.0,0.0,5568.938
2790869,Mons,50.45413,3.95229,BE,Europe/Brussels,Belgium,"Mons, Belgium",50.45241252,3.971948154,1.409,50.4549568,3.951958,0.095,50.422144,3.87418,6.592,50.45495827,3.951956475,0.095,50.422144,3.87418,6.592,50.4549568,3.951958,0.095,50.45413,3.95229,0.0,50.45413,3.95229,0.0,50.4549568,3.951958,0.095,50.4549568,3.951958,0.095,50.454957,3.951958,0.095,50.4549568,3.951958,0.095,50.45495681,3.95195771,0.095,50.4549568,3.951958,0.095,50.4549568,3.951958,0.095,50.422144,3.87418,6.592,50.4533334,3.9487367,0.267,50.4549568,3.951958,0.095,0.0,0.0,5603.948
2913195,Haan,51.19382,7.0133,DE,Europe/Berlin,Germany,"Haan, Germany",51.192305,7.010639,0.251,51.1954956,7.0085328,0.382,51.193186,7.013046,0.073,51.19549839,7.008531148,0.382,51.193186,7.013046,0.073,51.2144579,7.0110839,2.301,51.199105,7.0079,0.699,51.19382,7.0133,0.0,51.19382095,7.013299942,0.0,51.1954956,7.0085328,0.382,51.19299,7.013174,0.093,51.1954956,7.0085328,0.382,51.20822784,7.010125379,1.618,51.1954956,7.0085328,0.382,51.1954956,7.0085328,0.382,51.193186,7.013046,0.073,51.1930086,7.0131685,0.091,51.1954956,7.0085328,0.382,0.0,0.0,5712.155
3680434,Ituango,7.17117,-75.76404,CO,America/Bogota,Colombia,"Ituango, Colombia",,,,7.1723319,-75.7640925,0.129,7.17117,-75.76404,0.0,7.172331175,-75.76409124,0.129,7.17117,-75.76404,0.0,,,,,,,7.30168,-75.91857,22.351,7.171170235,-75.76403809,0.0,7.1723319,-75.7640925,0.129,7.17201,-75.76398,0.093,7.1723319,-75.7640925,0.129,7.172332079,-75.7640925,0.129,7.1723319,-75.7640925,0.129,7.1723319,-75.7640925,0.129,7.17117,-75.76404,0.0,7.1706257,-75.7639825,0.061,7.1723319,-75.7640925,0.129,0.0,0.0,8446.311
6050619,Laval-des-Rapides,45.55642,-73.70007,CA,America/Toronto,Canada,"Laval-des-Rapides, Canada",45.554592,-73.70841,0.682,45.5564172,-73.7005593,0.038,45.559976,-73.714098,1.164,45.55641746,-73.70055121,0.038,45.559976,-73.714098,1.164,45.55586314,-73.70785281,0.611,,,,45.55642,-73.70007,0.0,45.55007935,-73.6991806,0.708,45.5564172,-73.7005593,0.038,45.55677,-73.699,0.092,45.5564172,-73.7005593,0.038,45.55641728,-73.70055947,0.038,45.5564172,-73.7005593,0.038,45.5564172,-73.7005593,0.038,45.559976,-73.714098,1.164,45.520061,-73.825337,10.586,45.5564172,-73.7005593,0.038,0.0,0.0,8746.057
5311433,Rio Rico,31.47148,-110.97648,US,America/Phoenix,United States,"Rio Rico, United States",31.463249,-110.997113,2.163,31.4714828,-110.9764769,0.0,31.486086,-111.004317,3.102,31.50845152,-111.0718192,9.943,31.486086,-111.004317,3.102,31.5012186,-111.0410867,6.968,31.49223,-110.989245,2.601,31.47148,-110.97648,0.0,31.47147942,-110.9764786,0.0,31.4714828,-110.9764769,0.0,31.471224,-110.977395,0.091,31.4714828,-110.9764769,0.0,31.47148296,-110.9764771,0.0,31.4714828,-110.9764769,0.0,31.4714828,-110.9764769,0.0,31.486086,-111.004317,3.102,31.492322,-111.043482,6.773,31.4538654,-110.9454881,3.534,0.0,0.0,11994.535
3459925,Jequitinhonha,-16.43389,-41.00333,BR,America/Sao_Paulo,Brazil,"Jequitinhonha, Brazil",-16.4436803,-41.0169963,1.818,-16.4335098,-41.0035557,0.048,-16.439438,-41.00861,0.834,-16.43350269,-41.00355672,0.049,-16.439438,-41.00861,0.834,-16.433333,-41.003056,0.068,-16.422804,-41.062157,6.402,-16.40683,-41.05778,6.541,-16.4335098,-41.0035557,0.048,-16.4335098,-41.0035557,0.048,-16.433212,-41.00378,0.089,-16.4335098,-41.0035557,0.048,-16.43350966,-41.00355584,0.049,-16.4335098,-41.0035557,0.048,-16.4335098,-41.0035557,0.048,-16.439438,-41.00861,0.834,-16.4436803,-41.0169963,1.818,-16.4335098,-41.0035557,0.048,0.0,0.0,4852.548
5391791,San Clemente,33.42697,-117.61199,US,America/Los_Angeles,United States,"San Clemente, United States",33.423644,-117.617653,0.643,33.4270275,-117.6124179,0.04,33.449613,-117.61144,2.512,33.43615455,-117.6219272,1.375,33.449613,-117.61144,2.512,,,,33.444846,-117.61435,1.995,33.42697,-117.61199,0.0,33.42697144,-117.6119919,0.0,33.4270275,-117.6124179,0.04,33.427565,-117.612633,0.089,33.4270275,-117.6124179,0.04,33.41786459,-117.622516,1.407,33.4270275,-117.6124179,0.04,33.4270275,-117.6124179,0.04,33.449613,-117.61144,2.512,33.423644,-117.617653,0.643,33.4270275,-117.6124179,0.04,0.0,0.0,12548.589
3110143,Sant Pere de Ribes,41.26045,1.77391,ES,Europe/Madrid,Spain,"Sant Pere de Ribes, Spain",41.2590969,1.7754176,0.196,41.2619218,1.7721357,0.221,41.259338,1.774521,0.134,41.26192676,1.772132903,0.222,41.259338,1.774521,0.134,41.2619218,1.7721357,0.221,41.247933,1.768067,1.474,41.26045,1.77391,0.0,41.26044846,1.773910046,0.0,41.2619218,1.7721357,0.221,41.260803,1.774869,0.089,41.2619218,1.7721357,0.221,41.26192182,1.772135496,0.221,41.2619218,1.7721357,0.221,41.2619218,1.7721357,0.221,41.259338,1.774521,0.134,41.2590969,1.7754176,0.196,41.2619218,1.7721357,0.221,0.0,0.0,4573.002
4177727,Wesley Chapel,28.23973,-82.32787,US,America/New_York,United States,"Wesley Chapel, United States",28.181358,-82.351167,6.861,28.1866014,-82.366121,6.983,28.20866,-82.331696,3.464,28.23974646,-82.32791313,0.005,28.20866,-82.331696,3.464,28.1820211,-82.36419375,7.322,28.221295,-82.322696,2.105,28.24694,-82.31719,1.318,28.23973083,-82.32787323,0.0,28.1866014,-82.366121,6.983,28.240485,-82.328154,0.088,28.1866014,-82.366121,6.983,28.18201964,-82.36419053,7.322,28.1866014,-82.366121,6.983,28.1866014,-82.366121,6.983,28.20866,-82.331696,3.464,28.239428,-82.322427,0.535,28.1866014,-82.366121,6.983,0.0,0.0,9262.501
750637,Beypazari,40.1675,31.92111,TR,Europe/Istanbul,Turkey,"Beypazari, Turkey",40.13720649,31.90663321,3.583,40.1656491,31.9204553,0.213,40.144813,31.921374,2.519,40.16619658,31.92076523,0.148,40.144813,31.921374,2.519,,,,40.1675,31.92111,0.0,40.1675,31.92111,0.0,40.1661927,31.9207632,0.148,40.1656491,31.9204553,0.213,40.168144,31.920563,0.085,40.1661927,31.9207632,0.148,40.16564918,31.92045517,0.213,40.1656491,31.9204553,0.213,40.1656491,31.9204553,0.213,40.144813,31.921374,2.519,40.1645,31.918095,0.421,40.1656491,31.9204553,0.213,0.0,0.0,5499.41
363619,Yei,4.09444,30.67639,SS,Africa/Juba,South Sudan,"Yei, South Sudan",4.09444,30.67639,0.0,4.0941656,30.6756882,0.084,4.09504,30.67792,0.182,4.243206952,30.28455496,46.511,4.09504,30.67792,0.182,4.0926733,30.6773928,0.225,,,,4.09916,30.67009,0.873,,,,4.2432059,30.284559,46.51,4.094166,30.67571,0.081,4.2432059,30.284559,46.51,4.094165671,30.6756879,0.084,4.2432059,30.284559,46.51,4.2432059,30.284559,46.51,4.09504,30.67792,0.182,4.0936632,30.6815518,0.58,4.1296712,30.7298777,7.103,0.0,0.0,3441.841
1256959,Savda,21.15054,75.88938,IN,Asia/Kolkata,India,"Savda, India",21.1484364,75.8868415,0.352,21.1508089,75.8885226,0.094,21.150814,75.889366,0.03,21.15080347,75.88852124,0.094,21.150814,75.889366,0.03,21.1508089,75.8885226,0.094,21.15054,75.88938,0.0,21.15054,75.88938,0.0,20.97711945,75.45136261,49.405,21.1508089,75.8885226,0.094,21.151258,75.88946,0.08,21.1508089,75.8885226,0.094,21.15080892,75.88852253,0.094,21.1508089,75.8885226,0.094,21.1508089,75.8885226,0.094,21.150814,75.889366,0.03,21.1484364,75.8868415,0.352,21.1508089,75.8885226,0.094,0.0,0.0,8552.823
3862320,Juan Jose Castelli,-25.9466,-60.62008,AR,America/Argentina/Cordoba,Argentina,"Juan Jose Castelli, Argentina",-25.9611126,-60.619069,1.611,-25.9400529,-60.6172909,0.777,-25.94679,-60.61947,0.065,-25.94670425,-60.62002993,0.013,-25.94679,-60.61947,0.065,-25.9409032,-60.6091937,1.26,,,,-25.9466,-60.62008,0.0,-25.94659996,-60.62007904,0.0,-25.9467092,-60.6200235,0.013,-25.947247,-60.62038,0.078,-25.9467092,-60.6200235,0.013,-25.91573587,-60.65719016,5.051,-25.9467092,-60.6200235,0.013,-25.9467092,-60.6200235,0.013,-25.94679,-60.61947,0.065,-25.9611126,-60.619069,1.611,-25.9400529,-60.6172909,0.777,0.0,0.0,7098.909
3471849,Aracoiaba da Serra,-23.50528,-47.61417,BR,America/Sao_Paulo,Brazil,"Aracoiaba da Serra, Brazil",-23.5043919,-47.6143311,0.1,-23.5045367,-47.6168158,0.282,-23.505663,-47.580119,3.478,-23.50453385,-47.6168178,0.283,-23.505663,-47.580119,3.478,-23.6204716,-46.78625513,85.481,-23.518853,-47.614138,1.503,,,,-23.5045367,-47.6168158,0.282,-23.5045367,-47.6168158,0.282,-23.505753,-47.61471,0.076,-23.5045367,-47.6168158,0.282,-23.50453669,-47.61681609,0.283,-23.5423585,-47.6491648,5.444,-23.5045367,-47.6168158,0.282,-23.505663,-47.580119,3.478,-23.5043919,-47.6143311,0.1,-23.5045367,-47.6168158,0.282,0.0,0.0,5761.699
5002656,Mount Clemens,42.59726,-82.87798,US,America/Detroit,United States,"Mount Clemens, United States",42.596795,-82.878335,0.059,42.5972563,-82.8779754,0.001,42.598435,-82.882155,0.367,42.5978697,-82.88231314,0.362,42.598435,-82.882155,0.367,42.5972563,-82.8779754,0.001,42.596684,-82.882342,0.364,42.59726,-82.87798,0.0,42.5972563,-82.8779754,0.001,42.5972563,-82.8779754,0.001,42.596689,-82.877488,0.075,42.5972563,-82.8779754,0.001,42.59725631,-82.87797567,0.001,42.5972563,-82.8779754,0.001,42.5972563,-82.8779754,0.001,42.598435,-82.882155,0.367,42.596795,-82.878335,0.059,42.5972563,-82.8779754,0.001,0.0,0.0,9427.203
3395880,Major Isidoro,-9.53222,-36.985,BR,America/Maceio,Brazil,"Major Isidoro, Brazil",-9.5321643,-36.9848328,0.019,-9.5326559,-36.9862043,0.141,-9.531074,-36.985408,0.134,-9.504551557,-37.02935607,5.752,-9.531074,-36.985408,0.134,-9.507732069,-37.04202486,6.822,,,,-9.51685,-36.9649,2.786,-9.532219887,-36.98500061,0.0,-9.5326559,-36.9862043,0.141,-9.531613,-36.985302,0.075,-9.5045503,-37.0293521,5.752,-9.532655815,-36.98620453,0.141,-9.5326559,-36.9862043,0.141,-9.5326559,-36.9862043,0.141,-9.531074,-36.985408,0.134,-9.5321643,-36.9848328,0.019,-9.5326559,-36.9862043,0.141,0.0,0.0,4231.069
3401564,Quiterianopolis,-5.84426,-40.70195,BR,America/Fortaleza,Brazil,"Quiterianopolis, Brazil",-5.8447829,-40.7040127,0.236,-5.8458117,-40.7021812,0.173,-5.845314,-40.701667,0.121,-5.845819578,-40.70218667,0.174,-5.845314,-40.701667,0.121,,,,-5.861003,-40.704666,1.876,-5.88995,-40.72808,5.823,-5.8458117,-40.7021812,0.173,-5.8458117,-40.7021812,0.173,-5.843636,-40.7017,0.074,-5.8458117,-40.7021812,0.173,-5.845811631,-40.7021815,0.173,-5.8908398,-40.7859894,10.637,-5.8458117,-40.7021812,0.173,-5.845314,-40.701667,0.121,-5.8447829,-40.7040127,0.236,-5.8458117,-40.7021812,0.173,0.0,0.0,4568.762
2664203,Vaestervik,57.7584,16.63733,SE,Europe/Stockholm,Sweden,"Vaestervik, Sweden",57.82751222,16.63482594,7.699,,,,57.753092,16.628829,0.778,,,,57.753092,16.628829,0.778,,,,57.7584,16.63733,0.0,57.7584,16.63733,0.0,57.75839996,16.6373291,0.0,57.753092,16.628829,0.778,57.75857,16.638508,0.073,,,,57.75941869,16.63850326,0.133,57.7584,16.63733,0.0,,,,57.753092,16.628829,0.778,57.7583041,16.6371214,0.016,57.7594186,16.6385035,0.133,0.0,0.0,6572.331
2525450,Caltagirone,37.23785,14.51551,IT,Europe/Rome,Italy,"Caltagirone, Italy",37.234288,14.517404,0.43,37.2372009,14.5132023,0.217,37.219992,14.520737,2.035,37.2372061,14.51320238,0.217,37.219992,14.520737,2.035,37.19089967,14.51200595,5.22,37.23785,14.51551,0.0,37.23785,14.51551,0.0,37.2372009,14.5132023,0.217,37.2372009,14.5132023,0.217,37.237946,14.514713,0.072,37.2372009,14.5132023,0.217,37.23720097,14.51320197,0.217,37.2372009,14.5132023,0.217,37.2372009,14.5132023,0.217,37.219992,14.520737,2.035,37.234288,14.517404,0.43,37.2372009,14.5132023,0.217,0.0,0.0,4385.354
2983489,Riom,45.89362,3.11264,FR,Europe/Paris,France,"Riom, France",45.89362,3.11264,0.0,45.893012,3.1140583,0.129,45.891239,3.114747,0.311,45.89301752,3.114055102,0.129,45.891239,3.114747,0.311,45.89435072,3.132600973,1.551,,,,45.89362,3.11264,0.0,45.89361954,3.112639904,0.0,45.893012,3.1140583,0.129,45.894268,3.112598,0.072,45.893012,3.1140583,0.129,45.89301218,3.114058077,0.129,45.893012,3.1140583,0.129,45.893012,3.1140583,0.129,45.891239,3.114747,0.311,45.8921676,3.1131653,0.167,45.893012,3.1140583,0.129,0.0,0.0,5093.43
2263667,Sacavem,38.79202,-9.10801,PT,Europe/Lisbon,Portugal,"Sacavem, Portugal",38.7908033,-9.1065813,0.183,38.7948664,-9.1047215,0.426,38.792245,-9.106429,0.14,38.79496636,-9.099791491,0.785,38.792245,-9.106429,0.14,38.79192252,-9.102462683,0.482,38.79202,-9.10801,0.0,38.79202,-9.10801,0.0,38.79201889,-9.108010292,0.0,38.7949698,-9.0997993,0.785,38.791878,-9.108802,0.071,38.7949698,-9.0997993,0.785,38.79486644,-9.104721621,0.426,38.7949698,-9.0997993,0.785,38.7949698,-9.0997993,0.785,38.792245,-9.106429,0.14,38.7908033,-9.1065813,0.183,38.7959192,-9.0997093,0.841,0.0,0.0,4395.112
3666997,Tocancipa,4.96531,-73.91301,CO,America/Bogota,Colombia,"Tocancipa, Colombia",4.968446815,-73.9276048,1.655,4.9624526,-73.9283693,1.732,4.96531,-73.91301,0.0,4.973718149,-73.92117121,1.298,4.96531,-73.91301,0.0,4.968219302,-73.91216082,0.335,4.96531,-73.91301,0.0,4.96531,-73.91301,0.0,4.9657395,-73.9101947,0.316,4.97371,-73.9211798,1.298,4.965929,-73.9131,0.069,4.97371,-73.9211798,1.298,4.965718225,-73.91366031,0.085,4.97371,-73.9211798,1.298,4.97371,-73.9211798,1.298,4.96531,-73.91301,0.0,4.96535,-73.914,0.11,4.9656294,-73.9362874,2.582,0.0,0.0,8234.68
576317,Birsk,55.42018,55.54212,RU,Asia/Yekaterinburg,Russia,"Birsk, Russia",55.4176068,55.5420805,0.286,55.4206774,55.5407179,0.105,55.41748,55.551201,0.649,55.42090891,55.54291091,0.095,55.41748,55.551201,0.649,55.4206774,55.5407179,0.105,55.42111,55.54278,0.112,,,,55.42110825,55.54278183,0.112,55.4206774,55.5407179,0.105,55.42053,55.54123,0.069,55.4206774,55.5407179,0.105,55.42067757,55.54071765,0.105,55.4206774,55.5407179,0.105,55.4206774,55.5407179,0.105,55.41748,55.551201,0.649,55.4176068,55.5420805,0.286,55.4206774,55.5407179,0.105,0.0,0.0,7916.246
3450563,Salto de Pirapora,-23.64889,-47.57333,BR,America/Sao_Paulo,Brazil,"Salto de Pirapora, Brazil",,,,-23.6492502,-47.5729465,0.056,-23.650936,-47.583874,1.099,-23.64925387,-47.57294779,0.056,-23.650936,-47.583874,1.099,,,,,,,,,,-23.6492502,-47.5729465,0.056,-23.6492502,-47.5729465,0.056,-23.64861,-47.573906,0.066,-23.6492502,-47.5729465,0.056,-23.64924992,-47.57294655,0.056,-23.6601893,-47.5900685,2.117,-23.6492502,-47.5729465,0.056,-23.650936,-47.583874,1.099,-23.6487926,-47.573334,0.011,-23.6492502,-47.5729465,0.056,0.0,0.0,5763.198
1264986,Lawngtlai,22.53254,92.89902,IN,Asia/Kolkata,India,"Lawngtlai, India",22.533153,92.8964564,0.272,22.5280366,92.898086,0.508,22.53254,92.89902,0.0,22.39133367,92.73971152,22.657,22.53254,92.89902,0.0,22.4341299,92.76620959,17.48,22.531589,92.897865,0.159,22.53,92.9,0.299,22.53253937,92.89901733,0.0,22.3913377,92.7397189,22.657,22.531954,92.89902,0.065,22.3913377,92.7397189,22.657,22.52803684,92.89808594,0.508,22.3913377,92.7397189,22.657,22.3913377,92.7397189,22.657,22.53254,92.89902,0.0,22.533153,92.8964564,0.272,22.3913377,92.7397189,22.657,0.0,0.0,10314.506
3202822,Cazin,44.96694,15.94306,BA,Europe/Sarajevo,Bosnia and Herzegovina,"Cazin, Bosnia and Herzegovina",44.966786,15.9425,0.047,44.9665331,15.9422967,0.075,44.96694,15.94306,0.0,44.96653737,15.94229261,0.075,44.96694,15.94306,0.0,44.9665348,15.9422388,0.079,44.96694,15.94306,0.0,44.96694,15.94306,0.0,44.9665331,15.9422967,0.075,44.9665331,15.9422967,0.075,44.96646,15.942582,0.065,44.9665331,15.9422967,0.075,44.96653318,15.94229668,0.075,44.9665331,15.9422967,0.075,44.9665331,15.9422967,0.075,44.96694,15.94306,0.0,44.966786,15.9425,0.047,44.9665331,15.9422967,0.075,0.0,0.0,5223.773
4160610,Jupiter,26.93422,-80.09421,US,America/New_York,United States,"Jupiter, United States",26.9341448,-80.0997362,0.549,26.9342246,-80.0942087,0.001,26.906457,-80.114479,3.676,26.93394444,-80.12011313,2.573,26.906457,-80.114479,3.676,26.91981581,-80.11210682,2.389,26.920879,-80.115025,2.541,26.93422,-80.09421,0.0,26.93421936,-80.09420776,0.0,26.9342246,-80.0942087,0.001,26.934262,-80.093591,0.062,26.9342246,-80.0942087,0.001,26.93422476,-80.09420883,0.001,26.9342246,-80.0942087,0.001,26.9342246,-80.0942087,0.001,26.906457,-80.114479,3.676,26.9341448,-80.0997362,0.549,26.9342246,-80.0942087,0.001,0.0,0.0,9032.491
1710908,Inabanga,10.0307,124.0671,PH,Asia/Manila,Philippines,"Inabanga, Philippines",10.0323375,124.0664606,0.194,10.0308864,124.0656561,0.16,10.01667,124.08333,2.361,10.03088164,124.065652,0.16,10.01667,124.08333,2.361,10.0319052,124.0661494,0.169,10.0307,124.0671,0.0,10.0307,124.0671,0.0,10.0319052,124.0661494,0.169,10.0308864,124.0656561,0.16,10.031054,124.06667,0.061,10.0308864,124.0656561,0.16,10.03088664,124.0656558,0.16,10.0308864,124.0656561,0.16,10.0308864,124.0656561,0.16,10.01667,124.08333,2.361,10.0323375,124.0664606,0.194,10.0308864,124.0656561,0.16,0.0,0.0,13745.027
3052009,Gyor,47.68333,17.63512,HU,Europe/Budapest,Hungary,"Gyor, Hungary",47.684051,17.6351011,0.08,47.6835029,17.6342832,0.066,47.683452,17.643296,0.614,47.68350781,17.63428289,0.066,47.683452,17.643296,0.614,48.566718,20.7405329,251.16,47.68333,17.63512,0.0,47.68333,17.63512,0.0,47.68333054,17.63512039,0.0,47.6835029,17.6342832,0.066,47.683812,17.634755,0.06,47.6835029,17.6342832,0.066,47.68350311,17.63428308,0.066,47.6835029,17.6342832,0.066,47.6835029,17.6342832,0.066,47.683452,17.643296,0.614,47.684051,17.6351011,0.08,47.6835029,17.6342832,0.066,0.0,0.0,5552.595
188025,Malaba,0.63513,34.28165,KE,Africa/Nairobi,Kenya,"Malaba, Kenya",0.6346554,34.272948,0.97,0.6074961,34.2862704,3.099,0.63457,34.2756,0.676,0.632701037,34.26939561,1.39,0.63457,34.2756,0.676,0.6407313,34.2629562,2.171,0.63513,34.28165,0.0,,,,0.635129988,34.28165054,0.0,0.632706,34.269398,1.39,0.635237,34.28113,0.059,0.6332567,34.2727049,1.017,0.449082798,34.83441752,64.879,0.632706,34.269398,1.39,0.632706,34.269398,1.39,0.63457,34.2756,0.676,0.6346554,34.272948,0.97,0.632706,34.269398,1.39,0.0,0.0,3816.782
4369928,South Bel Air,39.53316,-76.33746,US,America/New_York,United States,"South Bel Air, United States",39.53316,-76.33746,0.0,39.533163,-76.3374594,0.0,39.532641,-76.344154,0.578,39.53316648,-76.33745125,0.001,39.532641,-76.344154,0.578,39.50500423,-76.31972504,3.478,39.53316,-76.33746,0.0,39.50506,-76.31977,3.471,39.53316116,-76.33746338,0.0,39.533163,-76.3374594,0.0,39.53369,-76.337555,0.059,39.533163,-76.3374594,0.0,39.53316309,-76.33745961,0.0,39.533163,-76.3374594,0.0,39.533163,-76.3374594,0.0,39.532641,-76.344154,0.578,39.500065,-76.325778,3.809,39.5091255,-76.3296586,2.751,0.0,0.0,8841.711
3104499,Gasteiz / Vitoria,42.84998,-2.67268,ES,Europe/Madrid,Spain,"Gasteiz / Vitoria, Spain",42.84998,-2.67268,0.0,42.8465088,-2.6724025,0.386,42.854747,-2.676179,0.602,42.84650702,-2.672404378,0.386,42.854747,-2.676179,0.602,42.85020535,-2.687753704,1.232,42.84998,-2.67268,0.0,42.84998,-2.67268,0.0,,,,42.8465088,-2.6724025,0.386,42.849634,-2.672127,0.059,42.8465088,-2.6724025,0.386,,,,42.844216,-2.5203582,12.468,42.844216,-2.5203582,12.468,42.854747,-2.676179,0.602,,,,42.8465088,-2.6724025,0.386,0.0,0.0,4753.574
3698304,Chimbote,-9.07508,-78.59373,PE,America/Lima,Peru,"Chimbote, Peru",-9.0886231,-78.5747153,2.572,-9.0744966,-78.593609,0.066,-9.08528,-78.57833,2.034,-9.074491487,-78.59360129,0.067,-9.08528,-78.57833,2.034,,,,-9.058208,-78.576474,2.661,-9.07508,-78.59373,0.0,-9.075079918,-78.59372711,0.0,-9.0744966,-78.593609,0.066,-9.075259,-78.59323,0.058,-9.0744966,-78.593609,0.066,-9.074496337,-78.59360911,0.066,-9.0744966,-78.593609,0.066,-9.0744966,-78.593609,0.066,-9.08528,-78.57833,2.034,-9.0886231,-78.5747153,2.572,-9.0744966,-78.593609,0.066,0.0,0.0,8764.582
3980777,Uriangato,20.14162,-101.17875,MX,America/Mexico_City,Mexico,"Uriangato, Mexico",20.14252624,-101.1796638,0.139,20.1379568,-101.1785848,0.406,20.141948,-101.171381,0.771,20.1177333,-101.1380417,5.011,20.141948,-101.171381,0.771,20.1415888,-101.1775433,0.126,20.139359,-101.174531,0.507,20.11311,-101.16036,3.696,20.10988819,-101.1663236,3.745,20.117735,-101.1380477,5.01,20.141376,-101.17923,0.057,20.117735,-101.1380477,5.01,20.13795691,-101.1785848,0.406,20.117735,-101.1380477,5.01,20.117735,-101.1380477,5.01,20.141948,-101.171381,0.771,20.141012,-101.178051,0.099,20.117735,-101.1380477,5.01,0.0,0.0,11184.587
1259440,Pollachi,10.65825,77.0085,IN,Asia/Kolkata,India,"Pollachi, India",10.6590152,77.0080714,0.097,10.6588234,77.00873,0.068,,,,10.65882175,77.00873126,0.068,10.652848,77.014908,0.921,10.6588234,77.00873,0.068,10.658016,76.996989,1.26,10.65825,77.0085,0.0,10.65824986,77.00849915,0.0,10.6588234,77.00873,0.068,10.658754,77.00839,0.057,10.6588234,77.00873,0.068,10.65882343,77.00872969,0.068,10.6588234,77.00873,0.068,10.6588234,77.00873,0.068,10.652848,77.014908,0.921,10.6590152,77.0080714,0.097,10.6588234,77.00873,0.068,0.0,0.0,8597.16
756867,Tomaszow Mazowiecki,51.53131,20.00855,PL,Europe/Warsaw,Poland,"Tomaszow Mazowiecki, Poland",51.53038339,20.00965982,0.129,51.5316918,20.0084195,0.043,51.535795,20.018896,0.874,51.53169844,20.00841328,0.044,51.535795,20.018896,0.874,52.0517472,20.3692526,63.027,51.529822,20.024645,1.129,51.53131,20.00855,0.0,51.5316918,20.0084195,0.043,51.5316918,20.0084195,0.043,51.53121,20.00778,0.055,51.5194865,20.0337541,2.189,51.53169189,20.00841927,0.043,51.5316918,20.0084195,0.043,51.5194865,20.0337541,2.189,51.535795,20.018896,0.874,51.5380493,20.0085251,0.75,51.5194865,20.0337541,2.189,0.0,0.0,6013.225
3054643,Budapest,47.49835,19.04045,HU,Europe/Budapest,Hungary,"Budapest, Hungary",47.4981441,19.0405528,0.024,47.4978789,19.0402383,0.055,47.516581,19.092281,4.399,47.49787778,19.04023312,0.055,47.516581,19.092281,4.399,47.4979937,19.0403594,0.04,47.49835,19.04045,0.0,47.49835,19.04045,0.0,47.4978789,19.0402383,0.055,47.4978789,19.0402383,0.055,47.497879,19.040238,0.055,47.4978789,19.0402383,0.055,47.49787906,19.04023804,0.055,47.4813896,19.1457723,8.158,47.4978789,19.0402383,0.055,47.516581,19.092281,4.399,47.4981441,19.0405528,0.024,47.4978789,19.0402383,0.055,0.0,0.0,5577.286
2510764,Sueca,39.2026,-0.31114,ES,Europe/Madrid,Spain,"Sueca, Spain",39.2026028,-0.3106005,0.047,39.2025604,-0.3111645,0.005,39.204067,-0.308665,0.269,39.20256642,-0.311165098,0.004,39.204067,-0.308665,0.269,39.24017738,-0.308347876,4.179,39.228385,-0.290402,3.377,39.22927,-0.31024,2.962,39.20259857,-0.311140001,0.0,39.2025604,-0.3111645,0.005,39.202225,-0.310734,0.054,39.2025604,-0.3111645,0.005,39.20256043,-0.311164744,0.005,39.2025604,-0.3111645,0.005,39.2025604,-0.3111645,0.005,39.204067,-0.308665,0.269,39.2026028,-0.3106005,0.047,39.2025604,-0.3111645,0.005,0.0,0.0,4341.112
2974385,Soisy-sous-Montmorency,48.98813,2.30156,FR,Europe/Paris,France,"Soisy-sous-Montmorency, France",48.98727632,2.300153417,0.14,48.9875044,2.3002885,0.116,48.986358,2.29928,0.258,48.98750803,2.300283769,0.116,48.986358,2.29928,0.258,48.98836003,2.300838559,0.059,48.98813,2.30156,0.0,48.98813,2.30156,0.0,48.9875044,2.3002885,0.116,48.9875044,2.3002885,0.116,48.98787,2.300949,0.053,48.9875044,2.3002885,0.116,48.98750445,2.300288267,0.116,48.9875044,2.3002885,0.116,48.9875044,2.3002885,0.116,48.986358,2.29928,0.258,48.9875429,2.2967929,0.355,48.9875044,2.3002885,0.116,0.0,0.0,5432.807
4332628,Marrero,29.89937,-90.10035,US,America/Chicago,United States,"Marrero, United States",29.889449,-90.113961,1.714,29.8993723,-90.1003506,0.0,29.887283,-90.116778,2.077,29.85984849,-90.11051415,4.49,29.887283,-90.116778,2.077,29.8993723,-90.1003506,0.0,29.86705,-90.109239,3.684,29.89937,-90.10035,0.0,29.89937019,-90.10034943,0.0,29.8993723,-90.1003506,0.0,29.898971,-90.10054,0.048,29.8993723,-90.1003506,0.0,29.89937253,-90.10035083,0.0,29.837276,-90.112449,6.982,29.8835055,-90.1184486,2.48,29.887283,-90.116778,2.077,29.818019,-90.127139,9.382,29.8835055,-90.1184486,2.48,0.0,0.0,10024.294
2941279,Burghausen,48.16925,12.83139,DE,Europe/Berlin,Germany,"Burghausen, Germany",48.168825,12.831282,0.048,48.1588645,12.8329419,1.161,48.180834,12.841521,1.492,48.15886789,12.8329421,1.16,48.180834,12.841521,1.492,48.1689863,12.8304816,0.074,48.165121,12.823035,0.773,48.16925,12.83139,0.0,48.16925049,12.83139038,0.0,48.1588645,12.8329419,1.161,48.168827,12.831263,0.048,48.1588645,12.8329419,1.161,48.16494244,12.81540218,1.282,48.1588645,12.8329419,1.161,48.1588645,12.8329419,1.161,48.180834,12.841521,1.492,48.1723649,12.8304598,0.353,48.1588645,12.8329419,1.161,0.0,0.0,5479.237
2796132,Helchteren,51.05591,5.38244,BE,Europe/Brussels,Belgium,"Helchteren, Belgium",51.05591,5.38244,0.0,51.0566984,5.3830618,0.098,51.057075,5.384817,0.211,51.05669837,5.38306882,0.098,51.057075,5.384817,0.211,51.0467933,5.3780416,1.06,51.05591,5.38244,0.0,51.05591,5.38244,0.0,51.0559082,5.38244009,0.0,51.0566984,5.3830618,0.098,51.056286,5.382606,0.043,51.0566984,5.3830618,0.098,51.05669855,5.383061729,0.098,51.0566984,5.3830618,0.098,51.0566984,5.3830618,0.098,51.057075,5.384817,0.211,51.0308546,5.3721344,2.88,51.0566984,5.3830618,0.098,0.0,0.0,5681.132
3731088,Arcahaie,18.77019,-72.51226,HT,America/Port-au-Prince,Haiti,"Arcahaie, Haiti",,,,18.7701904,-72.5118375,0.045,18.845087,-72.47099,9.362,18.77019308,-72.51183119,0.045,18.845087,-72.47099,9.362,18.7701904,-72.5118375,0.045,,,,18.77019,-72.51226,0.0,18.7701904,-72.5118375,0.045,18.7701904,-72.5118375,0.045,18.770554,-72.51239,0.043,18.7701904,-72.5118375,0.045,18.77293176,-72.49504399,1.84,18.7701904,-72.5118375,0.045,18.7701904,-72.5118375,0.045,18.845087,-72.47099,9.362,18.7846896,-72.493517,2.546,18.7701904,-72.5118375,0.045,0.0,0.0,8176.108
1278052,Babrala,28.26419,78.4056,IN,Asia/Kolkata,India,"Babrala, India",28.265686,78.4039307,0.233,28.2651557,78.4054229,0.108,28.264265,78.40509,0.051,28.26515463,78.40542128,0.108,28.264265,78.40509,0.051,28.2651557,78.4054229,0.108,,,,28.26419,78.4056,0.0,28.26419067,78.4056015,0.0,28.2651557,78.4054229,0.108,28.264538,78.40547,0.041,28.2651557,78.4054229,0.108,28.26515587,78.40542264,0.108,28.2651557,78.4054229,0.108,28.2651557,78.4054229,0.108,28.264265,78.40509,0.051,28.265686,78.4039307,0.233,28.2651557,78.4054229,0.108,0.0,0.0,8878.998
1267435,Kattanam,9.17614,76.56325,IN,Asia/Kolkata,India,"Kattanam, India",9.1769392,76.5635744,0.095,9.1768788,76.5633262,0.082,9.175479,76.563035,0.077,9.176871504,76.56332125,0.081,9.175479,76.563035,0.077,9.142442584,76.55331745,3.884,9.175822,76.563104,0.039,9.17614,76.56325,0.0,9.176139832,76.56324768,0.0,9.1768788,76.5633262,0.082,9.176407,76.563446,0.037,9.1768788,76.5633262,0.082,9.176879038,76.56332608,0.082,9.1768788,76.5633262,0.082,9.1768788,76.5633262,0.082,9.175479,76.563035,0.077,9.1769392,76.5635744,0.095,9.1768788,76.5633262,0.082,0.0,0.0,8541.902
2922530,Garmisch-Partenkirchen,47.49209,11.09576,DE,Europe/Berlin,Germany,"Garmisch-Partenkirchen, Germany",47.492447,11.086118,0.728,47.4923741,11.0962815,0.05,47.492674,11.104571,0.667,47.49237778,11.09628182,0.051,47.492674,11.104571,0.667,47.47426846,11.07183157,2.679,47.492159,11.095474,0.023,47.49209,11.09576,0.0,47.4923741,11.0962815,0.05,47.4923741,11.0962815,0.05,47.492097,11.096207,0.034,47.4923741,11.0962815,0.05,47.49237415,11.09628126,0.05,47.4923741,11.0962815,0.05,47.4923741,11.0962815,0.05,47.492674,11.104571,0.667,47.4923668,11.0861132,0.728,47.4923741,11.0962815,0.05,0.0,0.0,5371.029
475881,Venev,54.35074,38.26304,RU,Europe/Moscow,Russia,"Venev, Russia",54.3524299,38.2645463,0.212,54.3504,38.2656,0.171,54.35533,38.26843,0.62,54.35089089,38.26362663,0.042,54.35533,38.26843,0.62,,,,54.35533,38.26843,0.62,54.35074,38.26304,0.0,54.35073853,38.26303864,0.0,54.3504,38.2656,0.171,54.35103,38.2632,0.034,54.3504,38.2656,0.171,54.35040001,38.26559979,0.171,54.3504,38.2656,0.171,54.3504,38.2656,0.171,54.35533,38.26843,0.62,54.3524299,38.2645463,0.212,59.4384419,24.7455063,996.919,0.0,0.0,6966.464
5380184,Oxnard,34.1975,-119.17705,US,America/Los_Angeles,United States,"Oxnard, United States",34.197663,-119.175947,0.103,,,,34.195054,-119.180285,0.403,34.21415656,-119.1751952,1.856,34.195054,-119.180285,0.403,,,,34.195459,-119.183851,0.666,34.1975,-119.17705,0.0,34.1976308,-119.180381,0.307,34.1976308,-119.180381,0.307,34.19768,-119.177323,0.032,34.1976308,-119.180381,0.307,34.19763096,-119.1803812,0.307,34.1976308,-119.180381,0.307,34.1976308,-119.180381,0.307,34.195054,-119.180285,0.403,34.197663,-119.175947,0.103,34.1976308,-119.180381,0.307,0.0,0.0,12662.373
3453524,Piratini,-31.44806,-53.10417,BR,America/Sao_Paulo,Brazil,"Piratini, Brazil",-31.4483835,-53.1045103,0.048,-31.448451,-53.1039931,0.046,-31.446911,-53.103777,0.133,-31.44845515,-53.1039987,0.047,-31.446911,-53.103777,0.133,-31.43969691,-53.10322116,0.932,,,,-31.44806,-53.10417,0.0,-31.448451,-53.1039931,0.046,-31.448451,-53.1039931,0.046,-31.448322,-53.104267,0.03,-31.448451,-53.1039931,0.046,-31.44845086,-53.10399313,0.046,-31.448451,-53.1039931,0.046,-31.448451,-53.1039931,0.046,-31.446911,-53.103777,0.133,-31.4483835,-53.1045103,0.048,-31.448451,-53.1039931,0.046,0.0,0.0,6579.868
2659292,Opfikon,47.43169,8.57588,CH,Europe/Zurich,Switzerland,"Opfikon, Switzerland",47.42897038,8.575902858,0.302,47.4322671,8.5779983,0.172,47.43169,8.57588,0.0,47.43226777,8.577991405,0.172,47.43169,8.57588,0.0,47.4322671,8.5779983,0.172,47.428186,8.567236,0.76,47.43169,8.57588,0.0,47.4322671,8.5779983,0.172,47.4322671,8.5779983,0.172,47.431664,8.576223,0.026,47.4322671,8.5779983,0.172,47.43226715,8.577998132,0.172,47.4322671,8.5779983,0.172,47.4322671,8.5779983,0.172,47.43169,8.57588,0.0,47.4316392,8.5778304,0.147,47.4322671,8.5779983,0.172,0.0,0.0,5320.82
5387687,Rio Linda,38.69101,-121.44857,US,America/Los_Angeles,United States,"Rio Linda, United States",38.6848256,-121.4569169,0.999,38.6910138,-121.448565,0.001,38.687043,-121.441781,0.737,38.68956363,-121.4419892,0.595,38.687043,-121.441781,0.737,38.68732575,-121.4587904,0.979,38.68972,-121.447648,0.164,38.69101,-121.44857,0.0,38.69100952,-121.4485703,0.0,38.6873975,-121.4593803,1.022,38.691088,-121.448792,0.021,38.6873975,-121.4593803,1.022,38.69101389,-121.4485651,0.001,38.6873975,-121.4593803,1.022,38.6873975,-121.4593803,1.022,38.687043,-121.441781,0.737,38.690347,-121.455769,0.631,38.6873975,-121.4593803,1.022,0.0,0.0,12689.485
4305504,Radcliff,37.84035,-85.94913,US,America/New_York,United States,"Radcliff, United States",37.840315,-85.949348,0.02,37.8403456,-85.9491298,0.0,37.817614,-85.932292,2.927,37.72356162,-85.97691414,13.192,37.817614,-85.932292,2.927,37.82025858,-85.93613806,2.506,37.824104,-85.940321,1.963,37.84035,-85.94913,0.0,37.8403511,-85.9491272,0.0,37.8403456,-85.9491298,0.0,37.840352,-85.949348,0.019,37.8403456,-85.9491298,0.0,37.82024949,-85.93613558,2.507,37.8403456,-85.9491298,0.0,37.8403456,-85.9491298,0.0,37.817614,-85.932292,2.927,37.840315,-85.949348,0.02,37.8403456,-85.9491298,0.0,0.0,0.0,9655.986
617076,Edinet,48.17319,27.30075,MD,Europe/Chisinau,Moldova,"Edinet, Moldova",48.13352077,27.27687929,4.755,48.1684275,27.2984813,0.556,48.133684,27.27767,4.717,48.16842789,27.29848447,0.556,48.133684,27.27767,4.717,48.41883292,27.49582338,30.912,48.17215,27.30337,0.227,48.16667,27.25,3.844,48.17214966,27.30336952,0.227,48.1684275,27.2984813,0.556,48.173115,27.300537,0.018,48.1684275,27.2984813,0.556,48.16324491,27.29071041,1.334,48.1684275,27.2984813,0.556,48.1684275,27.2984813,0.556,48.133684,27.27767,4.717,48.1707568,27.3022108,0.292,48.1453442,27.2723304,3.749,0.0,0.0,5951.566
5814095,Tumwater,47.00732,-122.90931,US,America/Los_Angeles,United States,"Tumwater, United States",46.985404,-122.911681,2.443,47.0080655,-122.910368,0.116,46.988326,-122.910976,2.115,46.96167677,-123.0220152,9.963,46.988326,-122.910976,2.115,47.0080655,-122.910368,0.116,46.995329,-122.910152,1.335,47.00732,-122.90931,0.0,47.0073204,-122.9093094,0.0,47.0080655,-122.910368,0.116,47.007247,-122.909509,0.017,47.0080655,-122.910368,0.116,47.00806567,-122.9103683,0.116,47.0080655,-122.910368,0.116,47.0080655,-122.910368,0.116,46.988326,-122.910976,2.115,46.985404,-122.911681,2.443,47.0080655,-122.910368,0.116,0.0,0.0,12433.4
4958141,Biddeford,43.49258,-70.45338,US,America/New_York,United States,"Biddeford, United States",43.482944,-70.471358,1.806,43.4925843,-70.4533844,0.001,43.418204,-70.349902,11.765,43.49357171,-70.48831112,2.828,43.418204,-70.349902,11.765,43.4925843,-70.4533844,0.001,43.480631,-70.453703,1.328,43.49258,-70.45338,0.0,43.49258041,-70.45337677,0.0,43.4925843,-70.4533844,0.001,43.492542,-70.45324,0.012,43.4925843,-70.4533844,0.001,43.49258433,-70.4533847,0.001,43.4925843,-70.4533844,0.001,43.4925843,-70.4533844,0.001,43.418204,-70.349902,11.765,43.482944,-70.471358,1.806,43.4925843,-70.4533844,0.001,0.0,0.0,8444.123
2068823,Kalgoorlie,-30.74614,121.4742,AU,Australia/Perth,Australia,"Kalgoorlie, Australia",-30.75280878,121.4699221,0.845,-30.7464139,121.473223,0.098,-30.752372,121.469366,0.832,-30.74641504,121.473222,0.098,-30.752372,121.469366,0.832,,,,-30.753254,121.47115,0.841,-30.74614,121.4742,0.0,-30.74613953,121.4741974,0.0,-30.7464139,121.473223,0.098,-30.74604,121.474205,0.011,-30.7464139,121.473223,0.098,-30.74641365,121.473223,0.098,-30.7464139,121.473223,0.098,-30.7464139,121.473223,0.098,-30.752372,121.469366,0.832,-30.7479886,121.4760055,0.268,-30.7464139,121.473223,0.098,0.0,0.0,12983.85
2239069,Negage,-7.75938,15.2722,AO,Africa/Luanda,Angola,"Negage, Angola",-7.848347288,15.36376677,14.1,-7.7661309,15.2685532,0.848,-7.782955,15.367623,10.844,-7.766131272,15.2685525,0.848,-7.782955,15.367623,10.844,-7.7634901,15.2683054,0.625,-7.984844,15.340463,26.047,-7.75938,15.2722,0.0,-7.759379864,15.27219963,0.0,-7.7661309,15.2685532,0.848,-7.759433,15.272223,0.006,-7.7661309,15.2685532,0.848,-7.766130655,15.26855294,0.848,-7.7661309,15.2685532,0.848,-7.7661309,15.2685532,0.848,-7.782955,15.367623,10.844,-7.7622,15.2602294,1.357,-7.7661309,15.2685532,0.848,0.0,0.0,1899.709
1272277,Dugda,23.74516,86.17175,IN,Asia/Kolkata,India,"Dugda, India",23.7484,86.154404,1.804,23.74941,86.1570463,1.571,23.745922,86.170168,0.182,23.74941389,86.15704141,1.572,23.745922,86.170168,0.182,23.758664,86.1616074,1.818,23.74516,86.17175,0.0,23.74516,86.17175,0.0,23.74515915,86.17175293,0.0,23.7451553,86.1717474,0.001,23.745155,86.171745,0.001,23.7451553,86.1717474,0.001,23.74941003,86.15704626,1.571,23.74941,86.1570463,1.571,23.7451553,86.1717474,0.001,23.745922,86.170168,0.182,23.7484,86.154404,1.804,23.74941,86.1570463,1.571,0.0,0.0,9625.79
4177779,Westchase,28.05502,-82.60982,US,America/New_York,United States,"Westchase, United States",28.0589478,-82.6222651,1.299,28.0612977,-82.6129164,0.759,28.061902,-82.606819,0.818,28.0612946,-82.61291135,0.759,28.061902,-82.606819,0.818,28.05967924,-82.61103633,0.53,,,,28.05502,-82.60982,0.0,28.05501938,-82.6098175,0.0,28.0612977,-82.6129164,0.759,28.055017,-82.60982,0.0,28.0612977,-82.6129164,0.759,28.05547716,-82.62361374,1.357,28.0612977,-82.6129164,0.759,28.0612977,-82.6129164,0.759,28.061902,-82.606819,0.818,28.0589478,-82.6222651,1.299,28.0554771,-82.6236135,1.357,0.0,0.0,9288.917
2817220,Villingen-Schwenningen,48.06226,8.49358,DE,Europe/Berlin,Germany,"Villingen-Schwenningen, Germany",48.058255,8.459648999,2.568,48.063152,8.4929618,0.109,48.064962,8.45318,3.026,48.06315787,8.492961391,0.11,48.064962,8.45318,3.026,48.0632739,8.494588,0.135,48.060397,8.47469,1.423,48.06226,8.49358,0.0,48.06225967,8.493579865,0.0,48.063152,8.4929618,0.109,,,,48.063152,8.4929618,0.109,48.06315208,8.492961712,0.109,48.063152,8.4929618,0.109,48.063152,8.4929618,0.109,48.064962,8.45318,3.026,48.0554063,8.460145,2.606,48.063152,8.4929618,0.109,0.0,0.0,5388.29
